CustomerID,CreditScore,Geography,Gender,Age,Tenure,Balance,NumOfProducts,HasCrCard,IsActiveMember,EstimatedSalary,Exited
1,674,France,Female,56,4,92147.64232767865,1,1,1,75738.47543112493,0
2,643,France,Female,37,7,0.0,1,1,1,57083.67387878006,0
3,682,France,Male,40,6,154006.5766429912,1,1,0,35621.51648785146,0
4,726,France,Female,29,10,0.0,2,1,1,16551.515727761223,0
5,638,France,Male,32,1,205719.93450484463,1,1,1,197662.14618559126,0
6,638,Germany,Male,34,7,113388.51244690416,2,1,1,135469.54477155,1
7,728,Germany,Male,29,1,170455.00613490635,2,1,0,157669.00826546887,0
8,688,Spain,Female,37,9,83981.91748115813,2,0,1,22350.436866988526,0
9,626,France,Female,35,0,60268.57000608162,2,1,1,12819.108565907645,0
10,677,France,Female,58,10,103131.76742771771,1,1,0,124054.85059069443,0
11,626,France,Female,28,10,0.0,2,0,1,147527.9639543685,0
12,626,Spain,Female,41,10,167667.21741072444,2,1,0,85024.59058281935,0
13,662,Germany,Female,42,2,0.0,2,1,1,83673.47064994625,0
14,554,Germany,Female,29,2,247133.37246978615,1,1,1,83051.10905223594,0
15,563,France,Female,46,5,0.0,1,1,0,39023.61111259398,1
16,621,Germany,Male,36,2,233564.71062326027,2,1,0,153243.56712813975,1
17,599,France,Female,18,6,38303.96677484189,2,1,0,50886.61914467384,1
18,665,Germany,Male,46,7,24729.503155234925,2,1,0,71637.99423549531,0
19,604,Spain,Male,28,2,84638.72848286889,2,1,0,137539.35013746086,0
20,579,Spain,Male,29,8,42781.345210341744,2,1,1,10019.895051647276,0
21,723,Germany,Male,46,0,136208.44677478424,1,1,1,155588.8653323961,0
22,638,France,Female,36,2,134555.50084558688,2,1,0,180828.00217068402,0
23,653,Spain,Female,49,2,148011.31994654803,2,0,1,19807.301300020907,0
24,578,Germany,Male,52,6,188854.69139945746,2,1,0,122408.52322745409,1
25,622,France,Male,33,10,243119.1280509568,2,1,0,87607.20426472467,0
26,655,France,Male,47,10,0.0,1,1,1,24908.044364759728,0
27,592,France,Female,32,4,38408.13749813958,1,1,0,139623.88759085588,0
28,668,France,Male,62,3,91243.28530495774,2,1,0,126340.53830679391,1
29,619,France,Male,33,1,71397.52601153005,1,0,0,132105.46217111943,0
30,635,Germany,Female,50,6,52436.165867150274,2,1,1,164564.1193570384,0
31,619,France,Male,48,2,0.0,2,1,1,64514.60536586737,0
32,742,France,Female,43,6,0.0,1,1,0,138642.93357253255,0
33,649,Germany,Female,33,9,0.0,2,1,0,151230.36197082268,0
34,597,Spain,Male,38,6,180855.34007360452,1,0,1,42074.8432739884,1
35,691,Germany,Male,18,10,185899.43180068125,2,1,0,191842.7062618639,0
36,588,France,Male,42,1,15035.198760143994,1,1,0,74596.39849074524,0
37,660,Spain,Female,43,6,104981.84889335597,2,1,0,145604.5630315188,1
38,552,Spain,Female,41,5,223633.75388838907,2,1,1,153263.82399431767,0
39,583,France,Female,18,9,134876.46597852118,1,1,1,105765.87466821137,0
40,659,France,Male,27,3,93430.67234535863,2,1,1,34456.2881648615,0
41,686,Germany,Male,32,10,70882.27638283123,2,1,1,62375.95715933957,0
42,658,Spain,Male,42,4,68405.08478038776,2,0,1,54506.920942457975,0
43,644,Spain,Male,42,7,33944.32812419352,3,0,0,108542.04268434175,0
44,634,Spain,Male,38,4,0.0,1,0,1,59641.08548943133,0
45,576,Germany,Male,46,2,0.0,2,1,0,113886.3906219816,1
46,614,Germany,Female,29,1,80150.74380683579,1,1,1,64759.283333536274,1
47,626,France,Female,46,5,20962.17725592477,3,0,0,10186.035398611011,0
48,702,France,Female,44,5,0.0,1,1,0,79018.77941869618,0
49,667,France,Male,43,6,19428.08373442971,1,1,1,125301.662105939,0
50,561,Germany,Female,38,7,83992.26492837002,1,1,0,157002.38754208945,0
51,666,Germany,Female,58,3,147591.36882079937,1,1,0,15389.247586195233,1
52,630,Germany,Female,44,7,108294.72647042651,2,0,0,59079.47012855261,0
53,616,France,Male,30,0,77745.05613978411,1,0,1,197237.80280905686,0
54,680,Germany,Male,42,5,0.0,2,1,0,59744.92382080449,0
55,701,France,Female,47,5,0.0,1,1,0,157667.5547423026,0
56,696,France,Male,34,2,0.0,2,1,1,106780.98749743342,0
57,608,Spain,Male,50,8,93529.85690771042,2,0,0,33213.05697051719,0
58,634,Germany,Male,43,4,19394.923266163965,1,1,1,132246.02450906014,0
59,666,Spain,Male,18,0,18775.78669818602,1,1,0,193604.76192833032,1
60,698,France,Female,42,6,192211.21965057234,1,0,1,178497.5162223097,0
61,626,France,Male,35,9,142568.75718619046,1,0,1,141155.62968935425,0
62,640,France,Female,45,2,198062.2377801593,1,1,0,107308.17071930418,0
63,594,France,Female,49,9,0.0,1,0,1,70673.27105441414,0
64,590,Spain,Male,41,9,227801.52382369517,1,0,1,77823.65904762349,0
65,690,Germany,Male,56,10,222597.82985118966,2,0,1,75779.28076854668,0
66,717,Spain,Male,38,3,199198.57494908257,1,1,0,185195.57634605787,0
67,646,France,Female,46,5,124045.39841011449,2,1,0,50149.36721540305,0
68,700,Spain,Female,48,7,83950.33782492459,3,0,1,81825.66991995329,0
69,668,France,Female,39,3,131686.42898671358,1,1,0,92073.01476851715,1
70,617,Spain,Female,47,8,0.0,1,1,1,87691.18912130148,0
71,668,France,Female,34,7,156466.13173344103,1,1,1,10797.667089698722,0
72,726,France,Female,35,9,54663.41626789698,1,1,1,61484.97961396225,0
73,648,Germany,Female,26,9,0.0,2,1,1,104728.02498556754,0
74,728,Spain,Male,42,5,0.0,1,1,1,154493.72987729995,0
75,519,France,Female,43,6,158849.1596658062,1,1,0,118200.05722231157,0
76,691,France,Female,51,7,67505.15750069096,1,1,1,83123.78087107741,0
77,654,Spain,Female,47,1,114254.77453056519,2,0,1,136376.76661075337,0
78,635,France,Female,37,4,60448.29146860487,2,1,0,136519.70949623288,0
79,654,France,Male,28,6,220073.2376216324,3,1,1,57105.68972227311,0
80,550,France,Female,44,7,127110.65080996903,2,1,1,29717.08796280375,0
81,639,France,Female,51,4,63995.53973771491,1,1,1,162604.86658582377,0
82,667,Spain,Male,47,2,19890.086977971107,1,0,0,110658.65207340156,0
83,723,Spain,Male,50,5,172177.27951685005,1,0,1,43539.70476996606,1
84,624,Germany,Female,37,4,61514.73135754137,2,1,1,59793.50249797299,0
85,609,Spain,Female,35,7,0.0,2,1,0,155620.65359096706,0
86,624,France,Female,32,8,138088.0896196412,1,1,0,134121.75307534056,1
87,695,France,Female,39,8,79354.4790995277,1,1,0,189581.6471668606,0
88,666,France,Female,39,5,167842.58411023128,1,1,1,98340.00882113722,0
89,623,France,Female,42,3,0.0,2,1,1,19915.45967575268,0
90,675,France,Male,38,3,0.0,2,0,0,143080.34481030013,0
91,654,Spain,Male,38,8,0.0,1,1,1,58433.04344406401,0
92,698,Spain,Female,32,3,247179.45577501823,1,1,0,71532.36515694016,0
93,614,France,Female,49,7,155234.74850687047,1,1,1,47363.16821568592,1
94,633,Germany,Female,40,8,212658.6757462392,2,1,1,68697.72591459914,0
95,630,Germany,Male,38,4,27475.71269882133,3,1,1,167601.29036656205,1
96,576,Spain,Female,32,5,0.0,1,1,1,119575.52795206508,0
97,664,Spain,Male,26,2,0.0,1,0,0,30739.21122175077,0
98,663,Germany,Male,53,4,0.0,1,0,0,121454.69794439731,1
99,650,Spain,Female,45,4,56618.34914410186,2,1,1,130377.03755522147,0
100,638,Germany,Male,23,1,95488.70332233037,2,1,1,178116.50134564517,1
101,579,Germany,Female,47,9,73226.41779700981,2,0,0,173332.6342835484,0
102,628,France,Male,49,5,157208.84074284232,3,1,0,21946.272085559664,1
103,632,France,Female,41,8,0.0,1,1,0,174672.63804551534,1
104,609,Germany,Female,55,10,0.0,2,1,0,19668.09946178051,0
105,641,France,Male,42,6,59770.715304722005,1,0,0,39283.17700040209,0
106,670,France,Male,25,7,108166.5090195156,1,1,0,31194.500394425777,0
107,744,Germany,Male,43,1,0.0,2,1,1,44522.47571823075,0
108,658,France,Female,42,10,0.0,2,1,0,162619.7789047811,0
109,662,Germany,Male,33,8,47080.43475887281,2,1,1,140362.67548415353,0
110,646,Germany,Male,45,2,229193.13159010632,2,0,0,140522.8630923814,0
111,554,Spain,Female,23,9,0.0,2,1,0,185204.24754900424,0
112,648,France,Female,49,4,100687.8379748133,1,1,0,84451.69616359407,1
113,653,France,Male,31,6,0.0,2,1,1,10624.614191320568,0
114,773,Germany,Male,30,3,162581.5202482046,2,1,1,131556.0058931053,0
115,640,Spain,Male,38,6,0.0,2,0,1,174934.1334208733,0
116,665,Spain,Female,44,7,0.0,2,0,1,195489.43430659853,0
117,648,France,Female,41,9,23369.65496642179,2,1,1,79139.61876003437,0
118,591,France,Male,32,9,0.0,2,0,1,166208.915804188,0
119,707,Spain,Female,34,3,245278.99189033144,1,0,0,171353.2657243455,0
120,687,France,Male,28,4,113450.4196508404,2,1,0,37443.18980657609,0
121,689,Germany,Male,37,10,157278.59377823852,2,0,0,129984.72549857642,0
122,604,France,Female,50,2,118071.67029849922,1,1,1,42896.618836765156,0
123,720,France,Male,39,4,87251.11621266895,2,1,0,94859.85544920182,0
124,579,France,Male,48,7,0.0,1,1,1,177060.71464907943,0
125,679,France,Female,54,2,119456.25529535173,1,1,0,159998.7513099207,1
126,759,Germany,Male,34,4,206412.29352626836,2,1,0,118364.49683603187,1
127,600,Spain,Male,38,9,0.0,2,0,0,163654.74122519515,0
128,621,France,Female,61,0,149705.84396325337,1,0,0,39037.22668036308,0
129,654,Spain,Male,54,1,221385.30609440533,2,0,0,47034.6798414595,0
130,624,France,Male,23,2,0.0,2,1,0,49684.31039581817,1
131,572,Germany,Female,43,0,53981.407525374925,2,1,0,157442.57552532063,1
132,653,France,Female,40,10,195346.39016846634,2,1,1,179283.4458625547,0
133,596,Spain,Female,48,10,0.0,2,1,0,116938.9008836701,1
134,673,Spain,Male,32,8,0.0,2,1,0,192014.6086997783,1
135,604,Germany,Female,31,8,100717.4201366164,2,1,0,148325.7477290375,0
136,727,Spain,Male,33,4,104200.48294485231,1,1,1,117099.92842964349,0
137,610,Germany,Female,34,3,0.0,1,1,1,126202.20010201854,0
138,633,Spain,Male,48,4,158426.43326408244,1,1,1,171411.4891168193,0
139,690,Germany,Male,28,3,107430.74952150145,2,0,1,27134.334409969884,0
140,588,Spain,Female,33,4,0.0,1,1,1,41923.32252969312,0
141,661,Germany,Male,22,6,238951.6559980658,1,1,0,60596.046917265514,1
142,715,France,Male,50,10,37171.52238637489,2,0,0,180007.4126381574,1
143,569,Germany,Female,52,7,59851.72521392594,2,1,1,189539.5445129245,0
144,659,France,Male,36,1,241006.88958077328,2,0,1,77672.40420904577,0
145,662,Germany,Male,37,3,239757.96364652898,1,0,1,185532.8729421362,0
146,689,France,Male,44,7,0.0,1,1,1,113901.08218375829,0
147,588,Germany,Female,54,6,44826.11611007157,1,1,0,99922.01139396428,1
148,583,France,Female,44,8,111060.43224126876,1,1,0,168225.28880662398,0
149,676,France,Female,33,4,21932.390197112585,1,1,0,113755.85300831145,0
150,664,France,Female,23,5,167176.84774843362,1,1,0,96351.63678489733,0
151,662,Spain,Female,28,10,28599.045198818127,1,1,0,13033.065811363585,0
152,667,France,Female,40,7,0.0,2,0,0,12450.555856742561,0
153,615,France,Female,33,10,126444.86469012381,1,1,1,129242.36602364766,0
154,661,Germany,Female,41,4,239868.79266642436,1,1,0,23949.216860914064,1
155,664,Germany,Male,34,8,112431.0246551583,2,1,0,150019.60865989001,1
156,614,France,Male,29,3,95555.47807853227,2,1,0,128244.87802548034,0
157,743,France,Male,28,7,249509.61172054862,2,1,0,96968.61121530933,1
158,673,France,Male,55,2,137672.55058700402,1,1,0,144862.69219122047,0
159,590,Spain,Female,48,4,0.0,3,1,0,198683.55544919524,1
160,682,France,Male,57,7,0.0,2,1,1,56807.78699017887,0
161,601,France,Male,45,9,56790.27904804252,2,1,0,115840.5830279795,0
162,689,France,Male,35,6,0.0,1,0,0,170142.62217936592,0
163,707,France,Male,53,0,115325.2067603214,1,1,0,13206.231862554323,0
164,608,Spain,Male,39,3,0.0,2,1,0,48666.58245347733,1
165,698,France,Female,42,1,0.0,2,1,0,108982.14467037904,0
166,670,France,Female,39,1,0.0,2,1,0,114926.74473717507,0
167,691,France,Male,18,6,132083.99864505502,2,1,0,26403.320169947972,1
168,744,France,Male,56,2,23999.985348352402,4,1,1,87411.6098766184,0
169,637,France,Male,44,2,46898.56686014943,2,0,1,108759.1040173744,1
170,612,Spain,Male,43,5,0.0,3,1,0,90365.3827739655,0
171,605,Spain,Female,39,5,140285.28424752137,1,1,1,143113.2886027207,0
172,609,Spain,Male,41,0,0.0,1,1,0,156559.13884242982,0
173,646,Spain,Female,34,0,176341.0621046975,2,0,0,97449.70765878764,0
174,667,Germany,Male,46,10,24832.688818968338,2,1,0,90875.34828924152,0
175,663,France,Female,26,5,187329.8144911295,1,0,1,144019.09744936333,0
176,691,Spain,Female,41,6,0.0,2,1,0,115507.44818855329,0
177,650,Spain,Female,45,8,166258.95417982063,2,0,1,175383.49485665408,0
178,722,Spain,Male,38,3,0.0,1,1,1,101417.76876878786,0
179,636,Germany,Male,43,9,31111.787443133857,2,1,1,119122.22037771094,0
180,786,France,Female,30,5,184427.33256526422,2,1,0,34472.988596734576,0
181,681,Spain,Male,30,2,42805.19673373191,2,1,0,168839.47595053777,1
182,607,Germany,Male,42,10,91481.41774524252,2,1,0,90235.50501992251,1
183,596,Spain,Female,46,3,236258.8608401519,1,0,1,146622.02562997112,0
184,674,France,Male,21,8,130690.11463819363,2,0,1,91601.72232541487,0
185,638,France,Female,45,0,242182.3436999233,2,1,1,10192.323650015865,0
186,685,France,Male,34,4,31341.390132817014,1,0,1,86077.9475506164,0
187,673,Spain,Male,38,10,124613.58389516322,1,0,1,38025.41706492753,0
188,646,France,Female,26,6,0.0,2,1,0,85736.86506731671,1
189,607,France,Female,31,2,161250.46297582836,2,1,1,71055.34864325538,0
190,574,Spain,Female,49,1,28889.68032844393,1,0,1,48484.00194836425,0
191,627,France,Female,40,10,0.0,1,1,0,33516.69846159208,0
192,692,Spain,Male,36,1,72119.2744166273,1,1,0,148426.63222738713,0
193,660,France,Male,38,0,189698.52439947598,1,0,1,153423.45743693705,1
194,587,Spain,Male,44,4,49350.90851633794,2,1,0,60349.52599125992,0
195,658,Germany,Female,44,2,213191.69279033627,2,0,1,104086.14269619557,0
196,669,Spain,Male,39,10,41656.94531939221,1,0,0,98173.48001744392,1
197,605,Spain,Male,50,6,18458.667776837523,2,0,0,77497.03850083034,0
198,657,France,Male,49,0,104810.90055272028,2,0,1,62751.06454138343,0
199,652,France,Female,44,8,0.0,1,1,1,45346.03110952181,0
200,592,France,Female,40,1,0.0,2,0,0,175849.5978130421,1
201,667,Germany,Male,46,7,34412.42656951097,2,1,1,168329.37265489544,0
202,678,Spain,Male,43,9,0.0,1,1,1,89264.08794497614,0
203,704,France,Female,50,3,84918.80655845568,1,1,1,147028.2387402346,0
204,702,Germany,Female,48,5,182147.58813417205,2,1,1,104683.09565585155,1
205,581,France,Female,29,8,58002.54146640721,1,1,1,26222.820405618382,0
206,603,Spain,Female,29,6,120417.2786075591,1,0,0,166254.1966041797,0
207,675,Spain,Male,32,7,73669.57065974029,3,1,1,51661.59336267872,0
208,675,France,Female,49,6,118366.77157098085,2,1,0,144295.32703834723,1
209,675,France,Male,24,1,0.0,2,1,0,110205.61333388151,1
210,842,France,Female,43,8,0.0,1,1,1,141202.594264755,0
211,678,Germany,Male,43,0,133785.34904169367,2,1,0,99528.58058755289,1
212,706,Germany,Male,51,1,232809.24249305224,2,0,1,143486.61821062746,0
213,697,France,Female,41,2,0.0,2,1,0,16234.385059566383,0
214,682,France,Male,26,2,67674.72426861594,1,0,1,17762.05842917329,0
215,634,France,Male,30,9,157313.5362821041,1,1,1,180304.59339094686,0
216,687,Germany,Male,28,3,159111.28821202938,2,1,1,152441.86303459585,1
217,611,Germany,Female,34,4,21169.60949559376,2,1,1,167408.8287777514,0
218,638,France,Female,38,5,155866.65097285542,2,0,0,96751.22351504969,0
219,625,Spain,Female,28,0,99864.67776376345,1,1,0,97332.90375774671,0
220,654,Germany,Male,54,7,189386.20607693418,2,1,1,111460.76675470387,1
221,765,France,Male,26,5,203945.3594908655,2,1,1,56295.78888437159,0
222,556,France,Male,53,9,142516.9166912888,2,0,0,149365.47471282663,1
223,684,Spain,Male,51,8,10409.20756054362,1,1,1,167596.3366461065,0
224,569,Spain,Female,48,4,0.0,2,1,0,182372.57760452526,0
225,626,France,Male,33,6,189731.50711982424,2,1,1,108236.43119134473,0
226,704,France,Male,43,10,69755.98389556342,2,1,1,88769.53608819495,0
227,653,France,Male,27,3,0.0,2,1,1,167877.3164255428,0
228,596,Germany,Female,49,5,0.0,1,0,0,153006.49821223118,1
229,614,France,Male,39,5,0.0,2,1,0,174781.9117447466,0
230,683,France,Female,35,3,0.0,1,1,0,134588.90091595764,0
231,613,Germany,Female,27,5,60605.149714722436,2,0,0,177829.52765984467,0
232,660,Germany,Male,18,7,0.0,1,0,0,26917.91654861104,1
233,652,France,Male,29,10,0.0,1,1,1,139116.69976024423,0
234,617,France,Male,51,4,156085.63100808513,2,0,0,26871.06681257215,0
235,757,Germany,Male,35,1,82797.54885703839,1,1,0,152292.45222576777,1
236,681,France,Female,38,8,0.0,2,0,1,129404.33532525858,0
237,548,France,Female,46,10,0.0,1,0,1,13038.484100499541,0
238,659,Spain,Female,58,3,153262.03257511702,2,1,0,123859.58735395447,1
239,616,France,Female,53,3,48262.28965319248,2,1,1,37793.16362614803,0
240,692,Germany,Female,30,10,162296.0318427986,1,0,1,37058.16975802326,0
241,610,Spain,Female,20,6,0.0,3,0,1,38587.97221475738,0
242,644,France,Female,63,9,0.0,1,1,1,101926.48442690006,0
243,675,France,Female,62,9,0.0,1,1,1,31948.84826605626,0
244,693,Germany,Female,41,5,0.0,1,1,0,33874.59220601828,0
245,589,Spain,Female,27,3,93937.50180255604,2,0,1,58671.91736543653,0
246,633,Spain,Male,49,5,241734.21239647796,1,1,1,10163.062527274446,0
247,626,Germany,Male,38,2,33089.37799902269,1,1,0,62400.05572189958,0
248,617,France,Male,38,6,185788.0278081535,2,1,0,127497.47569238623,0
249,738,Germany,Female,48,5,37439.19871908048,1,0,0,124298.40651311945,0
250,670,France,Male,43,2,75657.1776532658,1,0,1,194211.39315128277,0
251,586,France,Female,28,0,147001.80047730985,1,1,0,32729.715006157705,0
252,695,France,Female,36,9,0.0,1,0,1,174458.55297846004,0
253,756,France,Male,46,4,196050.7161362011,1,0,1,84326.05438035181,0
254,701,Spain,Female,45,9,157674.73773458542,1,1,0,83536.89471271267,1
255,574,France,Male,42,1,152467.52905133457,1,1,1,76274.06788862529,0
256,625,France,Female,49,6,228964.7408773932,1,1,0,33699.94097416211,1
257,713,France,Female,36,6,118518.58053019772,1,1,0,100915.95704880002,0
258,614,Spain,Male,41,3,64063.78688681321,2,1,0,159601.81417593264,1
259,672,Germany,Male,18,5,48829.26040567126,2,1,0,176332.15735806263,1
260,688,France,Male,35,0,105998.70323427995,1,1,0,192943.25904419893,0
261,603,France,Male,47,1,0.0,2,1,1,159205.57228308596,0
262,647,France,Male,36,5,20210.436383176217,2,1,1,128387.4240744061,0
263,487,Spain,Male,35,1,40972.81276225747,3,0,1,104531.41814413945,0
264,598,Germany,Female,29,10,35467.23042487346,1,1,1,176230.47780426522,1
265,637,Germany,Female,50,3,150460.0367323501,2,0,0,150507.58530305047,1
266,587,Germany,Female,45,3,68287.51612750391,1,1,0,40639.05343458769,0
267,731,France,Female,48,9,49902.26279233516,2,1,1,139684.59363127925,0
268,578,Spain,Male,22,8,152264.97273832536,1,1,1,91897.33360670226,0
269,627,Germany,Female,38,9,0.0,1,1,0,123201.9387101448,0
270,656,France,Female,37,6,89717.17994863944,1,1,1,180687.08592531152,0
271,722,France,Male,37,6,0.0,2,0,1,133988.40425944177,0
272,578,Germany,Female,33,10,33549.85916787045,2,1,1,188357.61418349322,0
273,708,Spain,Male,36,0,0.0,1,1,1,174610.23830017442,0
274,650,France,Male,48,10,90855.08447554547,1,0,0,34491.23772105508,0
275,600,Spain,Male,20,4,249401.3663616403,2,0,1,12213.863618001244,0
276,673,Spain,Female,57,2,244861.0614039477,2,1,0,83038.16764328745,0
277,659,France,Male,44,2,196917.62784059477,2,1,1,174412.69778815476,0
278,619,France,Female,39,5,14816.102897672012,2,0,0,53723.93861493206,0
279,653,France,Female,49,3,0.0,1,0,0,141365.98516090424,0
280,630,Germany,Female,25,7,30840.74090560276,1,1,0,100439.12015237202,0
281,655,France,Male,33,3,0.0,1,0,0,151754.7744815227,0
282,683,France,Male,38,7,199512.7006353767,1,1,0,41345.60700581187,0
283,729,Germany,Male,53,3,243361.69038296392,2,1,1,55427.29740684376,0
284,588,Germany,Female,39,2,156011.9087559509,1,0,0,56079.64920436668,0
285,756,France,Female,44,4,135321.47307624112,1,1,0,114208.50456656002,0
286,552,France,Male,34,4,134553.72542665302,1,1,1,65028.646982955106,0
287,642,France,Female,44,9,102747.60986904278,1,1,1,164227.2508385908,0
288,679,Germany,Male,56,9,122485.61613499383,2,1,0,75890.9016297922,0
289,664,Spain,Male,49,0,0.0,1,1,1,135561.71827017362,0
290,618,France,Female,39,7,233907.4258135065,1,1,0,190215.358358393,0
291,639,Spain,Female,46,7,0.0,2,1,1,125315.50635935595,0
292,625,Germany,Male,45,7,0.0,1,1,1,56009.16922063013,0
293,620,Germany,Female,45,9,217067.17871260014,1,0,0,167786.7678957407,0
294,692,Germany,Male,51,3,0.0,2,1,0,12383.078932398446,1
295,667,France,Male,51,8,0.0,1,1,1,58742.06067189802,0
296,615,France,Female,38,9,163497.72959969944,2,0,0,83623.19282407896,0
297,694,Germany,Male,46,2,117010.56205956226,2,1,1,47235.98365989524,0
298,665,Germany,Female,36,6,0.0,1,1,0,124763.43758241208,0
299,690,Germany,Male,30,5,0.0,1,0,0,116020.11721864782,0
300,681,France,Female,37,8,0.0,2,0,0,87234.34800336622,0
301,608,Spain,Female,39,3,21642.84880630893,1,0,1,65932.09486433506,0
302,621,Germany,Male,23,3,177200.0588562224,4,1,0,92442.37623878419,1
303,687,France,Female,48,5,211885.28921709931,1,1,0,65328.42877541972,0
304,680,France,Female,18,7,0.0,2,1,1,52039.11657288693,0
305,648,Spain,Male,67,2,146739.5754791896,2,1,0,76741.32513877582,0
306,655,Spain,Female,55,10,179813.06007490182,2,1,0,124443.76057065008,0
307,713,France,Male,37,7,113042.25695191736,1,1,0,133194.26277662197,1
308,620,Spain,Female,40,7,31926.81695413042,1,1,1,66495.96060208892,0
309,677,France,Male,43,6,240969.22103281162,1,1,1,190005.62690262037,0
310,639,France,Male,34,6,0.0,2,0,1,59772.25368434474,0
311,639,Spain,Male,41,4,169693.4169203242,1,0,0,145305.10093387638,0
312,704,Spain,Male,38,1,0.0,2,0,1,25481.210810619996,0
313,691,Germany,Female,39,1,0.0,1,0,1,136320.46375869226,1
314,690,Spain,Male,41,9,238659.18423820924,1,1,0,97390.26224518819,1
315,715,France,Female,26,7,200208.9342674376,1,1,0,118130.49048224512,0
316,651,Spain,Male,40,10,45783.49467265478,2,1,1,44973.80530763443,0
317,684,France,Female,41,5,0.0,2,0,0,92377.15403012991,0
318,634,France,Male,41,7,186856.3293212099,1,1,1,155592.79274585916,0
319,666,France,Female,37,2,0.0,2,1,0,155746.1182323007,0
320,643,France,Female,51,0,156728.81357429756,1,1,1,55135.632634003254,0
321,654,France,Male,36,5,0.0,2,0,0,76993.86227147552,0
322,679,France,Male,42,1,144498.76240374663,2,1,0,10724.575524499283,0
323,609,France,Male,52,8,0.0,1,0,1,27092.81312425344,0
324,754,France,Female,39,4,0.0,1,1,1,34078.76700326343,0
325,599,Germany,Female,42,4,142646.9653030685,1,1,1,65793.75192022101,1
326,589,France,Female,39,9,219865.30843857853,1,1,0,154212.94248106872,0
327,707,France,Female,52,7,184013.80006535054,2,1,0,106947.52510963751,0
328,689,Germany,Male,37,5,69892.57413162882,3,0,1,160595.54594492738,0
329,681,Spain,Male,52,2,223222.27412508565,2,0,0,153432.08444343822,0
330,681,Spain,Male,38,8,0.0,2,1,1,121556.25980645834,0
331,649,France,Male,31,9,155531.0748577681,1,1,1,104973.4382272549,0
332,605,Germany,Female,46,3,50555.5286133228,1,0,1,186950.9636943632,0
333,653,France,Female,36,9,0.0,2,1,1,118161.34229673886,0
334,616,France,Male,46,3,0.0,2,0,0,101736.55707698481,0
335,698,France,Female,18,1,0.0,2,0,1,175132.95381256886,0
336,642,Spain,Male,40,2,235780.58863480148,2,0,0,23573.355802938102,1
337,608,France,Female,35,3,0.0,1,1,1,134645.00070840179,0
338,633,France,Female,29,6,0.0,1,1,0,31475.177530350476,0
339,670,France,Female,34,2,127334.3542872982,2,1,0,165766.10929835986,0
340,621,Spain,Female,34,7,49340.12870646038,1,0,1,160606.57515943138,0
341,608,Germany,Female,39,7,170512.14376801628,2,0,1,105684.00650811684,0
342,662,France,Female,26,9,174188.86496941093,1,1,1,135598.38851633863,0
343,662,Germany,Male,43,10,0.0,1,0,1,156798.12134779128,0
344,624,Germany,Female,53,1,16598.399590616813,1,0,1,101827.73530310969,0
345,626,Germany,Male,42,3,0.0,2,1,0,182132.00361997218,1
346,661,France,Male,48,7,105946.61144173282,2,1,0,93035.70175913956,0
347,577,Spain,Male,50,0,50215.09865436845,1,1,1,179484.277882812,1
348,579,France,Male,52,0,56567.187577505,1,0,1,120721.36928119797,0
349,614,Germany,Male,58,3,103933.75945174469,2,1,1,90986.22014851272,0
350,639,France,Male,35,10,0.0,1,1,1,10778.531519394477,0
351,665,France,Female,32,1,193418.4436978356,1,1,1,66155.62490573025,0
352,723,France,Female,47,0,86739.61629437539,1,0,0,174905.0835449151,1
353,692,Germany,Female,47,7,238384.97654045158,1,1,1,91455.42992210209,1
354,642,France,Male,47,1,0.0,2,1,0,90079.02016306706,1
355,649,Spain,Male,58,3,119307.91471363364,1,0,0,102988.02940274982,0
356,599,France,Male,40,2,0.0,1,1,0,64397.7659892898,0
357,649,Germany,Female,44,1,108578.67228049405,1,1,1,103394.74125391932,0
358,635,Spain,Female,30,7,65918.09261102552,1,1,1,81394.99212361459,0
359,666,Germany,Female,61,2,0.0,4,0,1,182794.0807821775,0
360,608,Germany,Male,36,8,136695.1321704142,1,0,0,117153.68652734529,1
361,675,Germany,Male,36,9,136726.56417525304,2,1,0,168488.68413706069,0
362,726,France,Male,36,4,192816.8565310043,1,1,0,140506.07815950472,0
363,644,Spain,Female,33,8,0.0,2,1,0,50394.5669706586,1
364,670,France,Male,32,2,182031.5270329486,2,1,0,174856.465843169,0
365,684,Germany,Male,34,4,148742.0413044843,1,1,0,26581.451503819528,1
366,629,Germany,Male,26,9,240842.89708644027,2,1,0,95241.19350884896,1
367,661,France,Male,32,5,0.0,1,0,0,55439.53085108849,0
368,650,France,Female,59,8,0.0,1,1,0,112135.53030011887,0
369,654,France,Female,47,7,206954.21135158947,1,1,1,67009.42009451136,0
370,611,Spain,Male,49,1,163039.42830146966,1,0,1,147336.9892526785,0
371,651,Spain,Male,51,1,0.0,1,0,1,188014.55321922278,0
372,674,Germany,Female,58,4,30315.984305538565,1,0,1,144727.095860895,0
373,722,Germany,Female,22,4,0.0,1,1,0,77508.96968740305,1
374,697,Spain,Male,27,4,35664.655238978536,2,1,1,124013.29271501122,0
375,757,France,Female,31,3,145175.9940984417,1,1,1,178819.957441643,0
376,611,France,Female,35,7,0.0,1,1,0,61305.39405951206,0
377,693,Germany,Male,36,10,0.0,1,1,1,32458.905110271437,0
378,659,Spain,Female,35,4,0.0,1,1,0,34845.15783608847,0
379,759,Spain,Female,42,0,0.0,1,1,0,104022.07196523607,0
380,609,France,Female,40,9,0.0,1,0,1,149105.88961467016,0
381,608,France,Female,32,4,247055.09327354588,2,1,1,134878.97099641722,0
382,620,France,Male,18,0,0.0,1,1,1,96239.00509208954,0
383,543,France,Female,30,3,48532.946234121875,2,0,0,148566.627634459,0
384,623,France,Female,34,0,55602.23075950055,1,0,0,130454.29166679323,0
385,612,Spain,Male,37,5,181866.64854142026,1,1,0,129363.84356416104,0
386,657,France,Female,28,5,22095.470618411622,1,0,1,48451.515485898926,0
387,667,Spain,Male,35,0,0.0,3,1,1,69390.85227499355,0
388,743,France,Male,28,7,45572.58635284399,2,1,1,75440.62180494994,0
389,697,Germany,Female,38,3,0.0,1,0,0,163556.24407394012,1
390,621,France,Female,29,1,189980.1812972127,1,1,0,157270.99328341862,1
391,605,France,Female,31,0,0.0,1,1,0,58007.82390883183,0
392,674,France,Female,26,10,49228.26615542247,1,0,0,20478.932118896166,0
393,583,Spain,Female,38,2,70462.08888559419,2,1,0,155878.92374922655,0
394,741,Spain,Male,31,6,98209.50127652378,2,1,1,87874.5739709205,0
395,708,France,Female,49,9,0.0,1,0,0,51762.602108153995,0
396,626,France,Male,44,10,0.0,1,0,1,32233.205408508133,0
397,564,Spain,Female,39,9,155808.10990673205,2,1,0,12434.78361181518,0
398,717,France,Male,32,7,0.0,2,1,0,91268.63061463837,0
399,644,France,Female,43,4,0.0,2,1,1,74555.12473349684,0
400,711,Germany,Female,46,6,109360.16389233398,1,0,1,142329.32863438374,0
401,570,Spain,Female,41,1,90116.69645262428,2,1,1,195566.43211560755,0
402,620,France,Female,56,3,143857.53767946686,1,0,1,49288.69772706925,0
403,650,France,Female,44,5,93029.79761442683,1,1,1,56176.866671048105,0
404,652,Spain,Male,49,4,109938.22707467344,2,1,0,74087.48960423534,0
405,627,France,Female,41,5,0.0,2,1,0,98528.15062782801,0
406,681,France,Female,46,1,48906.245303248346,1,0,1,142562.75211470173,0
407,596,Germany,Female,32,6,158587.526872821,2,1,1,76885.98914933526,0
408,642,Spain,Male,35,7,131342.65640580293,2,0,1,29798.103164448024,0
409,656,France,Female,43,10,0.0,1,0,0,148764.91107707072,0
410,675,Spain,Male,43,8,184608.31755769858,2,1,0,160981.9188233921,1
411,685,Germany,Female,45,5,142285.20628987552,2,1,0,57053.24456170369,1
412,593,France,Male,51,6,0.0,2,1,0,35983.68631103824,0
413,573,Spain,Female,25,0,170240.635545088,1,1,1,110282.19977849256,0
414,713,France,Female,30,8,0.0,1,1,0,49579.717165555834,0
415,666,France,Male,42,5,243440.5096080583,2,1,0,81091.05233623943,0
416,612,Germany,Female,32,3,0.0,1,1,0,157698.6318244816,0
417,727,France,Male,73,9,219865.5964960919,1,1,0,51725.33820507187,0
418,655,France,Female,45,8,10261.969845509666,2,1,0,163189.2596125551,0
419,708,France,Female,39,0,137256.5662542139,2,1,0,138063.79768509898,0
420,653,France,Male,34,1,61515.411704847545,1,1,1,51747.914110201156,0
421,753,Spain,Female,35,2,0.0,1,1,1,110016.87419875583,0
422,737,Germany,Male,40,0,137673.0440954541,2,0,0,126673.44487619076,0
423,637,Spain,Male,41,1,189238.36147578259,1,0,0,48052.44718459225,1
424,698,France,Female,35,1,0.0,1,1,1,37540.37380437821,0
425,682,France,Female,37,6,170825.78784266437,1,1,0,110921.90754099029,0
426,718,France,Female,53,9,127532.62092182798,2,1,1,141829.82156577558,0
427,601,France,Male,53,5,114900.60783026223,1,0,0,98363.07961359416,0
428,684,France,Male,42,8,79661.59370460655,2,1,0,23307.457221064862,0
429,702,Spain,Female,26,4,101822.44348024108,2,0,0,185790.41427239162,0
430,562,Spain,Male,45,8,0.0,1,1,0,142043.434712357,0
431,590,Spain,Male,55,9,165084.92416357156,1,0,0,128027.29429951003,0
432,548,France,Male,53,8,37844.44270699349,1,1,1,132289.13226682867,0
433,636,Spain,Male,47,1,0.0,1,1,0,85735.06417253318,0
434,685,France,Female,54,8,168403.11861003048,1,1,1,197036.09486815936,0
435,725,France,Female,40,2,141111.5367709314,2,1,1,35209.05022651727,0
436,653,Spain,Female,46,10,113248.02321823782,1,1,1,150436.86172181307,0
437,731,Germany,Male,33,2,0.0,2,1,1,89966.43245074878,0
438,580,France,Male,42,10,108646.50684863476,2,1,0,177408.249045544,0
439,564,France,Male,53,8,199535.62319680277,1,1,1,146279.64210123906,0
440,647,France,Male,34,6,223509.09658942168,1,1,1,116827.92243834153,0
441,669,Germany,Female,31,10,0.0,2,1,0,188161.79053375425,0
442,648,France,Male,40,7,24378.922211411398,2,0,0,183364.23857855,0
443,546,Spain,Male,37,6,170898.34638426846,3,1,0,19943.459230926674,0
444,645,France,Female,46,8,67836.5414911107,1,1,1,46591.72888048463,0
445,584,France,Female,35,7,85660.29832633722,2,1,0,138448.85113186995,0
446,683,France,Female,57,3,57009.56991039629,1,1,0,185149.49103615605,0
447,668,Germany,Male,27,1,196181.38974884912,1,0,1,91762.70048167711,0
448,603,France,Male,52,10,0.0,1,1,0,17277.996618477526,1
449,624,Germany,Male,32,4,156840.4131038034,1,1,1,132226.47939620708,1
450,597,Spain,Male,22,1,170313.42632062625,2,1,0,46990.52947581728,0
451,646,Spain,Male,42,3,0.0,1,1,0,114941.12933016993,0
452,697,Spain,Male,37,1,116714.65943808679,2,0,0,83089.81913866512,1
453,600,Spain,Female,28,4,161980.8931717574,2,1,1,116025.13742938591,0
454,675,Germany,Male,23,5,162782.5666283921,2,1,1,187162.90069804597,0
455,623,Spain,Female,39,10,200044.44706123133,1,0,0,102302.11218416467,1
456,610,France,Female,49,0,78904.95200514654,2,1,0,16560.476516703406,1
457,644,France,Female,45,7,0.0,1,1,1,120374.41739309432,0
458,598,France,Male,40,1,0.0,2,1,1,71891.65073331041,0
459,622,France,Male,44,4,0.0,2,0,0,157845.62803520297,0
460,590,France,Female,39,10,0.0,1,1,1,99286.40935598833,0
461,748,Spain,Male,25,7,0.0,1,0,1,150860.44018801203,0
462,651,France,Male,25,4,53032.54353799467,2,1,0,182675.9891161796,0
463,615,France,Female,37,2,172001.2212597657,2,1,0,78832.05834176569,0
464,660,Germany,Male,38,5,148368.40018435812,1,1,0,197981.80335425268,1
465,644,France,Male,48,0,51455.4498274587,1,1,1,38464.44452855918,0
466,638,France,Male,47,0,25841.520594800302,1,1,0,132347.01955970583,0
467,680,France,Male,46,7,0.0,2,1,1,16605.84459493652,0
468,687,France,Female,37,6,47788.32007510364,1,1,1,50480.766511715825,0
469,623,France,Female,26,9,54761.60386858624,2,1,1,130417.93237674928,0
470,621,Spain,Male,44,9,244824.21375736943,2,1,0,18776.43051660837,1
471,636,Germany,Male,45,10,0.0,2,1,1,29339.54620478815,0
472,534,France,Male,18,10,0.0,2,1,0,65292.01303389065,0
473,574,France,Female,31,2,151827.7504363843,1,1,0,119371.05583662767,1
474,718,France,Male,33,7,138186.84121660318,1,1,1,13036.685524318333,0
475,732,Spain,Male,41,10,0.0,1,1,1,101647.3089397843,0
476,637,France,Female,31,7,185036.97947982984,1,1,0,128891.3122615699,0
477,678,France,Male,39,0,0.0,1,1,0,86479.32987814261,0
478,665,Spain,Female,37,9,60761.58111456699,2,0,0,22851.56342099245,0
479,803,France,Male,38,6,0.0,2,1,1,126066.18068732003,0
480,705,France,Female,32,1,0.0,1,1,1,125108.7254137488,0
481,643,France,Male,33,1,0.0,1,1,0,106148.04745655558,1
482,602,Spain,Male,29,1,181246.48784910335,1,1,1,141697.6403631526,0
483,569,Spain,Female,43,4,0.0,2,1,1,49482.32929912402,0
484,660,Germany,Female,45,6,149143.6021361222,2,1,0,138922.74104660598,0
485,612,France,Female,32,3,211697.22362668722,1,1,1,40676.40053354799,0
486,578,Germany,Female,55,10,0.0,2,0,0,84611.78989660952,0
487,617,Spain,Female,36,3,20761.70484157907,1,1,1,22837.66279293364,0
488,595,Spain,Male,55,8,0.0,1,1,0,165634.1930952393,0
489,734,France,Female,33,9,233124.7485913962,1,1,1,112264.34999283876,0
490,694,Spain,Female,19,8,0.0,2,1,0,194499.34844910077,0
491,649,France,Female,44,6,0.0,1,1,0,189042.05420464542,0
492,723,France,Female,42,9,65206.91917097441,1,1,0,199726.61588405183,1
493,653,Germany,Male,40,3,0.0,1,1,1,29240.572353625546,0
494,606,France,Male,33,7,176721.30603497277,1,1,0,125250.27192196579,0
495,726,Spain,Male,39,9,65446.28220263031,2,1,1,87439.29021049051,0
496,676,France,Male,34,2,215959.0425237658,1,1,0,111206.27160668856,1
497,598,Germany,Male,36,2,121927.38851982671,2,1,1,68665.79954063045,0
498,640,Spain,Female,48,6,137352.5397693895,1,1,0,19133.079231101678,0
499,606,Spain,Male,41,10,190944.770623928,1,1,0,144472.551225329,1
500,580,France,Male,46,8,197063.34587280237,1,1,0,193505.24402830235,1
501,696,France,Female,37,10,164236.19993933637,1,0,0,111152.54695603695,1
502,745,Germany,Female,36,3,235223.63569905833,1,1,1,72620.1905877601,0
503,580,France,Male,28,3,245751.62471690064,1,1,1,188272.86725907488,0
504,678,Spain,Male,36,0,237252.50664990806,2,1,0,79286.64060022264,1
505,617,Spain,Female,18,0,0.0,2,0,1,183760.54662067274,0
506,625,France,Male,34,2,179350.05285862036,2,1,0,172581.26241676343,0
507,620,France,Female,39,6,169198.2058916002,1,0,0,110455.09109226089,0
508,606,France,Female,45,8,34900.04246092813,1,1,1,138605.80666700687,0
509,652,Spain,Male,37,3,0.0,1,1,0,143060.314286966,0
510,608,France,Male,43,1,11365.173647050487,2,0,1,131807.42395517894,0
511,663,France,Male,18,5,42978.36885615805,3,0,1,40542.491444672145,0
512,647,France,Female,39,5,0.0,2,1,0,141627.4802242959,0
513,638,Germany,Female,23,8,45168.7721893776,1,1,1,10611.435981219918,1
514,604,France,Male,27,3,226399.2195224219,1,1,1,144906.99549205997,0
515,621,France,Male,38,7,0.0,1,1,0,115418.86557878814,0
516,687,Spain,Male,52,2,27186.858901484375,1,1,0,59354.480207139306,1
517,675,Spain,Female,43,1,69739.29171214385,1,1,0,162715.22550133118,0
518,601,Spain,Female,40,8,206577.25230676212,1,1,1,87002.99838653897,0
519,654,France,Female,39,5,202731.07037436965,1,1,1,102297.66507706516,0
520,687,France,Male,32,10,236908.13202826932,1,0,1,15258.165424755585,0
521,566,Germany,Female,34,7,0.0,1,1,1,86250.74029563996,0
522,677,France,Female,44,10,244304.81517786926,2,0,1,41798.93057180036,0
523,616,Spain,Male,26,9,0.0,1,1,0,62467.22924860129,0
524,678,Germany,Female,45,8,70078.82651248774,1,1,1,57906.504750480475,0
525,611,France,Male,36,0,0.0,2,0,0,18743.95080947781,0
526,559,Spain,Female,48,0,81825.49425856739,2,1,0,97493.9635970474,0
527,568,Spain,Male,49,10,0.0,1,1,1,109292.55849467887,0
528,652,France,Male,23,4,138149.13529550185,2,0,1,118501.89944945018,0
529,662,Germany,Female,34,8,200542.54605638894,1,1,1,97821.75639354742,0
530,604,France,Male,31,6,76211.17113208251,1,1,0,175210.109863244,0
531,681,France,Female,21,6,0.0,1,0,1,17159.151570642112,0
532,566,France,Male,29,1,145365.7104645237,1,0,1,126623.63510071946,0
533,646,Germany,Male,64,2,0.0,2,0,1,174565.01913165377,0
534,589,Spain,Male,46,3,73983.41843930015,1,1,1,17797.64577334849,1
535,617,Germany,Female,59,1,234805.1774283747,1,0,0,104298.32989060548,1
536,652,France,Male,48,9,203166.1397117718,2,0,1,121915.16664756066,0
537,606,Germany,Male,32,8,0.0,1,1,1,46272.092419568806,0
538,630,France,Female,36,4,198848.86460443004,2,0,0,57975.02067806087,0
539,700,Spain,Male,45,6,155302.01101121368,1,1,0,159262.7341332369,1
540,621,France,Male,44,10,68579.2025109966,1,0,0,117805.57852480885,0
541,691,France,Male,34,8,0.0,1,0,1,69997.95247599197,0
542,593,France,Male,24,4,217921.9446040937,2,1,0,155303.49223268137,1
543,676,Spain,Female,72,5,0.0,2,0,0,151875.9590988067,0
544,722,France,Male,38,3,0.0,1,0,0,75626.33920859393,0
545,526,Spain,Male,36,7,0.0,1,1,0,102843.04978536208,0
546,610,France,Female,41,0,117411.15553941371,2,0,0,136258.59737214344,1
547,678,France,Male,37,0,0.0,2,1,0,75217.35139758303,0
548,639,France,Male,41,4,137645.70624571946,2,0,1,129511.78809022364,0
549,668,Spain,Female,52,9,0.0,1,1,0,57704.00883903686,1
550,619,Spain,Female,38,8,33098.58979781717,2,0,1,65483.957222769204,0
551,654,France,Female,28,1,122069.99165089859,1,1,1,69027.80224114434,0
552,642,France,Female,38,10,0.0,2,1,1,187850.40637894763,0
553,708,France,Male,35,2,21257.538491476123,1,1,0,168397.70700045343,0
554,662,Germany,Female,54,7,106502.25985863924,2,1,1,117381.53536194193,0
555,666,France,Male,51,4,71838.86076080447,1,1,0,117135.71978819244,0
556,629,Spain,Female,41,2,17356.14176973578,2,1,0,20667.83919047705,1
557,625,Spain,Male,27,5,40159.01190676139,2,1,0,133406.5320213972,1
558,628,France,Female,27,5,43368.19811641061,2,1,0,72342.77289236723,0
559,669,France,Female,40,4,53889.81954831308,2,1,0,126336.87880471513,0
560,628,Spain,Male,43,4,202810.6171451011,2,1,0,169644.41207653488,0
561,664,Spain,Female,36,5,115478.0479547534,2,1,0,18644.678113397116,0
562,753,France,Female,35,1,45300.63814489285,1,0,1,125342.06564807688,0
563,693,France,Female,34,5,0.0,1,1,1,117198.11676768496,0
564,633,France,Male,39,1,0.0,2,1,0,49285.645493592376,0
565,710,France,Female,18,2,201523.72448906855,2,0,0,132822.260303289,0
566,629,France,Female,28,1,97470.36350551444,1,1,1,115418.69444960529,0
567,548,France,Male,33,0,0.0,2,1,1,155790.82356424045,0
568,599,Germany,Male,52,0,0.0,1,1,0,31017.527948376395,1
569,556,France,Female,31,8,143274.7737488938,1,0,1,94285.39720376392,0
570,632,France,Male,41,3,17100.204073123325,2,0,1,199607.25741595283,0
571,650,France,Male,42,4,0.0,2,0,1,140963.36115884938,0
572,733,Spain,Male,52,9,104824.18072354943,2,0,0,140016.6623009328,1
573,666,Spain,Female,52,6,12334.210031486651,2,1,0,70395.50906694517,0
574,639,France,Female,39,1,171733.4557471314,1,1,1,27838.739802024767,0
575,691,France,Male,35,10,180973.03253503557,1,1,0,190403.93129484393,0
576,539,Spain,Female,33,9,0.0,2,0,0,30039.566564032822,0
577,661,France,Male,37,8,92063.25222362134,2,0,0,198614.19901482298,0
578,688,France,Female,35,3,0.0,1,1,0,33898.38476016777,0
579,576,France,Male,45,9,0.0,2,1,0,42472.39621992629,0
580,707,France,Female,44,9,178149.21523832667,2,1,1,68589.7214595061,0
581,666,France,Male,45,0,0.0,2,1,1,107351.28676301226,0
582,629,Spain,Female,52,7,29631.78731858794,2,1,1,160176.3139010455,0
583,681,Germany,Female,58,3,164342.45397255936,1,0,0,194491.57736761938,1
584,763,France,Male,41,6,0.0,1,1,0,78176.72738191218,1
585,659,Spain,Female,50,2,0.0,2,0,1,13878.487712780261,0
586,662,France,Female,36,10,220188.58743032906,2,1,1,127169.10936920263,0
587,627,France,Female,51,8,0.0,1,1,1,145050.07363726624,0
588,607,Germany,Female,50,4,52039.96573593708,2,1,0,85514.40095177664,0
589,691,Germany,Female,50,4,227023.91403660845,2,0,1,44860.44930552044,1
590,607,France,Female,40,2,115809.3691588186,1,1,1,68142.96300022709,0
591,653,France,Female,33,10,183699.9166322304,2,0,0,134601.94477078348,0
592,626,Germany,Female,26,8,205383.28167213663,1,0,0,103894.74525591398,0
593,673,Germany,Male,39,2,0.0,1,1,1,151250.56544392827,0
594,666,Germany,Female,55,1,105784.46544899578,2,1,1,51452.346459429704,0
595,701,France,Male,36,10,0.0,1,1,0,169977.26747770605,0
596,624,France,Female,47,8,0.0,1,1,1,39618.13445737763,0
597,636,France,Male,48,8,71672.81865259467,2,0,0,72683.93149336438,0
598,601,France,Female,37,9,96788.8753632249,2,0,1,122329.44967249203,0
599,627,Spain,Male,53,3,0.0,1,0,0,150004.0064139692,0
600,668,France,Male,18,3,0.0,1,1,0,60574.47952876429,0
601,687,France,Female,27,10,62816.25154116685,1,1,1,190142.7497415498,0
602,603,Spain,Male,30,9,217328.83543149888,2,1,1,144161.14380741576,0
603,693,France,Female,31,5,71968.71027245664,1,1,1,51358.25603419332,0
604,717,France,Female,43,8,242953.89921997313,1,1,0,147895.45176942836,0
605,670,Spain,Male,42,7,153377.89407557974,1,1,1,142303.40199639933,0
606,743,Spain,Female,43,9,11700.752187371774,1,0,0,153009.97364419623,1
607,611,Germany,Male,45,2,18191.176977082694,1,1,0,184017.3376980228,0
608,587,France,Male,30,5,45396.287393130035,1,1,0,145226.26522204786,0
609,561,Germany,Female,27,6,0.0,3,1,0,76862.95564798036,0
610,724,Spain,Female,43,5,194228.5894783832,3,0,1,160198.3207718739,1
611,682,France,Female,33,2,0.0,1,0,0,142213.7339824356,0
612,647,France,Female,24,8,242593.98881196635,2,1,1,119109.24531312978,0
613,663,Spain,Female,49,3,162666.89372870518,2,0,1,77228.2497327429,0
614,593,France,Male,53,1,0.0,1,1,0,184999.34351757308,0
615,772,Spain,Male,55,8,62275.9646284498,1,0,1,107423.40112296451,0
616,656,France,Female,41,2,0.0,1,1,0,129339.64163707464,1
617,655,France,Female,46,5,170275.49747678352,2,1,1,88918.98672518216,0
618,686,France,Female,53,4,217457.34984204732,2,1,1,158354.90867480935,0
619,674,Spain,Male,33,1,239555.46333549448,2,1,1,74797.50621355008,0
620,661,France,Male,51,0,40153.834506303145,2,1,1,164020.5343867007,0
621,610,Germany,Male,42,8,33180.93526454696,2,1,0,30508.87144760034,0
622,673,Germany,Female,49,2,202817.87838151256,2,1,0,144702.75988367185,1
623,744,Germany,Female,41,6,217870.25418260088,2,0,1,100607.60835390397,0
624,717,Spain,Male,52,8,150102.74101071656,1,0,0,142763.17695516252,1
625,729,Germany,Female,42,8,97840.13146012495,1,0,1,110965.17217886691,0
626,624,France,Female,25,9,0.0,2,0,1,35518.202263684376,0
627,600,Spain,Male,54,5,83359.37742218976,2,1,0,100628.3930845808,0
628,643,Germany,Male,30,7,67212.56611683236,1,1,0,193266.20442629082,0
629,652,France,Female,52,8,127154.85028654372,2,1,0,153419.7142349898,0
630,704,France,Male,39,2,61876.91862553113,3,0,1,67035.96358407495,0
631,565,Spain,Female,51,5,126088.86599564149,2,1,0,189381.68810230063,1
632,726,France,Male,51,4,0.0,1,1,1,157999.79266593044,0
633,642,Germany,Male,44,6,211548.1685481737,2,1,1,79244.95300485015,1
634,628,France,Female,45,6,235991.42068000537,1,1,0,124679.05349747516,0
635,599,France,Female,44,8,203518.95396336605,1,1,1,91070.26476691401,0
636,567,Germany,Male,19,0,95140.2246271064,2,1,1,28371.174839473093,1
637,691,France,Female,41,5,204890.85725237418,2,1,0,163145.58720874655,1
638,653,France,Male,28,4,231499.77845277137,1,1,1,46304.84377422911,0
639,585,Germany,Female,41,3,0.0,2,1,0,97027.27627021856,1
640,585,France,Male,28,9,173967.4841643993,1,0,0,143501.24296882984,1
641,633,Germany,Male,28,10,60727.99451562716,2,1,1,187120.60087710462,0
642,733,Spain,Male,56,0,19534.996807525804,2,1,0,21917.957184941908,0
643,637,Spain,Female,50,3,45328.054758437385,1,0,0,84714.37578896714,0
644,574,France,Male,39,9,241731.2602945469,1,0,1,126783.0677284075,0
645,637,France,Male,41,10,120903.23780626466,2,1,1,158068.7680358696,0
646,636,Germany,Male,37,6,215196.6435596938,1,1,0,184976.92345909524,0
647,515,Spain,Male,45,3,121610.59685398986,1,1,0,10094.489860093392,1
648,647,Spain,Female,33,0,168596.22003036147,1,0,0,129275.04271276772,0
649,638,Spain,Female,49,9,15793.786509360074,1,1,1,11318.015786986021,0
650,684,France,Male,37,0,69967.58625264803,2,1,1,159578.5046327514,0
651,742,France,Male,35,0,114704.62721022141,1,1,1,38436.653432730556,0
652,706,France,Female,40,10,161351.45131699916,2,1,1,179977.9214754599,0
653,636,France,Male,34,9,51165.08513276284,1,1,0,39473.60479174736,0
654,594,France,Female,43,4,193492.3514249176,2,0,0,155222.5065633902,0
655,778,Spain,Male,34,6,97457.12947269696,2,0,0,64967.74628465081,0
656,652,France,Female,44,8,206184.46461613226,1,0,0,115878.23754774827,1
657,650,France,Male,52,7,33512.58169481615,3,1,1,125602.50466988013,1
658,648,France,Female,32,1,173141.58104376926,1,1,1,49284.52324295598,0
659,659,Spain,Female,38,8,0.0,2,1,0,66752.4078699504,0
660,642,Germany,Female,44,3,200891.96178942831,3,1,1,30426.478663066384,1
661,621,Germany,Male,35,9,0.0,2,1,0,11004.9110216456,1
662,622,Spain,Female,44,10,169683.91174325594,2,0,0,55498.927318051996,1
663,648,France,Female,45,4,0.0,1,0,0,108040.44760941705,1
664,622,Germany,Male,50,10,14950.391683303445,1,1,1,145583.47929074647,0
665,614,France,Male,33,4,0.0,1,1,0,160776.32876746703,0
666,655,France,Male,30,3,194867.0205224112,4,1,1,23255.532539961998,0
667,637,Spain,Male,36,5,0.0,3,0,0,61758.448444289366,0
668,725,Spain,Female,30,0,80315.13292106384,1,1,1,156342.55596091624,0
669,517,France,Male,45,1,128655.20866582298,1,1,0,101365.08623440271,0
670,704,France,Male,28,3,20064.559743728496,1,1,1,44615.527592044826,0
671,712,Germany,Male,63,3,56186.94528669779,1,1,1,84520.66150033333,1
672,546,France,Male,52,7,111879.1298865202,1,1,0,61306.49627099163,0
673,632,France,Male,40,8,210170.65989315574,2,1,0,19624.165998301964,0
674,631,France,Male,48,3,0.0,2,1,0,155089.157663633,0
675,579,France,Male,23,5,150727.0010862349,2,1,1,65421.795574830154,0
676,611,Spain,Female,65,3,0.0,2,0,1,189574.95230728132,0
677,594,France,Female,34,3,84116.53926132286,2,1,1,178743.75768474353,0
678,737,France,Female,38,10,178167.83706449342,2,1,1,146092.7212444045,0
679,696,Germany,Female,21,8,216800.1420827808,1,0,0,72060.53357299868,1
680,713,Spain,Female,44,3,0.0,1,1,0,63185.47500939953,0
681,686,France,Male,28,5,95554.7596354798,1,1,0,100301.58123009626,0
682,593,France,Male,41,8,245154.44173344522,2,0,0,77374.47506225176,0
683,623,France,Male,34,2,0.0,3,1,1,181220.08156483737,0
684,674,Germany,Male,29,6,0.0,2,0,1,33464.07646343457,0
685,588,Germany,Female,31,6,25947.00133423075,2,1,1,147648.83936685807,0
686,685,Spain,Female,42,0,75021.18671441269,1,1,0,126070.39092191297,0
687,637,Spain,Male,27,10,105455.66975288495,2,1,0,163197.22635390988,0
688,631,Spain,Male,32,1,115841.34422347929,2,1,1,113072.59208253925,0
689,685,Germany,Female,46,4,158513.51375930168,2,1,0,129612.7287469406,0
690,672,France,Female,66,7,225880.66243157114,2,1,0,192920.72007363036,0
691,631,France,Female,44,5,89283.52285771898,2,1,0,27472.695012840708,0
692,707,Spain,Male,30,6,213996.28851981004,1,1,0,29924.475175242034,0
693,595,France,Male,36,2,0.0,1,0,1,84785.46009830054,0
694,680,France,Female,40,5,20049.92775357153,2,1,0,99819.23074618864,0
695,679,Germany,Female,36,8,130970.8439496307,2,0,1,47975.6879919059,0
696,634,France,Male,49,2,24318.933599345175,1,0,1,25706.881426745083,0
697,666,Germany,Male,42,5,104197.55229621523,2,0,0,14213.488747190337,0
698,587,Germany,Male,49,6,0.0,2,0,1,155272.5275847093,0
699,696,France,Male,36,4,0.0,1,1,0,102160.90479612678,0
700,640,Spain,Female,53,9,179434.18602997676,1,1,0,170246.65166830213,0
701,623,France,Female,38,7,82567.69417361605,1,1,1,78559.07465732847,0
702,702,France,Female,30,7,20780.813258112546,1,1,0,143654.76470531523,0
703,614,Germany,Male,61,5,143605.73953847424,1,1,0,102818.89924900049,0
704,579,Germany,Male,21,6,210364.83772882042,1,1,0,126293.29973650616,0
705,572,Spain,Male,32,2,0.0,1,1,0,80337.39981301193,0
706,680,France,Female,33,6,158150.5183499409,2,0,0,25422.25638499474,1
707,585,Germany,Female,65,6,226005.6634378542,2,1,0,190000.98062018034,0
708,737,France,Female,58,3,199526.68305687705,2,1,0,168857.07205453672,1
709,545,Spain,Male,54,9,56530.33585427664,2,1,1,69259.43689944505,1
710,734,France,Male,36,3,186012.15024760138,3,1,0,192153.55775334933,0
711,660,Germany,Female,64,2,0.0,2,1,0,67092.85896887204,1
712,645,France,Male,43,9,0.0,3,1,0,94168.10384120536,1
713,622,France,Female,49,6,128683.73212533236,1,1,1,153475.77553088666,0
714,669,France,Female,41,4,0.0,2,1,1,68710.80718315227,0
715,648,Spain,Female,39,2,0.0,2,1,1,71656.51594078887,0
716,705,Germany,Female,37,5,0.0,1,1,1,87915.61016680673,0
717,655,Spain,Male,37,5,134301.21607394604,1,1,0,98993.97832450617,0
718,657,France,Male,46,5,0.0,2,0,0,33487.08594455126,1
719,631,France,Male,43,1,224760.89120950035,1,1,1,13323.41502368465,0
720,647,France,Male,39,10,118848.9056237724,1,1,1,184639.86664246029,0
721,665,Spain,Male,55,9,119375.68990722121,2,1,0,77105.8400843687,0
722,564,France,Male,18,6,133644.87012942784,2,1,1,29320.834294792097,0
723,582,Spain,Female,45,6,134701.42680022167,2,1,1,154242.56640660833,0
724,687,Spain,Male,47,9,238092.91460298703,2,1,1,66061.52748959925,0
725,658,Spain,Male,51,3,165856.11217059844,2,1,1,44516.17409827494,0
726,640,Germany,Male,39,10,76589.67877310654,1,1,1,192896.09624352658,0
727,650,Germany,Female,42,5,137568.83126895758,2,1,0,184903.14937628084,0
728,667,Spain,Male,49,3,160533.65989791587,1,0,0,30091.71300802814,1
729,623,France,Female,54,3,163545.21304335148,2,1,0,180864.1898660954,0
730,611,Germany,Male,36,5,150461.01429716384,1,1,0,179264.82994062226,0
731,659,France,Male,42,8,0.0,1,0,1,130531.16505451048,0
732,601,France,Male,56,6,18062.365379081795,1,1,0,110650.22016913447,0
733,670,France,Female,18,1,91082.33256804507,2,1,1,51313.318382248595,0
734,564,France,Female,33,5,112605.31709446086,3,0,1,33063.012327115095,0
735,701,France,Male,54,4,24833.017498260786,1,1,1,125210.11968240593,0
736,673,France,Male,50,5,205592.16112476308,1,0,1,166171.8787773496,0
737,662,Germany,Male,45,7,0.0,2,0,0,140842.33236308536,0
738,699,France,Female,35,7,229271.8590828411,2,1,0,44352.08049679763,0
739,733,Germany,Female,31,2,47058.42588214364,1,1,1,65103.541647824895,0
740,700,France,Male,34,8,23664.389664955223,1,0,0,113819.34156600868,0
741,557,Germany,Female,55,5,125755.86505271723,1,1,0,128748.57833325784,0
742,586,Germany,Female,33,6,55391.040838169596,2,0,0,23727.99637639756,1
743,618,Germany,Female,41,8,0.0,1,0,0,126669.811266489,1
744,651,Germany,Female,32,6,12472.81562889735,1,0,0,149900.68502408834,1
745,675,France,Male,48,9,109028.7220141684,1,0,1,44457.991235486916,0
746,613,Spain,Male,34,8,232419.4651228404,2,1,1,56781.55586008187,0
747,659,France,Female,39,0,102260.3696151444,4,1,1,59190.352133955705,0
748,612,France,Female,23,0,32346.22734411058,2,0,0,188563.9479894124,0
749,619,Germany,Female,23,2,82694.7862868289,2,1,0,87333.06294971799,1
750,579,France,Male,40,8,129522.49452026404,2,1,1,110808.57671306757,0
751,603,Germany,Male,26,0,0.0,1,1,1,147619.7264462346,0
752,582,Germany,Female,61,0,0.0,2,1,1,80577.45004352418,0
753,601,France,Female,19,4,0.0,1,1,1,30055.553919427446,0
754,702,France,Female,31,7,219428.31284718713,2,0,1,134321.1554365569,0
755,602,France,Female,40,1,0.0,3,1,0,136781.90164900786,1
756,781,Spain,Male,36,3,48616.80593261764,2,0,0,59504.08485023067,0
757,674,Germany,Male,28,5,76069.632584033,2,0,1,16693.492871637143,0
758,659,France,Male,30,0,152767.80421302444,2,1,1,136417.09930662153,0
759,607,France,Male,30,3,0.0,2,1,0,143650.8549651622,0
760,685,Germany,Male,37,3,212569.81922705812,1,1,1,14952.329588825289,0
761,621,Spain,Male,59,8,0.0,2,1,1,141704.8210066814,0
762,656,France,Female,40,8,0.0,1,1,0,188396.42812255377,0
763,778,France,Female,51,5,159893.80060290187,2,1,1,43969.20377267991,0
764,645,Spain,Male,45,7,37123.03008327482,1,1,0,109051.51337436971,0
765,707,France,Male,51,9,71208.56071275042,1,1,1,142387.5263945899,1
766,614,France,Male,18,3,52688.952048214735,2,1,1,53715.08640210988,0
767,648,Spain,Female,36,9,51534.86780816918,1,1,1,152794.28941588395,0
768,738,Germany,Female,53,7,0.0,1,0,0,174936.80163123622,1
769,618,France,Female,34,2,145265.18141299876,2,1,0,164764.6825462682,0
770,740,France,Female,57,1,0.0,2,0,1,59190.79396292677,0
771,685,France,Male,54,5,247641.47330042362,1,1,0,162801.12375866662,0
772,621,France,Female,35,4,111240.8157683905,2,0,0,88535.2164364529,1
773,681,Spain,Male,34,7,33296.63875718479,2,1,0,60628.05071622671,0
774,698,France,Female,29,0,38936.564069227636,2,0,1,41914.5787632361,0
775,681,Germany,Female,33,10,0.0,2,1,0,182706.47407627053,0
776,571,Spain,Female,27,9,244976.65681203347,1,0,1,91110.53288815927,0
777,613,France,Female,44,2,147268.26438860747,1,1,1,174488.92550773328,0
778,637,France,Male,25,6,237769.9543879929,1,1,1,40313.54789666066,0
779,646,Germany,Male,46,9,0.0,1,0,1,155728.75856909258,1
780,681,Spain,Male,46,3,0.0,1,1,0,30902.53608007904,1
781,658,Spain,Male,23,9,130001.76623581174,1,1,0,13337.339755189121,1
782,583,France,Male,55,4,177382.10995733325,2,1,0,199059.36846801845,0
783,669,Germany,Male,45,7,98227.83194831984,2,1,1,23972.093318828283,0
784,680,Germany,Male,47,0,217332.6478429497,2,0,1,97692.68589193857,0
785,677,Spain,Female,32,0,17027.532344355095,1,1,0,176893.22275672486,0
786,704,France,Male,46,6,115543.40680682615,1,0,0,165682.1141324938,1
787,691,Germany,Female,51,8,0.0,2,0,0,99523.38546156554,1
788,672,Spain,Male,39,3,155687.73718314306,1,0,1,126061.2162679553,0
789,646,France,Female,60,7,0.0,2,0,1,129644.16881593567,0
790,566,France,Male,40,9,112595.19303660048,2,1,1,30866.74677202458,0
791,671,France,Female,51,6,0.0,1,1,0,64131.777924532806,0
792,660,France,Male,42,1,174858.39488397117,1,1,0,67186.80062440835,0
793,663,France,Male,45,4,195650.60433659537,1,1,1,81844.34860158701,0
794,586,Spain,Male,23,8,187078.55856250893,1,1,1,62044.33167773484,0
795,595,France,Male,43,8,0.0,1,0,0,57784.70767765129,0
796,702,France,Female,32,2,0.0,1,0,0,77409.24741650849,0
797,648,Germany,Male,31,10,213679.67482892305,2,1,1,82053.03650160457,0
798,684,France,Male,57,2,72405.60955479255,1,1,0,102572.57078414565,1
799,651,France,Female,37,1,56825.39336147861,2,1,0,42971.72640817502,0
800,651,Germany,Male,29,6,0.0,1,1,0,159783.96606860423,0
801,696,Spain,Female,36,5,118562.76471991478,1,0,0,173526.8630704216,0
802,624,Germany,Female,26,4,214191.85079670732,1,0,0,57151.32786321053,0
803,654,Germany,Male,54,6,196806.94331068828,1,1,1,33427.13815240386,0
804,626,France,Male,33,3,214299.06964141026,1,1,0,147239.2764400546,0
805,628,Spain,Female,45,4,75269.70757847883,1,1,0,185606.5733173575,0
806,634,France,Male,53,8,152430.69338844068,1,1,1,16678.184442862526,0
807,661,Spain,Female,34,10,77979.77494656987,1,1,1,12742.836016520934,0
808,626,France,Male,45,8,36165.558572678354,2,1,1,44850.83766302395,0
809,712,Spain,Male,29,3,0.0,2,0,1,140110.57220850798,0
810,605,Germany,Female,64,5,44319.41228690531,1,1,1,193308.39148786943,0
811,640,Spain,Male,49,1,170247.46280955314,1,0,1,152572.381480272,0
812,628,France,Male,38,2,0.0,2,0,1,118876.19406939969,0
813,722,France,Male,32,8,204459.62666176408,2,1,1,143104.38464635407,0
814,659,Germany,Female,38,5,43493.10509525545,3,1,1,53832.67914551595,1
815,701,Spain,Male,36,7,198035.2356421146,1,1,1,140824.8701323729,0
816,575,France,Female,59,10,249826.3662270969,1,0,1,71074.54116094208,0
817,663,Spain,Male,27,4,214250.18766061653,2,1,1,52260.20523820888,0
818,694,Spain,Female,41,1,190434.8983186399,2,0,1,54945.63971733732,1
819,654,France,Male,39,6,168919.68512672983,1,1,0,136879.6728526678,0
820,703,Spain,Male,38,5,111227.55632450306,2,1,1,155772.88721805546,0
821,624,Germany,Female,38,10,185320.04029398452,1,0,0,120542.40100612394,0
822,720,France,Male,38,1,183802.72843370878,1,0,0,22132.499664586176,0
823,764,France,Female,48,5,161559.5878449492,1,0,1,17221.77340403778,1
824,631,Germany,Male,46,7,0.0,1,1,0,51261.70151485244,0
825,627,Germany,Female,44,0,117703.33322244033,2,1,0,64429.053460557174,1
826,722,France,Male,18,3,0.0,2,1,0,86915.77963982506,0
827,728,Germany,Female,42,0,144176.25462621698,2,1,0,24445.334700186628,0
828,623,Germany,Male,23,1,73610.44689072223,1,1,0,147780.1655290418,1
829,628,Germany,Female,46,0,102263.94338299605,1,1,1,145184.6501555634,1
830,635,France,Female,54,5,14179.576945894245,1,1,1,75868.74279495157,0
831,582,Spain,Male,30,10,0.0,1,1,0,116970.479629998,0
832,604,France,Female,37,5,0.0,2,0,1,29174.029430089682,0
833,599,France,Female,34,0,140253.36806518116,1,1,1,88891.5421320201,1
834,611,France,Male,52,3,12352.12646415305,2,1,0,172937.30392121058,0
835,648,France,Male,40,3,0.0,2,0,1,135518.26799310354,0
836,661,Spain,Male,57,7,0.0,1,1,0,29749.31737803735,0
837,727,France,Male,44,5,124612.15729532107,2,0,1,171039.8259312974,0
838,600,Germany,Male,42,1,0.0,1,0,0,139332.2835896194,1
839,699,France,Male,40,4,233675.01269377157,2,0,1,96080.6958763255,0
840,639,France,Female,48,3,19882.551751123792,2,1,0,141497.29741249795,0
841,647,Spain,Female,22,9,174061.12270766374,1,1,1,42835.84853176067,0
842,683,Spain,Female,40,3,0.0,1,0,0,114592.42935178423,0
843,593,France,Male,39,7,0.0,2,0,1,127406.13067745026,0
844,669,Germany,Male,47,4,52632.69437063101,1,1,0,186271.51635919165,0
845,658,France,Female,38,2,137513.15247188654,2,1,0,22709.42505231184,0
846,674,France,Female,29,9,20461.498556130857,1,1,0,81208.71570956128,0
847,664,Spain,Male,40,3,129804.04586922124,2,1,0,187994.79488687738,0
848,772,Spain,Female,29,0,0.0,2,1,1,51272.000474432716,0
849,618,France,Male,20,5,211095.20192769123,2,1,0,164508.06238130608,0
850,623,Spain,Male,47,10,37328.800625287564,1,0,1,10305.051642304199,0
851,618,Germany,Female,45,9,0.0,1,0,0,14917.973271022263,0
852,622,France,Male,44,3,135063.0565582609,1,1,0,72248.34819809228,0
853,618,Germany,Male,53,5,243196.1195035853,2,1,0,156015.7050577518,0
854,709,Germany,Male,33,1,167195.36656933316,1,1,1,29787.259154670726,0
855,721,Germany,Male,25,4,79081.67033843246,1,1,1,82742.1922893424,0
856,621,France,Female,39,10,67791.83438515323,2,0,0,34978.952058604125,0
857,608,Germany,Male,36,8,40779.569354815576,1,1,1,52482.778193867554,0
858,673,France,Male,31,7,191563.5337717743,2,1,1,105568.89650443358,0
859,622,Spain,Female,39,2,175781.59748376126,2,1,0,70636.36097225023,0
860,681,Germany,Male,33,0,156370.51055394544,2,0,1,50263.4027362157,0
861,660,France,Male,21,9,19801.706307997203,1,1,0,84764.42640651621,0
862,574,Spain,Female,35,2,0.0,1,1,0,143200.44321198988,0
863,727,Spain,Female,28,7,164053.01851563502,2,1,0,32689.440254187793,0
864,739,Spain,Male,42,10,0.0,1,1,1,101122.94461854397,0
865,619,France,Male,33,2,150928.5111704349,2,1,0,62196.74463664852,0
866,630,France,Female,51,4,0.0,2,1,0,81937.96597259174,0
867,664,Germany,Male,56,1,101564.93252543686,1,1,0,166095.48399255666,1
868,666,France,Male,46,0,52201.769290775796,2,1,0,186648.69614384143,0
869,682,Spain,Male,24,10,183499.40372833243,2,0,0,56165.80197298235,1
870,750,France,Female,55,9,179853.1984052141,2,0,1,129694.48179760312,0
871,641,France,Male,55,4,58156.0037146423,2,1,0,138568.68317476276,0
872,610,France,Female,40,4,0.0,2,1,1,170072.3398066622,0
873,581,France,Female,53,5,0.0,1,1,0,180818.06901522737,0
874,613,Spain,Female,34,1,0.0,2,0,1,98918.44153146494,0
875,648,France,Female,21,8,65936.76008676426,1,0,0,196689.37259721503,0
876,739,France,Male,32,1,92599.24642043294,2,1,1,194457.50498344196,0
877,624,France,Female,57,1,77321.08201059775,1,0,1,106228.91445930908,0
878,661,Germany,Male,25,4,109269.90462658985,1,1,0,112986.102922908,1
879,649,France,Female,39,8,181371.711851796,1,1,1,136872.46951467078,0
880,709,Germany,Female,40,3,218942.95209430828,1,0,0,81025.06740176078,0
881,776,Germany,Male,34,5,53823.69988684964,1,1,0,135788.34364295908,0
882,623,Germany,Female,35,1,174738.96249787963,2,1,1,107714.22479439463,0
883,625,Spain,Female,40,3,94614.91413819644,1,0,0,16732.985497675447,0
884,702,Spain,Male,34,8,0.0,2,1,0,172018.4979685827,0
885,684,Spain,Female,25,1,0.0,1,0,0,188684.7022198316,0
886,742,France,Female,42,0,0.0,1,1,0,14983.524923929213,0
887,679,France,Female,50,3,133753.59376476286,1,0,1,159959.74557338416,1
888,632,France,Male,48,3,46175.460226225056,1,1,0,83304.51957879518,0
889,679,Spain,Female,31,0,20678.662436415783,1,1,1,121270.0420054956,0
890,705,Spain,Male,27,3,177584.61566745004,4,0,0,104999.039922536,0
891,691,Spain,Male,37,2,185742.22780202955,1,0,0,114749.02365827895,1
892,675,France,Male,55,1,120567.7631479606,2,1,1,104085.39790403604,0
893,703,Spain,Female,46,9,172452.52402157855,1,1,1,172141.32058269638,0
894,708,France,Female,47,3,0.0,2,1,0,139866.27009210916,0
895,719,France,Female,48,7,161152.26585326358,1,0,1,88401.07855370724,0
896,682,France,Female,44,6,153208.95356511069,2,1,0,140828.03041860432,0
897,641,France,Male,41,8,0.0,1,1,0,193359.08562593747,0
898,657,Germany,Male,46,7,57911.3556815611,1,0,1,25258.569790152207,0
899,710,France,Female,34,0,0.0,2,1,1,83737.09459603086,0
900,609,France,Female,25,1,115591.15588184608,2,0,1,175386.2661415212,0
901,668,Germany,Male,47,1,117070.72226060473,1,1,1,150420.47105417994,1
902,630,Spain,Female,52,7,195858.81078085702,1,1,0,187636.4889951868,0
903,651,Germany,Female,28,3,98174.47821508769,2,0,1,17563.878648415455,1
904,713,France,Female,48,8,49001.237454203765,1,1,0,173927.36575042954,0
905,659,Spain,Female,56,1,70351.8329178582,1,1,1,160441.76629142565,0
906,652,Spain,Female,39,3,61536.04057221481,2,1,1,164857.41305565083,0
907,582,France,Female,31,0,185598.40462144528,2,0,1,123479.91834130864,0
908,687,Germany,Male,41,2,122881.5075102357,1,0,1,19864.236672915093,1
909,682,France,Male,34,5,180071.36751303604,2,1,0,112434.68650065892,0
910,758,France,Male,33,8,109892.72338183047,1,0,0,87472.71602807472,1
911,634,Germany,Male,44,10,223536.54460093722,1,1,0,110137.93300385056,0
912,660,Spain,Female,23,0,0.0,1,1,1,150656.234988055,0
913,662,France,Female,25,4,170762.2020886268,2,1,1,123232.52055723456,0
914,728,Spain,Male,40,1,217315.01373669252,1,1,0,65586.94907326515,0
915,645,Spain,Male,39,6,131903.98412129504,1,1,1,123906.3951833801,0
916,663,Spain,Male,43,3,234309.0016849379,2,1,1,25796.304185394627,0
917,680,France,Male,58,4,0.0,1,1,1,11019.53833129077,0
918,659,Spain,Male,41,7,0.0,2,0,0,86290.32518558414,0
919,627,France,Female,45,1,159542.49647866734,4,0,1,153865.40860723975,0
920,659,Germany,Female,30,2,197009.61766437485,3,0,1,166300.5038878793,1
921,703,France,Male,47,10,140288.35359477124,1,1,1,114469.46952842412,0
922,598,France,Male,34,4,0.0,2,0,0,174921.30839226997,0
923,656,Germany,Female,40,9,95141.24107114186,2,0,1,33923.82160692775,0
924,614,France,Female,38,3,0.0,1,1,1,193180.11250733072,0
925,709,France,Female,50,4,23427.50718366894,1,1,1,185134.46393648558,0
926,573,France,Male,26,2,0.0,1,1,0,123855.07759457745,0
927,622,Germany,Female,18,8,99396.16780098608,1,1,0,21157.203566517568,0
928,668,France,Male,37,7,102806.20912133336,4,1,1,96298.54393367325,1
929,728,Spain,Male,44,5,222297.08953930414,2,1,0,44061.86261327241,0
930,646,France,Female,41,0,214917.36989109436,1,1,1,129400.8009980283,0
931,622,France,Female,52,3,0.0,2,1,0,46093.38699115294,0
932,744,France,Female,44,6,75500.52337704014,1,1,0,101541.55548058506,0
933,577,France,Male,34,9,124109.52307888577,2,0,0,49069.11610343611,0
934,540,France,Female,18,4,0.0,1,0,0,44550.574762513555,0
935,672,France,Female,37,3,94868.32700859888,1,1,1,57105.479428988016,0
936,624,Spain,Male,50,8,34668.53885375114,1,0,0,15547.326548038676,1
937,598,Germany,Female,36,7,0.0,2,0,1,146061.83620217445,0
938,685,France,Female,40,2,0.0,1,1,1,68278.01150651326,0
939,662,France,Male,44,5,0.0,1,0,0,142640.53024829226,0
940,621,Spain,Male,29,3,86608.94459812737,4,1,1,134160.86150252592,0
941,585,France,Male,46,6,113479.23835235242,2,0,1,22561.405138405455,0
942,693,France,Male,56,0,0.0,2,0,1,69286.60404343347,0
943,682,Spain,Male,38,0,248209.13677731465,2,1,1,117703.50132854425,0
944,645,Germany,Female,28,5,131826.49198604218,2,1,0,184496.22685802556,1
945,742,Germany,Female,39,9,15817.022599401476,2,1,0,86250.74498521544,0
946,596,France,Male,18,10,139895.3581026746,2,1,0,105910.39359092871,0
947,573,France,Female,43,6,0.0,2,1,0,152530.1726650666,0
948,615,Germany,Female,44,8,195412.51222388863,2,0,1,162626.14002491895,0
949,647,France,Male,56,6,178217.604191069,1,1,1,185434.69570048465,1
950,662,Germany,Male,38,8,0.0,1,0,0,104465.99309546883,0
951,637,Germany,Male,44,9,0.0,1,1,0,46829.206605354426,1
952,667,France,Female,31,8,193911.61072294248,2,0,0,155240.0336622015,0
953,587,Spain,Male,36,7,147380.5753517192,2,0,0,33859.30027502029,0
954,722,Spain,Female,24,6,224259.76108488438,2,1,1,89485.03931279598,0
955,645,Germany,Female,38,2,76477.5476283725,2,1,1,129360.47947188323,0
956,705,France,Female,36,10,68114.72793742013,1,1,0,141452.67542304404,0
957,667,France,Female,42,2,218696.73878623504,2,1,0,149275.26627102614,1
958,672,France,Male,33,10,0.0,1,0,0,46771.15439267957,0
959,678,France,Female,40,4,0.0,1,0,1,196513.34826068964,0
960,672,Spain,Male,36,6,94751.53804265261,2,1,1,43899.5295576024,0
961,682,France,Female,36,9,215885.43659552187,2,0,0,28253.946998681145,0
962,716,France,Male,40,6,0.0,2,1,1,136169.57636648437,0
963,659,France,Male,40,0,0.0,1,1,1,182899.99997275134,0
964,685,Germany,Male,47,7,0.0,2,0,0,116282.90613487891,1
965,645,France,Female,38,0,229360.00888222668,1,1,1,123141.66255780048,0
966,722,France,Female,36,10,226354.61955280392,2,1,0,112312.10210752061,0
967,616,France,Female,38,3,0.0,1,1,1,18122.15687764895,0
968,740,Spain,Male,32,1,0.0,2,0,1,139449.1987737388,0
969,647,France,Female,36,4,0.0,1,0,0,78057.83290325991,0
970,578,Spain,Female,60,5,0.0,1,1,1,187778.021109556,1
971,656,Spain,Female,30,3,205653.24501090837,2,1,0,45490.10903423663,0
972,615,France,Male,37,3,0.0,2,1,1,67401.99852609332,0
973,692,Spain,Female,36,6,126965.04901087258,2,1,0,105922.40228758895,0
974,617,France,Female,37,10,162255.34227930027,2,1,1,100697.45828761173,0
975,627,Spain,Male,36,3,34883.26968904701,2,1,0,86057.90091909631,0
976,555,Germany,Male,42,1,0.0,2,0,1,69736.55816058477,0
977,627,France,Male,22,3,0.0,1,1,0,37965.09995384487,0
978,528,France,Male,50,6,0.0,1,0,0,165975.15584598508,0
979,570,France,Male,46,0,66360.65179540789,2,1,1,95266.25958171506,0
980,688,Spain,Male,27,3,80398.600789782,1,0,1,118861.7462288211,0
981,689,France,Female,18,5,0.0,1,1,0,113845.04409079591,1
982,671,Germany,Female,30,7,245950.3383955874,1,1,0,119342.89986315875,0
983,601,France,Male,37,7,0.0,1,0,0,143919.67065048986,0
984,647,Spain,Female,65,8,0.0,2,1,0,129582.3890576451,0
985,649,France,Male,45,4,181442.2079330755,1,0,1,62041.55430572726,0
986,592,Germany,Female,21,1,0.0,1,0,0,115204.885946196,1
987,725,France,Male,33,2,31513.904376721413,2,0,1,56457.45205277977,0
988,693,Germany,Male,39,1,82100.84498335174,2,1,1,121878.92738254566,0
989,638,France,Female,42,8,23856.70711623545,2,0,0,92067.57783846195,0
990,651,France,Female,26,5,99171.27880076205,1,1,0,17489.49187635225,0
991,660,France,Female,38,10,245509.51838081246,1,0,1,149457.28059997712,0
992,547,Germany,Female,32,0,35265.534929521236,1,1,0,62186.619370029046,1
993,637,France,Female,28,2,144969.46776908787,1,1,0,184836.9274754252,1
994,615,Germany,Female,42,6,0.0,1,1,0,63305.875915748955,0
995,599,France,Female,47,6,181043.87585057504,2,0,1,199358.32119568254,0
996,635,Spain,Female,48,4,57326.24616928986,3,1,0,97960.72188335334,1
997,739,Spain,Male,45,2,41100.288909943105,2,0,1,15017.390721920083,0
998,682,Germany,Female,35,6,90884.27491858903,2,1,1,24491.10654893736,0
999,621,France,Female,47,4,0.0,2,1,0,25596.72298880809,0
1000,678,France,Male,43,5,0.0,2,1,1,20680.739991290982,0
1001,719,France,Male,41,2,0.0,2,1,0,60879.98593741016,0
1002,696,France,Male,33,5,12031.461188154288,2,0,1,71671.87753849693,0
1003,652,Germany,Male,35,6,242419.56704694833,1,0,0,31144.314179097026,1
1004,617,Germany,Female,40,7,152114.94399732733,1,0,0,93244.98211226345,1
1005,684,Spain,Female,64,1,182775.91273232788,2,1,1,79416.65612000835,0
1006,669,France,Male,43,1,166331.9610774435,1,0,1,130901.55920585673,0
1007,694,Germany,Male,33,5,44647.494128721846,2,1,1,47214.2663053446,0
1008,681,France,Female,31,7,152785.5853585586,2,1,1,183657.24314129463,0
1009,702,Germany,Female,35,4,0.0,2,1,0,108038.24797347501,0
1010,623,France,Female,61,0,106296.7489511507,1,1,0,128509.27750173531,0
1011,715,France,Female,36,10,0.0,1,1,0,17508.864296080435,0
1012,659,France,Male,49,0,0.0,1,1,1,116226.85278479684,0
1013,753,Germany,Female,36,9,38577.62223585783,2,1,1,79939.03885721351,0
1014,615,Spain,Male,42,8,18264.632715165324,1,1,1,185592.68927491238,0
1015,736,France,Male,47,3,201576.23532971533,3,1,0,178272.22995409273,0
1016,659,France,Male,34,9,184221.3848790413,2,1,0,131153.25300412622,0
1017,617,France,Female,33,0,29636.537095537133,2,0,0,155891.75665309094,1
1018,625,Germany,Male,56,10,0.0,2,1,0,132472.6998520291,0
1019,633,France,Female,49,7,224220.10633350885,4,1,0,13223.941205413019,1
1020,671,Spain,Male,47,1,194590.9363892272,1,1,0,143594.04348790186,0
1021,676,Spain,Female,47,1,0.0,2,1,0,43647.24513030199,0
1022,621,Spain,Male,44,0,70956.98780920521,1,1,0,139688.48144434174,0
1023,648,France,Male,60,0,0.0,1,1,0,11996.289003732456,0
1024,757,Spain,Female,40,8,0.0,1,0,0,69072.29359455759,0
1025,736,Germany,Female,45,0,0.0,2,1,1,108216.31602409467,0
1026,671,France,Male,25,5,0.0,1,0,0,73302.41406854786,0
1027,651,Germany,Male,31,6,40538.36145832794,2,1,1,141857.57788571232,0
1028,656,Spain,Female,27,3,27253.093937229434,2,0,0,109314.8123625847,0
1029,680,France,Male,52,4,176460.65974340006,2,0,1,192336.8023827202,0
1030,598,France,Female,18,3,128577.41858396963,1,0,0,77984.36046707169,0
1031,637,France,Female,35,3,158255.49192511122,2,1,0,147153.27299464893,0
1032,566,Germany,Male,18,9,0.0,2,1,1,168809.9162401786,0
1033,669,France,Female,31,0,187678.83634128608,1,1,1,58187.37955080032,0
1034,682,Spain,Male,35,5,0.0,3,1,0,153284.98040103487,0
1035,625,Germany,Female,53,9,246245.43721461436,1,1,0,84729.65999676907,0
1036,728,Germany,Female,43,9,119501.46427407357,2,1,1,34458.158810316825,0
1037,588,France,Male,31,6,36988.16157604796,2,1,0,10692.944712177537,0
1038,576,Germany,Female,50,6,248237.13934065183,1,0,0,151313.93500105373,1
1039,661,France,Male,40,7,15476.975203563352,1,0,1,45386.374986903174,0
1040,702,France,Female,40,6,0.0,2,0,1,19726.790499961848,0
1041,734,Germany,Female,27,5,0.0,1,1,0,104469.72663253183,0
1042,627,France,Female,30,7,130852.51624407635,1,0,1,75872.62657958908,0
1043,703,Germany,Female,31,2,144091.1086226852,2,1,1,141443.2738505761,0
1044,648,France,Male,40,8,67623.01510683703,2,1,0,30399.21612426629,0
1045,641,France,Female,40,2,143646.10137694285,2,0,1,35204.10222973752,0
1046,694,France,Female,55,3,191454.666881329,2,1,1,86780.4645771142,0
1047,682,Spain,Female,43,9,73962.3609385596,1,1,1,108877.5525980946,0
1048,571,Germany,Male,18,5,102022.2719953377,2,0,1,166596.8445571083,0
1049,723,Germany,Male,42,7,0.0,2,1,0,121268.7862776385,1
1050,719,France,Male,25,2,206934.3354371686,1,1,1,181493.51457773658,0
1051,618,France,Male,30,9,183995.7422103032,3,1,0,51375.88886628815,0
1052,669,Spain,Female,31,5,219087.14493241775,2,0,0,123281.70803969301,1
1053,674,France,Female,33,4,0.0,1,0,1,134495.29786059365,0
1054,663,France,Female,26,4,27659.113158340373,2,1,1,147902.95982591092,0
1055,622,Germany,Male,42,4,38652.04092608161,2,1,1,197843.63266344584,1
1056,616,France,Male,25,8,48644.39987781673,1,1,1,98926.4262582978,0
1057,648,Spain,Female,43,6,137939.83856195258,2,1,1,80170.72017394996,0
1058,708,Germany,Female,62,8,243018.89688706357,2,1,0,171919.2682792273,1
1059,677,France,Female,26,8,95736.49998802769,2,0,1,43590.27196620994,0
1060,631,France,Male,37,5,0.0,1,1,0,17035.338483156822,0
1061,688,France,Female,18,5,0.0,1,0,0,94281.9201709533,0
1062,507,Spain,Female,36,3,0.0,1,1,1,56969.11236195441,0
1063,707,Germany,Male,46,7,53476.62575319308,2,1,1,85339.82623846724,0
1064,563,France,Male,47,1,228993.99657264372,2,1,1,197355.82917480095,0
1065,631,France,Female,40,4,0.0,1,1,1,76212.76374165797,0
1066,594,Germany,Male,48,0,237572.66739880783,1,1,0,144513.48459474224,1
1067,585,Germany,Female,65,9,58191.5834365266,1,0,0,57576.381852588354,0
1068,708,France,Female,57,1,82651.37441755857,2,1,1,67650.35931557335,0
1069,626,France,Female,34,0,127826.16258470995,2,1,1,56199.48675744897,0
1070,667,France,Female,25,5,101373.01149651405,1,1,0,118710.56534289269,0
1071,647,Germany,Male,35,1,0.0,1,1,0,52960.6313773224,1
1072,673,Spain,Male,30,3,243953.86414001856,1,0,0,146489.17950573543,1
1073,653,France,Male,44,4,0.0,1,1,1,139252.09772179511,0
1074,585,Germany,Female,28,6,183156.49826477183,2,1,1,90041.23843798655,0
1075,699,France,Female,39,9,0.0,1,0,0,14859.633997183038,0
1076,625,France,Female,48,0,0.0,1,1,0,14303.715123009952,0
1077,572,France,Male,38,10,0.0,2,0,0,111233.29525069731,0
1078,628,Spain,Male,30,4,222587.7659007108,3,1,0,169447.77742577117,0
1079,725,France,Female,51,3,103170.66391434448,4,1,0,123785.99756143804,1
1080,692,Germany,Male,21,6,0.0,3,0,0,92773.58770116411,1
1081,632,France,Male,36,9,0.0,2,1,0,177602.57836167357,0
1082,632,France,Male,39,6,72249.40804580704,2,1,0,47429.13531508782,1
1083,633,France,Male,40,7,0.0,2,0,1,78290.64157009771,0
1084,753,Germany,Female,41,3,0.0,2,1,0,117408.79585541654,1
1085,669,France,Male,46,3,70930.92145361795,3,1,1,65417.199138193355,0
1086,671,Germany,Female,39,9,21920.48941619423,1,0,1,199565.37155339646,0
1087,701,France,Male,36,4,0.0,1,1,0,95940.97421769655,0
1088,661,France,Female,35,4,25432.367413908236,1,1,0,19827.22243481889,0
1089,637,France,Female,33,10,222967.72374471222,2,1,0,43455.84956296011,0
1090,640,France,Male,47,2,40111.693376334464,2,0,0,111171.36497218991,0
1091,646,France,Female,33,4,0.0,2,1,0,114510.67794026576,1
1092,648,France,Female,48,4,145121.1433553673,1,1,1,196987.41076699196,0
1093,686,Germany,Male,40,7,0.0,1,1,1,123993.61950099104,0
1094,652,Germany,Female,34,6,127896.29651965242,3,0,0,136659.19086825132,0
1095,686,France,Male,46,7,0.0,1,1,1,50607.32628749834,0
1096,645,France,Female,32,4,78893.58546859738,1,0,0,30304.327510658557,1
1097,653,France,Male,46,10,169107.82562310668,2,1,0,124381.90154813667,0
1098,550,France,Male,42,1,130576.53272972397,1,0,1,174327.19555458965,0
1099,695,France,Male,34,7,0.0,1,0,0,121600.86084014144,0
1100,667,Spain,Male,45,8,208360.16007537473,1,1,1,94128.81145507788,0
1101,699,France,Male,45,1,184653.0631184104,1,0,1,119859.26185110954,0
1102,505,France,Female,51,0,0.0,2,1,1,99066.59991228698,0
1103,754,France,Female,49,5,213428.26845492946,1,1,0,36957.49944291026,1
1104,643,France,Male,44,2,0.0,1,1,1,150825.0407980513,0
1105,705,Germany,Female,28,0,138847.904100247,1,0,0,111277.25105828777,0
1106,598,France,Female,64,5,61588.588037660986,2,1,1,85871.3464510496,1
1107,680,France,Female,25,7,0.0,1,1,1,116331.31538798119,0
1108,597,Germany,Male,49,8,0.0,1,1,0,55833.12134613362,0
1109,618,France,Male,44,5,0.0,1,1,1,91311.96593938213,0
1110,745,Germany,Female,28,5,88596.8821295514,1,1,0,128264.58819070834,0
1111,640,Germany,Male,38,0,184471.92267064954,1,1,0,52976.77899677408,1
1112,660,France,Male,39,4,0.0,2,0,0,152309.06608626735,0
1113,693,Germany,Female,53,2,162948.55523546558,3,1,0,108992.07325275145,1
1114,674,France,Male,32,6,0.0,2,1,1,173724.274979518,0
1115,657,Germany,Male,37,8,32169.00142621519,2,0,0,170974.94976231977,0
1116,668,France,Male,18,10,24580.895101124814,1,0,1,103958.23830668039,0
1117,770,France,Male,57,5,155006.06817847939,2,0,1,47138.4660201153,0
1118,647,Germany,Male,29,4,0.0,1,0,1,149961.9394559176,0
1119,660,Spain,Female,43,6,130653.11414913376,2,0,0,89548.84577982618,1
1120,702,Spain,Male,38,10,22363.65422543323,1,0,1,122979.22185597447,0
1121,705,Germany,Male,39,8,63092.47745858948,2,0,1,30380.405133048374,0
1122,709,France,Female,48,4,68750.29753978495,2,1,1,130000.95800803853,0
1123,681,France,Female,56,4,91085.710992868,1,1,0,80974.59289957362,1
1124,592,France,Male,42,9,20464.81206069103,1,1,1,73496.05244651395,0
1125,731,France,Female,46,3,227174.2481194999,2,1,1,196183.95996778223,0
1126,592,France,Male,43,4,133735.34673315886,1,1,1,92161.82212444698,0
1127,665,Spain,Female,50,6,171023.39030898619,2,1,1,138827.2918419895,1
1128,612,France,Male,35,2,26121.480854802154,1,1,0,129268.2317590298,1
1129,646,France,Female,50,3,22987.712272875855,1,0,0,29817.674668179952,0
1130,666,France,Male,51,8,150752.26528973132,2,1,0,152106.23204222007,1
1131,666,Spain,Female,50,1,0.0,1,1,0,71400.24865237954,1
1132,671,Germany,Male,33,7,0.0,1,1,0,161798.51434737965,0
1133,730,Germany,Male,38,8,220676.60141681714,2,0,0,125451.74869692267,0
1134,672,France,Male,42,4,0.0,2,1,1,70247.38309116302,0
1135,637,Spain,Female,26,6,28204.90859078098,2,0,1,77695.66246290348,0
1136,698,France,Female,55,5,58469.79385256558,2,1,0,148986.40023660852,0
1137,709,Spain,Male,39,0,167850.5605972822,1,1,0,114511.26987334756,1
1138,588,Germany,Male,42,7,116440.33181200997,1,1,0,136986.69772754988,1
1139,679,France,Male,34,8,79767.95527526093,1,0,1,40080.48100428577,0
1140,685,France,Male,26,9,110472.12545151498,3,1,1,159525.56772339952,0
1141,635,Germany,Female,33,10,0.0,1,0,0,70874.3505938566,0
1142,718,France,Female,42,0,228532.54019718317,1,0,1,127773.64075995793,1
1143,642,Spain,Female,46,7,34829.98808918873,2,1,0,31789.166795981655,0
1144,656,France,Male,41,2,0.0,3,1,1,71069.84581982373,0
1145,641,France,Male,43,5,139015.55597985134,2,1,1,133284.78568266192,0
1146,650,France,Female,36,9,0.0,1,1,1,62099.16513514761,0
1147,595,France,Female,44,7,161352.94935021846,2,0,0,177259.31738246523,1
1148,577,France,Female,54,4,235994.2570569747,1,1,0,135633.39589424987,1
1149,729,France,Female,47,7,200946.14195667356,2,1,0,175352.89472639118,0
1150,607,Germany,Male,48,6,143698.44207386326,1,1,1,85124.23342771294,1
1151,600,France,Male,42,6,61523.8460016418,1,1,0,16457.17709868825,0
1152,542,Spain,Male,24,6,0.0,1,1,1,119466.59303746953,0
1153,618,Germany,Female,29,8,0.0,1,1,1,74446.76551782074,0
1154,583,Spain,Male,44,5,0.0,2,1,1,95155.79142524712,0
1155,732,France,Female,39,5,240336.69386137297,2,1,1,139410.94064532226,0
1156,700,France,Female,44,10,0.0,2,1,1,143126.28674346564,0
1157,615,France,Female,56,8,136460.64815306378,1,1,0,15235.718824504926,0
1158,762,Germany,Female,47,5,14246.061549075595,2,0,1,156167.50783952657,1
1159,699,Spain,Female,52,6,27303.776596043186,1,0,1,103768.59384165499,0
1160,633,France,Male,40,6,47465.199432976064,1,1,1,115772.76693166449,0
1161,525,France,Male,31,1,0.0,1,0,1,66618.89518607198,0
1162,764,Spain,Male,39,7,106207.17731318236,1,1,1,89958.41934011038,0
1163,580,France,Female,31,10,90850.85083332931,1,1,1,144971.27545607302,0
1164,567,Germany,Male,55,5,162964.9978884143,1,1,1,157575.62255940912,0
1165,701,Germany,Female,47,3,138559.62590401666,2,1,0,83550.17442191583,1
1166,771,Spain,Male,45,10,153032.98225308632,2,0,1,141312.33120375272,0
1167,719,France,Female,52,6,123274.52870503698,1,1,0,59028.26532080323,0
1168,678,France,Female,19,7,76656.91565302172,1,0,0,168084.3063837279,0
1169,679,Germany,Male,45,0,0.0,1,1,0,125864.70539239941,0
1170,692,Spain,Female,26,9,30738.198342433352,1,1,0,157285.43805271006,0
1171,687,France,Male,39,3,235333.83987167373,1,1,0,100659.421940391,1
1172,664,France,Male,36,3,0.0,1,0,0,53530.7641465715,0
1173,655,Germany,Male,46,9,133038.7468881514,2,1,0,91553.91152959235,0
1174,646,Spain,Female,42,8,36122.15747861107,2,0,1,82482.22495088095,0
1175,612,Spain,Female,53,5,27023.456409042225,1,1,0,73216.14325363023,0
1176,635,Spain,Female,33,3,0.0,2,1,0,50313.01207088088,1
1177,565,France,Female,47,0,188007.37033112274,2,0,0,154241.75695716316,0
1178,645,France,Male,41,7,0.0,1,1,0,26406.815650906494,0
1179,600,Germany,Female,23,10,144963.49334447682,1,1,1,178636.57667830845,0
1180,594,Spain,Male,30,8,0.0,2,1,1,43254.697350573166,0
1181,658,France,Male,38,4,0.0,2,1,1,196175.99385179285,0
1182,719,France,Female,51,4,0.0,1,1,0,197808.92913654412,0
1183,695,Spain,Female,44,9,215401.5101187807,2,1,0,85693.53783581883,1
1184,571,France,Male,28,7,133844.21042023116,1,1,0,197686.00380012995,1
1185,600,France,Female,38,7,0.0,2,1,1,175123.018283338,0
1186,697,Germany,Male,60,4,0.0,1,1,1,25661.752619866464,0
1187,600,Germany,Female,41,3,238980.96472857142,1,1,1,189992.42708943746,0
1188,638,Germany,Female,36,5,58651.983162565004,2,1,0,18077.733321872904,0
1189,677,France,Male,44,9,203960.3946190094,2,1,0,44563.71581043036,1
1190,601,Germany,Male,47,4,98552.85028852895,1,1,0,121073.15276086812,0
1191,655,Germany,Male,35,7,246558.3634139772,1,1,1,25340.063896002583,0
1192,583,Germany,Female,45,8,0.0,1,1,0,40728.2738279801,1
1193,619,Germany,Female,36,0,94363.98997857426,1,0,0,191163.43955132534,0
1194,665,France,Female,47,8,162991.27093062954,1,1,1,198990.69812864554,0
1195,570,France,Male,41,8,240764.03359043662,2,1,1,161645.94293825648,0
1196,672,France,Male,44,5,244290.3053911439,1,1,0,107889.78437829354,1
1197,649,France,Female,32,10,179729.47515207645,2,1,0,181057.1777814183,0
1198,677,Germany,Male,31,9,191105.52775272488,2,1,1,31260.766467878053,0
1199,661,Spain,Female,49,4,145216.52223352663,1,1,1,189149.4551565517,0
1200,718,Germany,Male,39,6,0.0,2,1,1,76795.05621653212,0
1201,656,Spain,Female,42,10,216347.1171929192,3,1,0,173682.98433430694,1
1202,628,France,Female,36,7,126662.87276680558,1,0,1,136990.94713722428,0
1203,656,France,Female,48,8,158766.94307922473,2,1,1,192452.11777058718,0
1204,677,France,Male,33,8,0.0,2,1,1,174288.81008120545,0
1205,652,France,Male,38,9,144992.94724688254,2,1,0,178700.58457467216,0
1206,652,France,Female,47,10,223611.49836974582,1,1,0,130033.3276628058,1
1207,614,Germany,Female,51,2,0.0,2,0,0,168300.1208854924,0
1208,616,Spain,Female,34,7,59964.16614414981,1,1,1,153854.91864465433,0
1209,579,France,Female,59,0,119507.22646567099,2,0,0,40708.39487173858,1
1210,737,France,Female,43,6,59940.44571550364,2,1,0,133233.40935711618,1
1211,587,Spain,Female,29,4,129616.10215888459,2,1,0,38153.35383883014,0
1212,615,France,Male,43,1,0.0,1,0,1,175196.66315825068,0
1213,614,Spain,Male,36,1,158184.04491579466,1,1,1,22530.46187459401,0
1214,694,Germany,Male,44,7,215303.88479273865,1,1,1,197538.8673367223,1
1215,635,Spain,Male,39,4,49885.82070772283,2,1,1,86119.06656616517,0
1216,712,France,Female,40,10,0.0,1,1,1,42419.57720327277,0
1217,616,Germany,Female,30,2,0.0,1,1,0,187778.24689563236,1
1218,663,France,Female,49,0,0.0,1,1,1,18630.93738367111,0
1219,608,Germany,Male,28,10,161948.54926840882,2,1,0,99320.07055670685,1
1220,757,France,Male,28,6,0.0,1,1,0,156343.1543056555,0
1221,590,France,Female,43,10,0.0,4,1,0,70182.59033202319,0
1222,665,Germany,Male,56,2,149789.4713126973,2,0,0,110478.58728153222,0
1223,681,Germany,Male,36,6,229714.86468873153,2,1,0,143078.47309962238,0
1224,670,Spain,Female,47,1,0.0,1,1,0,190875.51999025096,0
1225,640,Germany,Female,50,3,0.0,1,1,0,29513.501461495693,0
1226,643,Germany,Female,48,1,0.0,1,0,0,39873.07370583476,1
1227,652,France,Male,36,3,93277.43647566655,1,0,0,106685.47008687271,0
1228,642,Germany,Female,29,4,0.0,2,1,1,89510.24261850891,0
1229,698,Germany,Female,18,7,22648.50270098006,1,0,1,88051.27052989662,0
1230,760,Spain,Female,37,1,0.0,1,1,1,66422.68555786912,0
1231,622,Spain,Male,51,9,0.0,2,1,1,116530.11171670166,0
1232,581,France,Male,28,2,83664.57851016453,1,1,1,177824.78387148608,0
1233,645,Spain,Female,47,9,0.0,1,0,1,40575.62470219414,0
1234,778,France,Female,30,4,0.0,1,1,1,50904.40260419396,0
1235,609,France,Male,41,10,83794.22444933979,2,1,0,137456.4645819213,0
1236,731,Germany,Male,47,8,209400.43491234307,2,0,0,20677.55431458779,1
1237,733,France,Female,33,9,234359.81782525813,2,1,0,138015.19791697123,0
1238,622,Germany,Male,41,10,0.0,1,1,1,69746.66866403409,0
1239,678,France,Female,35,4,135383.5151319999,1,1,1,77992.24696600284,0
1240,731,France,Female,47,8,222199.40204643592,2,0,0,87054.38102635104,1
1241,631,Germany,Male,42,3,231006.7756435705,2,0,0,76421.63668342582,0
1242,639,Germany,Female,40,9,108217.21529139088,2,1,0,169829.82804311113,0
1243,620,Spain,Female,55,4,78027.00628130691,2,1,1,189753.00690605873,0
1244,599,Germany,Male,46,8,0.0,1,1,1,114122.1803100758,0
1245,617,Germany,Female,33,3,0.0,2,0,0,120556.91477863849,0
1246,588,France,Male,39,4,0.0,2,1,0,23391.790522552677,0
1247,651,France,Female,39,4,144617.80673688903,2,1,1,145506.4663885901,0
1248,611,France,Female,40,3,170214.90442868118,2,1,1,120978.78586317596,0
1249,661,Germany,Male,65,3,37092.11643804342,1,1,1,19574.959523444064,0
1250,572,Germany,Male,43,10,0.0,2,1,0,47700.87674362362,1
1251,666,France,Male,19,4,121473.5828703214,3,0,0,48369.24987458692,0
1252,691,Germany,Male,34,5,238303.55175609418,1,1,0,42483.91086923826,1
1253,550,Germany,Male,20,6,96588.31398196693,1,0,1,135142.73137832765,0
1254,668,France,Male,36,5,220596.16991620805,2,1,1,186403.5269175961,0
1255,711,France,Female,20,0,38869.26242217077,1,1,0,154965.31181808826,1
1256,589,Spain,Male,31,1,158084.12966409043,2,1,1,100700.9621906435,0
1257,733,Germany,Female,24,6,154147.11445852436,1,1,0,86769.74661705157,0
1258,670,Spain,Male,43,2,216369.94001686442,2,0,1,83427.04000875229,0
1259,614,France,Female,40,9,10796.009057176361,1,0,0,124236.92196220676,1
1260,647,Spain,Female,43,10,55583.60012741732,1,1,0,78251.92519946191,0
1261,677,France,Male,38,1,62725.030103075616,2,1,1,52963.17452585625,0
1262,653,France,Female,26,5,0.0,2,1,1,124540.15224936076,0
1263,676,Spain,Female,45,10,46886.47750477479,1,1,1,84234.0285512389,0
1264,603,France,Female,59,3,0.0,1,1,1,12683.71753732843,0
1265,658,Germany,Male,44,10,0.0,2,0,0,14223.911577687162,0
1266,579,France,Male,35,4,0.0,2,0,0,62085.956119339484,0
1267,644,Germany,Female,25,5,212571.27168828744,2,0,1,107360.21790630411,0
1268,604,Spain,Male,30,2,0.0,2,1,1,77305.50645691786,0
1269,613,France,Male,44,0,139250.90611363144,1,1,0,14570.478953634873,0
1270,711,Germany,Female,50,2,233198.60378071733,2,1,1,52398.83511311568,0
1271,704,France,Female,42,2,184038.19631195912,2,1,1,28319.668648177063,0
1272,680,Germany,Male,47,5,0.0,2,1,0,190240.08025866916,1
1273,595,France,Male,47,3,0.0,2,1,0,69438.47436942003,1
1274,634,France,Male,45,6,170186.36228364994,2,1,0,12805.610603144216,1
1275,710,France,Female,33,10,0.0,2,1,0,135507.01787727608,0
1276,657,France,Male,41,1,173258.10028406337,2,1,1,54165.10869648526,0
1277,765,Spain,Male,31,3,106315.0786585002,2,1,0,117679.88845589077,0
1278,669,France,Male,40,7,0.0,2,0,0,38641.63637580269,0
1279,659,France,Female,43,10,182554.89932245595,2,1,1,196962.51467326828,0
1280,634,France,Female,56,5,207781.0269209785,2,1,1,194349.24544741327,0
1281,656,France,Female,26,9,184913.48776465305,1,1,1,134636.83682115813,0
1282,642,Germany,Male,44,2,64987.520261602374,1,0,0,144368.49814619153,1
1283,685,Spain,Male,54,9,239592.4032346271,2,0,1,90916.98934541376,0
1284,697,France,Female,47,1,16061.09480587742,2,0,1,192814.07562945207,0
1285,610,Spain,Male,48,2,89844.47137015374,1,0,0,90510.52787052818,1
1286,583,Germany,Male,45,0,72422.18428837492,1,1,1,55498.91950753145,0
1287,558,France,Male,52,0,21550.29462756423,1,0,0,31921.935824741762,0
1288,675,Germany,Female,29,1,107375.12631728043,1,1,1,49543.80705973326,1
1289,594,Germany,Male,26,2,159547.56163906588,1,1,1,118720.56574645719,0
1290,542,Germany,Male,39,8,221812.6872364243,2,1,1,56567.426408466825,0
1291,669,Spain,Female,18,7,0.0,2,0,0,134307.3914050335,1
1292,774,France,Male,52,10,203941.50073705555,2,1,1,82615.05877815887,0
1293,649,Spain,Female,52,10,122483.32449107795,1,0,1,178505.8520292764,0
1294,691,Spain,Male,35,8,183689.06223208737,2,0,1,116110.8328184597,0
1295,654,France,Female,36,6,0.0,2,1,0,128294.77008924246,0
1296,645,Germany,Female,39,6,121673.72714048352,1,1,1,115746.36256860865,0
1297,695,France,Male,40,4,0.0,1,0,0,178258.0670962946,0
1298,635,Spain,Male,41,6,0.0,2,1,0,22049.717906546357,0
1299,663,Germany,Female,45,3,102759.03781041344,2,0,1,22796.25434724158,1
1300,666,France,Male,38,4,136261.8010681027,2,1,0,143330.6465357022,0
1301,616,France,Female,49,0,0.0,1,1,0,155913.14138915387,0
1302,699,Germany,Male,44,10,184451.69351646336,2,1,1,92381.98947357389,0
1303,641,France,Male,33,3,95616.70453410588,1,0,0,76937.98953031003,0
1304,612,France,Male,53,2,147116.86037344835,2,1,1,62809.5625790285,1
1305,676,France,Male,26,1,228369.0097793073,2,1,1,54535.028308374065,0
1306,605,France,Female,39,1,0.0,1,0,1,183272.132038935,0
1307,651,France,Female,49,7,64539.54188414908,1,1,0,66076.51380862277,0
1308,649,France,Male,32,0,56279.47977120195,1,1,1,133134.97120412736,0
1309,704,France,Male,43,7,172404.55202287564,1,1,1,159548.0082728882,0
1310,673,Germany,Male,45,8,109524.13259762652,1,1,0,14173.649905040365,1
1311,648,Germany,Male,31,5,15813.361220352888,2,0,0,16436.088477805453,0
1312,690,France,Male,39,0,93246.84895534819,2,1,0,73296.10688110016,0
1313,719,France,Female,38,9,203618.7384333405,2,1,1,142242.9914196036,0
1314,677,Germany,Female,34,6,201382.46329196382,2,0,1,59551.74069984644,0
1315,650,France,Male,63,4,128724.43571597965,2,1,0,10281.82518212755,0
1316,584,France,Female,32,8,123418.70437300847,2,1,1,64748.100989344224,0
1317,596,France,Female,50,6,149081.78618425058,1,1,1,27124.85516226742,0
1318,634,Spain,Male,36,4,62655.210535258244,2,1,0,51688.52810054141,0
1319,619,Spain,Female,29,1,136250.4699738293,1,1,1,73306.10013286654,0
1320,640,Spain,Female,41,3,0.0,1,0,1,34330.89746306285,0
1321,652,Germany,Female,46,1,124134.29314795209,2,0,1,144209.2982150554,0
1322,676,Germany,Female,49,8,90652.25110014221,1,1,0,58624.844081175776,0
1323,646,France,Male,55,1,0.0,2,1,0,135608.01186794287,0
1324,674,Germany,Female,69,1,163204.86019663062,1,1,1,123816.24203602217,0
1325,653,France,Female,42,1,101400.61124387415,1,1,0,180628.64266180983,1
1326,551,Germany,Female,33,0,0.0,2,1,1,26707.302745487155,0
1327,603,Spain,Male,44,8,70545.67105479051,1,1,1,50775.541159096305,0
1328,642,Germany,Female,37,7,162003.48404539895,1,0,1,174383.90151835544,1
1329,589,France,Female,49,1,27369.60232420109,1,1,0,166204.9767132817,1
1330,679,France,Female,27,1,0.0,4,1,1,46500.05586458963,0
1331,726,Germany,Male,63,4,0.0,1,1,0,30469.842269763587,0
1332,710,Germany,Male,48,3,0.0,2,0,1,172685.87827783683,0
1333,639,Spain,Male,23,1,0.0,2,1,0,43846.2307966939,0
1334,724,France,Male,32,7,0.0,2,1,0,175510.8441534511,0
1335,657,Spain,Male,48,7,236970.72759607807,2,0,0,192611.79288177073,0
1336,633,Germany,Female,51,3,236930.45492223266,1,1,1,51953.261329377376,0
1337,619,Spain,Male,27,3,83800.66587122323,3,1,1,169673.64398498146,0
1338,634,Germany,Female,47,8,0.0,2,1,1,90527.90709662998,0
1339,630,Germany,Male,20,3,152546.57267364612,1,1,1,159867.9007031642,1
1340,658,Germany,Male,39,9,244116.2784040912,1,0,0,87405.15278598022,1
1341,658,Germany,Male,51,10,124627.25673066315,2,1,1,23375.163759406216,0
1342,650,Spain,Female,34,8,195929.64832373476,2,0,0,145412.10179659622,0
1343,671,France,Female,24,2,194352.91110756903,2,1,1,38630.841581680026,0
1344,709,France,Female,41,1,0.0,2,0,0,186134.76697017282,0
1345,697,Spain,Male,33,10,200951.22743135388,2,1,1,89371.79377393324,0
1346,575,Germany,Male,46,7,72649.67999367916,1,0,1,25580.028102820113,0
1347,522,Germany,Male,31,2,39340.728709654926,1,0,0,53411.20280705893,1
1348,696,France,Male,32,1,112039.2987172759,2,1,0,173878.34731886198,0
1349,581,France,Male,19,10,236471.35759206032,1,1,0,71006.23922858911,1
1350,638,Spain,Male,41,7,0.0,1,1,1,172702.319046141,0
1351,591,Germany,Female,38,7,162462.19327526246,2,0,0,42734.48029450829,0
1352,559,France,Female,28,4,0.0,1,1,0,98961.44347968596,1
1353,677,France,Male,41,8,0.0,1,1,0,176869.3034394571,0
1354,687,Spain,Female,50,10,0.0,2,1,1,19196.91814141874,0
1355,621,France,Female,37,5,179665.35350124995,2,1,1,67812.66472812789,0
1356,520,Spain,Female,42,4,243277.6236593743,1,0,0,182871.8019933693,0
1357,622,France,Male,42,2,50324.25719128628,2,0,1,123340.0022645282,0
1358,669,Germany,Male,27,6,108506.0536813879,2,1,1,146084.10489420558,0
1359,576,Spain,Male,60,8,32822.51195265505,1,1,1,170004.4033325574,0
1360,659,Germany,Male,35,3,68170.35031582144,1,1,0,109483.32099113218,0
1361,649,France,Female,46,10,100422.24239827605,1,1,0,170619.52119410402,1
1362,678,Germany,Male,47,6,0.0,2,1,0,131365.26842699756,0
1363,655,France,Male,38,2,0.0,2,1,0,140273.5856070654,0
1364,601,France,Male,46,10,64615.03868288457,2,1,1,39042.34648194649,0
1365,709,Spain,Female,42,1,196679.1949936489,2,1,1,188413.57755459374,0
1366,642,Spain,Female,25,10,0.0,1,0,1,161256.02658263396,0
1367,648,Germany,Female,36,0,87667.11226034949,1,0,1,58297.2392679584,1
1368,603,France,Female,33,5,175118.08447256323,1,1,0,120198.98661278009,1
1369,627,France,Female,35,4,71939.31072590098,1,1,1,81528.5219236206,0
1370,605,France,Male,26,1,232708.5411917517,2,0,1,135476.3797738832,0
1371,641,Germany,Female,51,2,171496.5664396956,2,0,0,198811.9002084693,0
1372,735,Spain,Female,56,8,202642.4451130168,1,1,1,18691.815457292578,1
1373,581,Germany,Male,49,2,21844.970367799557,1,1,0,190979.49121308868,1
1374,569,Spain,Male,52,6,153641.4323777499,1,1,0,23754.353107293544,0
1375,723,France,Male,36,0,0.0,3,1,1,97545.28080974781,0
1376,639,France,Female,33,6,80319.25765876769,2,1,0,101600.74811275286,0
1377,616,France,Male,32,8,72983.19641375633,2,1,1,61057.646373963624,0
1378,701,France,Female,46,10,149205.95255607273,1,0,0,117672.86435134042,0
1379,619,France,Male,42,7,0.0,1,1,1,168453.1878043391,0
1380,741,Spain,Female,39,6,0.0,1,0,1,65852.81443014191,0
1381,683,France,Female,52,9,0.0,4,1,1,23376.93815390615,0
1382,625,Spain,Female,44,7,50910.28694719087,2,1,1,130133.90312183986,0
1383,757,France,Female,31,3,43687.05553266413,2,0,1,152831.57453816783,0
1384,619,Spain,Male,33,1,159548.67714272428,2,0,1,191359.3718612533,0
1385,687,Germany,Male,46,10,0.0,2,0,1,40309.68290024276,0
1386,664,Spain,Female,50,8,115811.25595236737,1,1,1,181258.374502913,0
1387,715,France,Male,45,2,0.0,1,0,1,101603.46066593136,0
1388,728,Germany,Female,58,10,165600.7168366057,2,1,0,54794.06503456789,0
1389,651,Spain,Male,56,3,122828.74385595253,1,1,1,192922.2093372912,0
1390,612,France,Male,44,6,241230.0788891074,1,1,1,55301.561401901374,0
1391,672,France,Female,31,1,94571.86218555168,2,1,1,149354.39528982705,0
1392,616,France,Female,26,7,187668.24166308044,2,1,0,159128.4878967846,0
1393,750,Spain,Male,36,9,0.0,2,1,1,91798.61996054325,0
1394,656,Germany,Female,47,7,0.0,1,0,1,141097.12049811956,0
1395,631,Germany,Male,58,4,0.0,1,0,1,118770.6442555577,0
1396,659,France,Male,44,8,88986.22745505572,2,1,1,46486.22296229236,0
1397,582,France,Male,51,7,123227.32693903099,2,1,0,154378.6976015723,1
1398,601,Spain,Female,37,0,77026.87309563812,3,0,1,186323.06751892253,0
1399,710,France,Female,46,8,11440.187601755679,2,1,1,102841.23039663663,0
1400,617,Germany,Male,48,4,0.0,2,1,0,198918.94827268404,0
1401,597,Spain,Female,20,8,178015.40139836815,1,1,1,91313.40957162353,0
1402,676,France,Female,35,8,195031.1258764905,1,1,0,101149.94937757113,0
1403,709,Germany,Male,49,9,77248.68811334079,1,1,0,138040.5276549906,0
1404,685,France,Female,42,9,107930.31971633727,2,1,1,45296.32740262532,0
1405,699,Germany,Female,28,2,18967.75843326666,1,1,1,181369.7418899692,0
1406,612,France,Male,18,7,66895.09626344334,2,1,0,162241.83145649877,1
1407,578,Germany,Female,36,6,0.0,2,1,0,175759.2844144381,0
1408,725,France,Male,39,6,155436.70486361373,1,1,0,125816.13010577661,1
1409,633,France,Female,31,9,59384.925269049134,2,0,1,177912.11262410367,0
1410,637,Germany,Female,41,1,71786.07882938371,2,0,1,139194.77258283048,1
1411,716,France,Male,45,1,206032.48551749444,2,1,0,107196.57095929432,0
1412,677,Germany,Male,46,1,60180.2087067762,2,1,0,187040.252757096,1
1413,672,France,Female,18,10,90197.8542033115,1,0,0,93546.75607608525,1
1414,758,Germany,Male,26,1,169446.08599711463,1,0,1,105108.27254345604,1
1415,617,France,Male,36,3,144666.97256993887,1,0,0,42213.30885708243,1
1416,696,Germany,Female,45,6,0.0,2,1,1,190055.2118732025,0
1417,652,France,Male,44,1,0.0,2,1,1,52000.03360783808,0
1418,663,France,Female,44,4,62730.511051612404,2,1,0,48269.025596416664,1
1419,726,France,Female,36,6,187940.77380711996,1,1,0,29226.974803922447,0
1420,675,Germany,Male,36,8,48175.321748364004,2,1,0,96138.29571887408,0
1421,676,France,Female,32,7,157776.12003571485,3,1,1,61986.76447683574,0
1422,703,Spain,Male,47,8,218949.65521871517,2,1,1,150748.39010097415,0
1423,631,Spain,Female,30,6,119896.42851475309,1,1,1,68429.10783877014,0
1424,608,France,Male,48,2,0.0,2,1,0,146946.34972763492,1
1425,597,Germany,Male,42,0,206894.40471975718,1,1,0,47232.605727495036,1
1426,551,France,Female,39,9,42646.341970624664,1,1,0,53693.51024601581,0
1427,752,France,Male,33,6,0.0,1,1,0,163173.090483886,0
1428,594,Germany,Male,26,10,230761.8457572823,1,1,1,80507.77486570514,0
1429,638,Germany,Male,33,5,0.0,2,1,1,31237.055364891636,0
1430,636,Germany,Female,36,1,54669.33868690145,1,1,1,192666.72296679753,1
1431,665,France,Female,18,0,0.0,2,1,1,43704.50972428617,0
1432,690,France,Male,38,9,72336.4793120195,1,1,1,38537.45254577191,0
1433,693,France,Male,49,3,34843.184564003815,1,1,1,78092.59203680776,0
1434,620,Germany,Female,45,3,133214.57718041138,1,1,1,28170.416153951464,0
1435,641,Germany,Female,35,5,26729.1238496163,1,0,1,39567.11143072208,0
1436,664,Germany,Female,40,10,63617.10991269435,1,0,0,170824.4735316404,0
1437,637,France,Male,34,4,115578.50653893144,2,1,0,42586.30258483704,1
1438,730,France,Female,41,8,0.0,3,1,0,31171.094595882292,0
1439,674,France,Male,55,7,0.0,1,1,1,177191.9320074398,0
1440,686,France,Female,49,8,179347.59106017437,1,1,1,94321.33654136265,0
1441,683,France,Male,45,9,21334.873519712208,1,1,0,39860.958868361224,1
1442,708,Spain,Female,35,6,29349.02852218798,2,1,1,120488.31179585871,0
1443,659,Spain,Male,47,8,0.0,2,1,0,17886.109576424577,1
1444,585,Germany,Female,23,2,0.0,2,1,1,91202.68537961536,0
1445,669,France,Female,37,8,20043.506771904234,1,0,0,122159.62701131526,1
1446,617,France,Male,45,1,189059.5040395183,1,1,1,191852.80574964866,0
1447,623,Spain,Female,47,8,0.0,1,1,1,72028.30511910061,0
1448,679,France,Female,46,5,235410.9983895901,2,1,1,155359.70834192442,0
1449,711,Spain,Female,42,3,126736.90122330675,1,1,1,35212.96464197457,1
1450,651,France,Female,38,10,117118.1805861284,2,1,1,92380.64650645999,0
1451,665,France,Male,45,1,0.0,2,1,0,52395.59867728907,0
1452,735,Spain,Male,30,9,181156.95613431788,2,0,0,103568.8888165111,0
1453,662,France,Female,31,2,155754.1698275543,1,1,0,89274.0531845169,0
1454,780,Germany,Male,40,4,234435.2095000888,2,0,1,196159.15949238354,0
1455,678,Germany,Male,41,8,111342.22263689848,1,1,0,184324.61960492248,0
1456,561,France,Male,21,6,204047.60218534875,4,1,0,120619.12093654711,0
1457,687,France,Male,44,10,101222.30697899645,1,1,1,43536.85780387278,0
1458,669,Germany,Male,47,10,211202.96183106516,1,1,1,115821.82837015834,0
1459,714,Germany,Female,39,2,72273.91095183247,1,0,1,160495.63288151674,0
1460,683,France,Male,63,3,0.0,2,0,0,17225.151275688313,0
1461,643,Spain,Female,33,10,172688.68816418896,1,1,1,92465.57624441643,0
1462,588,France,Male,36,1,61051.19078843113,1,1,1,18102.913817596374,0
1463,639,France,Female,36,7,64997.004886102906,1,0,0,56352.00813410553,1
1464,607,France,Female,39,5,83262.98296417954,1,0,1,27501.78532417645,0
1465,620,France,Female,36,2,0.0,2,1,0,192509.87362276565,0
1466,679,France,Male,25,4,223453.14218157565,1,1,1,42077.44402826749,0
1467,733,Spain,Male,34,4,171896.2362704768,2,0,0,38519.73764388787,0
1468,669,France,Female,39,0,208675.41864259006,2,1,1,194690.44362948224,0
1469,590,France,Female,52,4,140454.54152667272,2,1,1,108033.78515758394,0
1470,672,France,Male,62,5,26541.573122834867,1,1,0,154017.155966864,0
1471,709,Germany,Male,53,9,34111.89076204016,1,1,0,72189.78372221167,0
1472,619,Spain,Female,32,9,0.0,2,1,0,111243.53412762254,0
1473,643,France,Male,33,10,88672.2324741063,2,1,1,11302.205294767393,0
1474,650,France,Male,38,10,0.0,1,0,0,87675.50956170904,0
1475,610,France,Male,57,10,121901.66255262899,2,0,1,115467.05942435125,0
1476,682,France,Male,38,1,0.0,2,0,0,107737.93106483351,1
1477,643,France,Male,26,2,0.0,1,1,1,87105.74057118362,0
1478,670,France,Male,34,9,0.0,2,1,0,159702.45611144486,0
1479,605,France,Female,47,4,187245.5791771345,1,1,1,105311.7570642045,0
1480,628,Germany,Female,46,2,0.0,1,1,0,130862.89949272851,0
1481,686,France,Female,37,4,0.0,1,1,1,45078.0150104651,0
1482,631,Spain,Female,46,4,80855.19456919236,1,1,1,173685.01831811355,0
1483,736,Spain,Female,18,7,164734.14072181485,1,1,1,78938.87455902997,0
1484,630,Germany,Female,41,9,215314.80163847524,2,0,0,101599.69033202788,1
1485,661,France,Male,48,8,149085.86413933864,2,1,0,76917.00816668282,0
1486,696,France,Male,31,7,199480.52226769424,2,1,1,179462.3634413593,0
1487,579,France,Female,31,2,109468.52460157895,2,0,1,181140.62792282423,0
1488,561,Germany,Female,21,0,151717.92295715312,1,0,0,52614.02547594618,0
1489,573,France,Female,55,2,23359.934273038787,1,0,0,153015.7655948434,0
1490,713,Spain,Male,32,0,246584.22539795522,2,1,0,29547.873684557857,1
1491,622,Spain,Male,42,10,0.0,2,0,1,15671.567128481674,0
1492,777,France,Male,46,8,218514.17719154787,1,1,1,168950.98156504025,0
1493,621,Germany,Male,55,2,176630.62675430707,4,1,1,34923.84764878955,1
1494,659,France,Female,38,7,0.0,1,1,0,39408.71639358843,0
1495,727,France,Female,34,5,0.0,2,1,0,125251.76926586061,0
1496,750,France,Female,41,2,0.0,2,1,1,165186.01814335494,0
1497,753,France,Female,52,8,105119.35689666955,1,1,0,46024.17480779802,0
1498,710,Spain,Male,38,7,73327.57024958078,1,1,0,31696.524595336916,0
1499,701,France,Male,30,2,144801.51012134666,3,1,1,24691.24564516208,0
1500,679,France,Female,24,6,0.0,1,1,0,14720.818201236107,0
1501,688,Germany,Male,27,4,0.0,1,1,1,32131.03847303367,0
1502,622,Germany,Male,48,1,126110.37593308327,1,0,0,189111.46281804668,1
1503,609,France,Male,36,7,0.0,2,1,0,28103.677391047753,0
1504,649,Spain,Male,33,0,214821.5846821943,2,0,0,123536.20507427293,0
1505,641,Germany,Female,32,3,56933.68262938937,2,0,1,184983.61389404564,0
1506,627,France,Male,40,10,89063.89133571683,2,0,1,129285.82674747267,0
1507,684,France,Female,37,10,114835.74077695333,2,0,1,16221.693359436045,0
1508,697,France,Male,37,3,240894.02752663317,1,1,0,123318.62337103285,1
1509,654,Spain,Male,53,9,97680.06725139647,2,1,0,181582.40829970947,0
1510,723,Germany,Female,55,4,101463.96390223109,1,1,0,71286.21666522406,1
1511,592,Spain,Female,23,3,166833.4055102947,1,0,1,69589.30661846044,0
1512,640,France,Male,43,0,110607.93037358782,2,1,0,57284.08185315334,1
1513,614,France,Male,32,6,238293.69895350526,1,0,1,106053.47151979321,0
1514,556,France,Female,37,9,224672.50251410654,2,1,1,55209.140760775656,0
1515,645,France,Male,43,10,133218.1066661615,1,1,0,147519.86656581564,0
1516,643,Germany,Male,37,1,164746.05614748396,2,0,1,132523.7320097263,0
1517,725,Spain,Female,42,9,0.0,1,1,0,86146.98692022225,0
1518,681,France,Male,46,2,0.0,1,1,0,147285.46098091156,0
1519,598,France,Male,42,4,179728.20950776772,1,1,0,28714.298223545928,1
1520,742,France,Male,33,7,0.0,1,1,1,152410.3966429789,0
1521,711,France,Male,33,9,0.0,1,1,0,124552.55450090345,0
1522,679,France,Male,25,7,0.0,2,1,0,129715.74638046122,1
1523,638,France,Female,31,1,112409.17619323064,2,1,0,22286.10304227205,0
1524,602,France,Male,59,8,166889.46515241056,1,1,0,127445.65222837278,0
1525,631,France,Female,32,5,0.0,1,1,1,103883.18452684359,0
1526,704,France,Female,28,8,0.0,1,1,0,102313.87544021933,0
1527,744,France,Male,43,3,206142.1146433312,1,1,1,71152.14596032124,0
1528,727,Germany,Female,38,2,103018.2400961716,2,1,1,11446.637834650988,0
1529,625,France,Male,38,4,0.0,1,1,1,90301.10600877013,0
1530,594,Spain,Female,54,4,0.0,2,1,0,86174.08260289032,0
1531,657,France,Female,45,3,109966.15572149429,1,1,0,90333.02739054096,0
1532,561,France,Female,34,6,232633.05233276478,2,0,1,126278.86125020823,0
1533,666,France,Male,35,7,145948.4199282489,2,1,0,66982.18070942897,0
1534,642,France,Female,34,4,226463.55018230356,1,1,1,61182.8553545046,0
1535,626,Spain,Female,48,8,226484.63187749038,2,1,0,104578.44309992324,1
1536,570,France,Female,36,6,0.0,2,1,1,122540.35843719558,0
1537,675,Spain,Male,22,6,0.0,2,1,0,117792.40106477319,0
1538,623,Spain,Male,39,7,10787.470962472154,1,1,0,177511.92948500148,0
1539,591,Germany,Female,24,3,234163.57397958325,2,0,1,156137.37108551592,0
1540,506,Germany,Female,61,9,42990.26538049033,2,0,0,19916.080311251822,0
1541,648,Germany,Female,30,5,19582.30026667613,1,0,0,117060.3288781388,1
1542,738,France,Female,38,4,23293.248298732677,1,0,0,89384.6998030766,0
1543,733,Germany,Male,42,0,93739.88684234406,1,1,0,78599.74574929793,1
1544,627,France,Male,37,8,0.0,1,1,0,192000.2221636386,0
1545,619,France,Male,37,1,0.0,4,0,0,96791.19868032997,0
1546,673,France,Female,44,5,16133.028315851076,1,1,0,146692.6300440791,0
1547,600,Germany,Male,55,7,0.0,2,1,0,193746.52429179646,1
1548,665,Spain,Female,47,2,0.0,1,0,0,38690.0258214581,0
1549,688,France,Female,54,4,191643.82372039524,1,1,1,20377.089808301047,0
1550,711,Spain,Female,29,6,77107.0956221052,3,1,0,69587.84359493434,1
1551,644,France,Male,43,3,0.0,1,0,0,18444.410415988,0
1552,639,France,Female,41,4,71425.3498423903,2,0,1,32185.276138162386,0
1553,606,France,Male,43,0,0.0,2,1,1,198424.8662789594,0
1554,608,France,Female,53,3,0.0,2,1,0,192433.9919058756,0
1555,638,France,Male,37,6,123166.11650849917,2,1,1,141345.60520219032,0
1556,668,Germany,Female,35,9,90854.6956429739,2,1,1,153067.5299248181,0
1557,695,Spain,Male,45,6,0.0,2,1,0,36693.49475217485,0
1558,609,France,Female,22,9,99021.67843815428,1,1,1,123094.75943132497,0
1559,724,France,Male,37,9,0.0,2,1,0,39338.421437550904,0
1560,636,Spain,Female,38,3,65919.27713270861,3,1,1,81893.36965941846,0
1561,648,Germany,Female,30,5,206334.77446534208,2,1,0,75615.55482406447,0
1562,612,France,Female,50,4,179970.60102116488,1,0,0,126652.48762579715,0
1563,528,France,Male,29,0,0.0,2,1,1,25141.690667470375,0
1564,694,Spain,Female,38,7,248362.29235011712,2,1,0,29657.793285123473,0
1565,686,Germany,Female,42,6,191545.44895205766,1,1,0,125887.06560028659,1
1566,635,France,Female,53,4,173787.9007241899,2,1,1,130862.35481852901,0
1567,653,France,Male,39,9,0.0,2,0,0,74577.66079620055,1
1568,675,Spain,Female,49,9,143248.7413394295,2,0,1,37905.51428000227,0
1569,571,France,Female,47,6,70785.01496019284,1,1,0,178355.18400040633,1
1570,623,Spain,Male,41,9,0.0,1,1,1,20060.27159042315,0
1571,689,France,Female,29,2,210645.19802703348,2,1,0,146301.34834489535,0
1572,587,Spain,Male,25,7,225156.2784834812,2,0,1,36608.49644439301,0
1573,664,France,Female,41,4,48992.95278741757,1,1,0,131101.04260111984,0
1574,582,France,Male,34,1,198893.4630029759,1,0,1,136094.6109164909,0
1575,673,Spain,Male,49,1,187876.6415885581,1,1,0,162809.33103672037,0
1576,648,France,Male,47,3,0.0,1,0,0,85054.76563138311,1
1577,569,Germany,Female,38,6,0.0,3,1,0,14141.32896422829,0
1578,708,France,Female,28,9,111461.90100018481,2,1,0,164099.3833341086,0
1579,613,France,Male,45,3,192391.42199325963,2,1,0,94372.92368192144,1
1580,609,France,Female,29,8,211038.61738625332,2,1,1,170947.06572354032,0
1581,660,Germany,Female,32,1,0.0,2,1,0,157437.14043557996,0
1582,707,France,Male,30,5,0.0,1,1,0,104678.29603420632,0
1583,599,France,Male,38,3,192819.63926293247,2,1,1,199885.88770859898,0
1584,653,France,Male,51,5,198685.74257563803,1,1,1,97794.26463680377,0
1585,671,Germany,Male,39,9,45518.44586329814,2,1,1,142335.87780892226,0
1586,684,Germany,Female,35,8,136121.2343561906,1,1,1,137262.7257853413,0
1587,658,France,Female,24,9,215814.0895270487,1,1,0,108432.67585637968,0
1588,631,France,Female,45,8,0.0,1,0,1,121216.55491080502,0
1589,608,Spain,Female,32,8,112028.05573883132,2,1,0,161735.66473782633,1
1590,654,France,Female,41,8,203046.04272071976,1,1,1,118606.52088093563,0
1591,596,Spain,Female,36,2,31436.68508410295,1,1,1,95528.1780040258,0
1592,503,Spain,Male,48,10,216278.38957335477,2,1,1,135795.67017847946,1
1593,671,Spain,Female,38,8,0.0,2,1,1,16746.716720626802,0
1594,695,France,Female,39,2,10348.075981870517,1,1,1,30746.836250831766,0
1595,531,Spain,Female,44,9,66198.19481352597,1,0,1,33831.01220394902,0
1596,599,Spain,Male,61,2,0.0,1,1,0,90895.85607412888,0
1597,680,Germany,Male,48,4,32172.37767909859,2,1,0,175637.29557170125,0
1598,752,France,Female,39,5,176280.57619422194,2,1,1,132225.97357569617,0
1599,651,France,Male,40,8,61354.32055337555,1,1,0,194797.51097143182,0
1600,613,France,Male,34,0,234338.16711447577,2,1,1,17588.784183635005,0
1601,640,Germany,Female,30,7,133946.69118191296,1,0,1,147181.33852311908,0
1602,718,Germany,Female,34,3,120423.58190918044,1,1,0,69698.29590414726,1
1603,617,France,Female,32,9,0.0,3,1,1,14424.232918095906,0
1604,610,France,Male,46,6,0.0,1,0,1,166926.07108751958,0
1605,625,France,Male,29,5,0.0,2,0,1,40911.77325157761,0
1606,602,Germany,Female,53,5,40864.08549404604,2,1,0,50674.232854856054,1
1607,656,Spain,Male,47,6,221241.32335378157,1,0,1,74688.51314359973,0
1608,731,France,Male,40,3,112814.88374215808,1,0,1,159787.85220356524,0
1609,666,France,Male,40,5,27761.098167880595,2,1,1,128672.21004255516,0
1610,637,France,Female,34,2,137047.83699946266,2,1,1,60323.61581092789,0
1611,635,Germany,Female,42,4,165363.2460293688,1,1,1,42012.97428182402,0
1612,571,Germany,Female,50,1,76139.79139786205,1,1,0,30814.16503035435,1
1613,694,Spain,Female,32,2,202081.69784172214,1,1,1,38465.14886425449,0
1614,646,France,Female,24,8,170746.2030489673,2,1,1,174947.57908479887,0
1615,640,Spain,Male,47,5,166081.880623464,1,1,1,185309.84089837698,1
1616,809,France,Male,43,2,110997.9886882706,1,1,1,193911.98344505855,0
1617,664,Germany,Male,28,1,0.0,4,1,1,168599.05805086144,0
1618,612,France,Male,32,4,75805.40030781944,1,1,1,178604.16175443647,0
1619,628,Spain,Male,31,9,148649.32024370861,1,1,0,165059.66508805085,0
1620,707,Germany,Male,32,4,0.0,2,1,0,192030.5961187457,0
1621,655,Germany,Female,36,0,0.0,2,1,1,170673.67889342832,0
1622,578,Spain,Female,37,2,21469.956128829144,1,1,0,97780.50950740784,0
1623,695,France,Male,33,6,21014.528290011818,1,1,0,71418.319728011,1
1624,616,France,Female,32,8,204606.63268450994,1,0,1,121000.25888179759,0
1625,743,Spain,Male,37,4,0.0,1,1,1,125554.83228345463,0
1626,704,France,Male,41,3,91883.21310408537,2,1,1,119233.7623934916,0
1627,627,France,Female,36,2,0.0,2,1,1,144278.00511698358,0
1628,714,France,Female,51,9,0.0,2,1,0,142805.5499910454,0
1629,653,Germany,Male,45,8,58288.323242657585,2,1,0,26566.9139457267,1
1630,692,France,Female,24,6,54503.49793713557,2,1,1,64249.26583201142,0
1631,674,France,Male,45,6,239956.17946237157,2,1,1,179073.43560889873,0
1632,607,France,Male,46,7,151519.43353229665,2,1,1,122106.66026702656,0
1633,617,France,Male,35,9,0.0,1,1,0,72419.69265636652,1
1634,701,Spain,Male,25,0,0.0,2,1,1,171587.1434207845,0
1635,633,Spain,Male,40,10,0.0,1,1,1,57318.0342726531,0
1636,629,Germany,Female,39,3,67999.07448989953,1,1,0,87747.97423148384,1
1637,602,France,Male,28,4,59616.47335397772,2,1,0,62488.40661769293,0
1638,671,Spain,Female,25,4,105246.22388075721,1,0,1,175556.48551926395,0
1639,753,Germany,Male,39,0,216375.00646237112,2,1,0,148374.85049208193,0
1640,596,France,Female,37,2,24747.499850622142,2,1,0,97442.8724834752,0
1641,651,Spain,Male,35,1,62446.240181143155,2,1,0,187137.1581697109,0
1642,720,Spain,Female,39,6,224356.43652462194,2,1,0,186214.50830323005,0
1643,646,Germany,Male,28,4,39216.296552620115,1,0,0,145189.75497086463,0
1644,672,Germany,Male,35,2,0.0,1,0,0,179478.79031737754,0
1645,596,France,Female,45,10,61242.728349046025,2,1,0,146684.69306962416,0
1646,671,France,Female,36,7,155408.04340285322,1,0,1,129360.25483305936,0
1647,640,Germany,Female,23,0,0.0,2,0,0,89948.77340603643,0
1648,699,France,Female,35,0,34402.45514343805,1,1,1,61959.254799914044,0
1649,709,France,Female,29,5,149794.01621298553,1,1,1,21448.89814991544,0
1650,779,Spain,Female,42,0,0.0,1,0,0,162165.29458629218,0
1651,678,Spain,Male,43,3,0.0,2,0,0,33210.98535851899,0
1652,666,France,Male,23,5,162888.2581774503,1,0,1,87966.35572536326,0
1653,659,Spain,Male,47,0,130053.94742453098,1,0,0,54580.50070661222,0
1654,632,Spain,Female,28,8,0.0,1,0,0,96378.99682334576,0
1655,666,Germany,Female,55,3,162553.6263539103,1,1,1,69846.92683880968,0
1656,635,France,Female,39,8,175662.24681919385,1,1,0,167641.83078843518,0
1657,658,France,Male,27,8,167170.41731953243,1,1,1,195853.9266355662,0
1658,715,France,Female,28,5,150866.93557922842,2,1,1,188895.40739570867,0
1659,599,France,Male,43,6,47401.35635298841,1,1,0,128250.28456704198,0
1660,706,France,Female,36,0,60547.96923828682,1,0,0,196062.54402550953,0
1661,715,France,Female,39,4,0.0,3,0,1,86137.30506672512,0
1662,644,France,Female,56,2,230718.79770100053,1,1,1,109272.61435026274,0
1663,543,Spain,Male,33,9,0.0,2,1,0,58801.46810075738,0
1664,619,France,Female,40,9,142688.03668885079,1,0,0,180616.68110842883,0
1665,714,Germany,Male,54,5,70493.66285057124,1,0,0,44144.733015832455,1
1666,648,Germany,Female,42,3,36613.965578601084,1,1,0,125992.61993136226,1
1667,600,France,Female,23,8,225702.21423519394,2,1,0,161896.28255056197,0
1668,624,Spain,Female,45,6,224239.8437975001,2,1,0,123125.76189707927,0
1669,692,Germany,Female,28,3,0.0,1,1,1,24967.291395242977,0
1670,677,France,Male,54,10,201331.99986315906,2,0,1,126174.90696233741,0
1671,638,Spain,Female,31,5,117194.81663437904,1,0,1,155745.07120118345,0
1672,631,France,Male,69,1,87752.06387932962,1,1,1,45687.35018206057,0
1673,630,Germany,Female,54,2,0.0,2,1,0,150021.04263147802,0
1674,603,France,Female,32,10,157439.08985457534,2,0,0,176929.76453400796,0
1675,730,Spain,Female,40,6,197207.22582240097,1,1,1,197427.11399716896,0
1676,633,France,Male,47,10,0.0,1,1,1,87911.26011901328,0
1677,710,Germany,Female,47,3,86460.88478978955,2,0,1,14780.852689142215,0
1678,726,France,Male,44,9,86636.04410001657,3,1,0,89625.01008018896,0
1679,699,Germany,Male,52,6,89140.74214906372,1,1,0,135443.28963079187,1
1680,628,Spain,Female,38,8,130595.16943451331,2,1,0,179359.35720095312,0
1681,670,France,Male,36,4,77923.31273942736,1,1,0,188240.10054142316,0
1682,648,Germany,Female,36,0,0.0,2,0,0,182819.39953609344,1
1683,604,France,Male,48,4,98266.6223476998,2,1,1,135012.3567786269,0
1684,666,Spain,Male,43,5,186471.05152492272,2,1,0,139679.37809023244,0
1685,591,France,Male,42,10,154840.190962012,2,0,1,10452.92336079123,0
1686,709,Spain,Male,47,1,166871.0637561557,1,1,1,79108.93624770493,0
1687,626,Spain,Female,19,7,60540.13457983467,1,0,1,182302.68486212054,0
1688,660,France,Male,43,1,0.0,2,0,1,141027.35620070543,0
1689,664,France,Female,42,8,15079.707426897829,1,1,0,98904.94270418702,1
1690,637,France,Male,56,1,36009.929750360774,1,0,1,29807.958827851628,0
1691,679,Spain,Female,24,2,0.0,3,1,1,56800.166527514324,0
1692,626,France,Female,55,7,0.0,1,1,0,115435.27838532392,0
1693,693,Germany,Male,40,10,154631.7760851286,1,0,1,180525.28758433022,0
1694,582,Spain,Male,44,5,249551.22782171806,1,1,0,28204.346052672645,1
1695,656,France,Female,56,0,34195.65137569324,2,1,0,39213.534431342414,0
1696,746,Germany,Male,45,3,207095.2510406236,1,1,1,134450.96451013576,1
1697,599,France,Male,44,4,38515.89934363532,1,1,1,65888.4489844426,0
1698,616,France,Male,42,10,170779.36451114467,2,1,0,42243.720387205874,1
1699,675,Spain,Male,35,2,164357.8247341641,2,0,1,43902.83336656533,0
1700,658,France,Male,39,0,226652.06435468784,2,0,0,103596.51295834908,1
1701,667,France,Male,32,2,37346.94728332297,2,1,1,120911.40864801024,0
1702,674,Spain,Male,39,8,85706.67185965547,1,0,1,181826.3986793764,0
1703,681,France,Male,18,1,31787.142485124572,2,1,1,110665.26589899625,0
1704,705,Spain,Male,44,0,107771.99819306412,1,1,1,141341.98048394232,0
1705,670,Spain,Female,38,6,0.0,1,0,1,44330.331012677045,0
1706,637,France,Male,36,6,0.0,1,0,1,145557.4545129664,0
1707,683,France,Male,42,4,0.0,1,0,0,133251.7818976764,1
1708,744,Germany,Male,25,1,137926.6011670485,1,1,0,51074.59188384474,0
1709,643,France,Male,59,0,222036.5781605255,1,1,0,137181.71836052777,0
1710,601,France,Male,38,4,117866.03157791881,2,0,1,50183.4884216609,0
1711,705,Germany,Female,38,9,45924.56010415318,1,0,1,122779.77727278972,0
1712,643,France,Female,30,3,211020.45354898702,2,1,1,137081.4438750262,0
1713,541,Spain,Male,40,8,77113.19873241444,2,0,1,141736.60346400284,0
1714,692,France,Female,53,4,0.0,2,1,1,182760.65262013656,0
1715,623,France,Male,50,10,40249.12736050993,1,1,1,190089.09744946868,1
1716,645,France,Male,48,9,156174.13988659557,2,1,0,163937.61095625872,1
1717,666,Spain,Female,45,1,155699.6713410814,2,1,0,176962.14150472617,1
1718,659,Germany,Female,36,3,72443.96105968827,3,1,0,13672.487790625042,1
1719,685,Spain,Female,25,8,0.0,1,1,1,78906.94065876394,0
1720,628,France,Female,37,7,195673.63729588824,1,0,0,17547.22075327886,1
1721,675,France,Female,37,2,230920.63027206837,1,1,1,52720.61789819414,0
1722,637,France,Male,50,7,150384.99968277686,1,1,0,82527.62132820125,1
1723,686,France,Male,43,1,197061.6073954175,2,0,0,174839.34692245256,0
1724,680,Germany,Male,56,2,0.0,2,0,1,107233.27637662883,0
1725,603,Germany,Female,51,4,71874.1716321263,1,0,0,133283.59971047955,0
1726,704,France,Male,35,10,0.0,1,0,1,78934.96298994584,0
1727,623,Spain,Female,22,9,0.0,1,1,1,124554.02228251395,0
1728,690,France,Male,53,9,14569.352207019638,1,0,1,164951.93479612618,0
1729,668,Spain,Female,53,7,81375.46555785365,2,1,1,67235.86257564955,0
1730,741,France,Female,26,0,123731.88960261711,2,1,1,187128.77261280638,0
1731,638,France,Male,55,3,35936.630867474494,1,1,0,50529.564218190106,0
1732,632,France,Male,43,0,40306.213066030105,1,1,1,184667.24824195798,0
1733,649,France,Male,41,0,0.0,2,1,0,15376.533615910175,1
1734,634,Germany,Male,56,4,0.0,1,0,0,113122.93277245534,1
1735,689,France,Female,53,5,210099.74342096396,2,0,0,197182.85152555048,0
1736,569,France,Male,46,0,0.0,2,0,1,125857.958083871,0
1737,597,Germany,Female,44,10,123939.75701121546,2,1,1,115423.70837687343,0
1738,596,Germany,Male,46,5,0.0,1,0,1,139669.34688344266,0
1739,697,Spain,Male,35,4,56307.758185025494,1,1,0,64967.42708617392,0
1740,735,France,Male,39,3,45174.88067544753,2,1,0,20243.914424794086,0
1741,644,Germany,Male,30,9,200055.14839883396,1,0,1,57702.20734454971,0
1742,641,Germany,Male,36,4,121601.59173096069,1,1,1,43486.961758545454,0
1743,653,France,Female,36,7,199676.8589151411,2,1,0,185478.1549893854,0
1744,708,France,Male,33,8,178979.92861615113,2,1,0,171929.78544584734,1
1745,603,France,Female,41,10,56535.01945201092,1,1,1,70365.63787612639,0
1746,661,France,Male,36,1,132473.74341069418,1,0,0,168853.16819568843,1
1747,698,France,Female,45,5,0.0,2,0,1,50233.01084314551,0
1748,675,France,Male,23,2,111729.64146176721,1,0,1,47920.05819911977,0
1749,659,Germany,Male,38,1,140217.05180891533,1,0,0,155831.73150246372,1
1750,700,Germany,Male,41,0,245699.6562581051,2,1,0,72116.81638778895,1
1751,514,Spain,Female,36,3,205096.14344097886,1,1,1,22310.601490669487,0
1752,683,Germany,Female,38,7,0.0,1,0,0,146797.45037755155,0
1753,617,France,Male,24,2,0.0,1,0,0,198024.26221754303,0
1754,558,Spain,Male,43,4,0.0,1,1,1,117535.76581711385,0
1755,675,Spain,Male,46,9,30343.27845389524,2,0,1,60096.83931094685,0
1756,718,France,Female,44,4,0.0,2,1,1,80852.08179922398,0
1757,643,Germany,Male,50,4,116054.19807199611,2,0,1,133243.416133775,0
1758,697,Spain,Female,42,10,164092.7794374135,2,1,1,143262.12631285388,0
1759,730,Germany,Male,44,8,130199.50390878448,2,1,0,178403.12235025,0
1760,715,Spain,Female,41,7,0.0,1,1,1,182678.72074064115,0
1761,731,France,Female,46,7,0.0,1,0,1,173642.91732749925,0
1762,687,France,Female,24,0,49245.02828739014,2,1,0,133213.27598272607,0
1763,653,France,Male,31,0,0.0,1,1,0,95471.95026566394,0
1764,569,Germany,Female,55,1,0.0,1,1,1,139068.04203174164,0
1765,637,Spain,Male,18,7,0.0,1,1,0,136647.43689829973,0
1766,607,Spain,Female,38,9,198385.44363629635,2,1,1,51416.75504806177,0
1767,758,France,Male,51,0,32353.72217077038,1,1,1,106435.1895864012,0
1768,641,France,Female,39,3,0.0,2,0,1,49560.805148107356,0
1769,656,Spain,Female,35,8,171007.20509142752,1,1,1,180833.51838721705,0
1770,677,Germany,Male,41,1,0.0,2,1,1,71417.10263412457,0
1771,652,France,Male,36,2,248674.61864982947,1,0,1,163030.9379212319,0
1772,734,France,Female,40,10,0.0,2,1,1,81673.14232302558,0
1773,618,Germany,Female,33,5,32382.927498142955,1,1,1,155109.866896545,1
1774,659,Spain,Male,51,10,0.0,1,1,1,51973.3664224111,0
1775,612,France,Female,54,9,87668.37821303439,2,1,0,155111.21133099587,0
1776,583,France,Female,38,2,0.0,1,0,1,44111.08655398073,0
1777,619,Spain,Male,26,3,205682.03827306477,1,0,0,103255.33265031812,0
1778,648,Germany,Male,34,8,81248.28424786443,2,0,1,31589.081509985608,0
1779,628,France,Male,38,8,244212.68512476765,1,1,0,110300.6353539097,0
1780,615,France,Female,45,9,178621.94366364536,2,1,1,165935.7265173756,0
1781,579,Germany,Female,29,4,0.0,1,1,1,153553.92097909452,0
1782,645,France,Female,32,6,0.0,1,1,1,19635.89091483649,0
1783,574,France,Male,45,8,0.0,2,0,1,103513.7385546508,0
1784,688,Germany,Female,49,7,0.0,2,1,1,171922.80897757047,0
1785,654,France,Male,33,10,138565.88095430454,1,1,0,133519.66316034616,1
1786,577,Germany,Male,26,6,17481.539756255406,2,1,0,21248.250613687047,0
1787,634,France,Female,72,7,0.0,2,1,0,71870.08445438789,1
1788,612,Germany,Male,47,4,126926.02606922638,2,1,0,115751.50885882194,0
1789,665,France,Female,37,4,0.0,1,1,1,42803.780290729235,0
1790,717,France,Male,48,4,205683.89758250333,1,1,0,139563.6727683351,0
1791,556,France,Male,38,0,65328.42927801218,1,1,1,130620.81777936601,0
1792,655,Spain,Male,48,5,21621.50714242667,1,1,1,48464.41323079194,0
1793,641,Spain,Female,41,4,178776.12546695743,1,1,1,114575.61331103157,0
1794,683,France,Male,40,7,244663.06923132984,1,0,0,164226.5256203896,0
1795,660,Spain,Female,38,7,117197.91677941625,2,1,0,81217.07295766447,1
1796,612,Germany,Male,25,1,0.0,2,0,0,56927.449250071295,0
1797,634,Spain,Male,59,10,47601.25470003543,1,0,1,143231.90895607913,0
1798,610,France,Male,30,5,78986.94337374042,2,0,0,23452.819662166057,1
1799,703,Germany,Female,26,10,88700.69232914795,2,1,1,168208.02334656825,0
1800,651,France,Female,37,9,111729.93842427149,1,0,1,189257.2037801813,0
1801,745,France,Female,30,9,167297.70957150075,1,1,0,193309.53098230236,1
1802,646,Spain,Female,39,5,75559.13345925449,1,1,0,92182.36331997889,0
1803,614,Germany,Female,46,2,0.0,2,0,1,128408.53978383444,0
1804,574,France,Male,49,0,99586.8667774527,1,1,0,172899.26591939887,0
1805,559,France,Male,48,6,215351.10787817818,1,0,1,52450.55810815752,0
1806,570,Germany,Female,36,9,129604.36260445211,1,0,1,15263.507064021094,1
1807,663,Germany,Female,40,4,0.0,2,1,0,83067.58417219628,0
1808,675,France,Female,44,9,130869.16746129563,2,1,1,178030.50121335674,0
1809,570,Spain,Female,22,4,76215.71606124348,1,0,0,105963.66319364282,0
1810,694,France,Male,45,10,0.0,1,1,0,110741.60021733431,0
1811,625,France,Female,25,7,176685.87922853834,2,0,1,141380.06859481873,0
1812,657,Spain,Female,60,4,0.0,2,1,0,119158.2794711084,0
1813,730,France,Female,35,4,0.0,2,0,0,20350.561417223573,0
1814,694,France,Female,38,0,191230.42944019148,3,1,1,116563.42377792872,0
1815,636,Germany,Male,32,1,184216.8314235743,1,1,0,133112.18166863552,0
1816,605,Spain,Male,33,4,20407.192040374473,1,1,0,131903.19778623676,0
1817,542,France,Female,62,6,202617.25727080676,2,1,1,148385.39022482582,0
1818,614,Spain,Male,49,2,0.0,1,1,0,108784.85264845773,0
1819,639,Spain,Male,24,0,104010.04739554544,1,1,1,181011.17157291083,0
1820,600,France,Female,55,10,139004.6623043369,1,1,0,98209.51655066306,0
1821,643,Germany,Female,51,1,0.0,1,0,1,108455.42987231456,0
1822,653,France,Male,37,2,45881.51436971127,1,1,0,158258.0936937565,1
1823,638,France,Male,43,8,110179.6948783468,3,0,1,168314.64538592804,0
1824,617,Spain,Male,39,7,90540.69044516412,1,1,0,133188.67872963194,1
1825,658,Spain,Male,59,3,94098.14675632922,1,1,1,34010.91040603106,0
1826,672,France,Male,32,7,0.0,1,1,1,73070.89789096473,0
1827,595,France,Female,41,8,48362.4371200553,2,0,0,13829.554948407298,0
1828,720,France,Male,35,2,0.0,2,1,0,66135.46354973342,0
1829,645,France,Male,25,5,99573.93837319547,1,0,0,118346.4153396676,0
1830,650,France,Male,61,7,224677.97076994998,1,0,1,162993.84047590572,0
1831,685,France,Male,28,9,0.0,2,0,1,121273.45698444227,0
1832,661,Germany,Male,42,6,109886.2018419531,1,0,1,17579.984587186882,0
1833,697,France,Male,22,8,84786.25967179309,3,1,1,59230.227375926166,1
1834,664,France,Male,36,6,198971.99501232113,2,1,0,119831.71947593796,0
1835,619,Spain,Male,44,0,22030.343756995877,1,0,0,144719.0671045175,0
1836,668,Spain,Female,31,8,0.0,2,1,1,174626.2315036913,0
1837,592,France,Female,45,4,60553.97016515065,1,1,0,193852.59106701586,1
1838,655,France,Male,37,5,248311.0720751755,1,1,0,179439.45804557475,0
1839,648,Germany,Female,51,1,146986.00431191287,1,1,1,98792.3175086853,1
1840,639,France,Female,53,1,0.0,2,0,0,151916.60710800378,0
1841,643,France,Female,34,3,75327.79342637572,1,1,0,55700.2819571141,0
1842,555,Germany,Female,40,3,0.0,1,1,1,22127.850956399867,0
1843,622,France,Female,41,4,0.0,1,1,0,20463.112672535393,0
1844,654,France,Female,46,6,201323.68681789422,2,1,0,55848.08008904956,0
1845,657,France,Male,40,10,0.0,1,1,1,17132.806177770242,0
1846,598,France,Male,41,0,0.0,1,1,1,171551.7586476492,0
1847,713,France,Female,37,9,89500.29927807905,2,1,0,103084.9439176242,0
1848,606,Spain,Male,41,3,142886.82065615905,2,0,0,164071.007731438,0
1849,698,France,Female,52,8,71816.56780568731,2,1,1,188580.67260303305,0
1850,671,France,Male,46,7,83928.70598277636,1,1,0,198842.49844459764,0
1851,617,France,Male,47,2,166537.1066480159,2,1,0,188061.16180094265,1
1852,738,Spain,Male,47,5,46084.03022061526,1,0,0,146145.79146248652,0
1853,590,Germany,Female,38,10,0.0,1,0,0,93976.13384978316,0
1854,695,France,Male,43,8,214536.35594155054,2,0,1,123617.11942162638,0
1855,700,Spain,Male,29,7,0.0,2,0,1,165134.30990281762,0
1856,616,France,Female,52,6,225390.70733679496,2,0,0,180535.35597077353,1
1857,719,France,Female,18,6,29066.963271734796,2,0,1,191729.0090347374,0
1858,637,France,Male,39,0,0.0,2,0,1,148815.08282082807,0
1859,664,France,Female,51,4,156522.2356571187,1,1,0,112591.17433311584,0
1860,663,France,Male,26,6,144259.54242844885,2,1,0,193990.62486584883,0
1861,643,Germany,Male,43,1,0.0,1,1,1,192138.74273588043,0
1862,690,France,Female,33,5,0.0,2,0,0,100735.03914119014,0
1863,689,Germany,Female,36,1,243556.79035486066,1,0,1,133245.0941939794,0
1864,562,France,Male,49,2,0.0,1,1,1,163760.75809950658,0
1865,715,France,Female,41,0,0.0,2,0,0,92285.03027011362,0
1866,566,France,Male,19,2,143634.26610682014,1,1,0,167581.74906979655,0
1867,701,Spain,Female,30,6,234624.1050988786,2,1,0,31176.53977219491,0
1868,706,France,Female,49,4,52260.63002002267,2,1,0,101418.82696200947,0
1869,595,Germany,Female,44,3,200085.1343630619,1,1,0,101696.3747889059,0
1870,629,France,Female,57,7,24347.578106879475,2,1,1,140084.84067190142,0
1871,594,France,Female,56,7,221967.14723265436,2,1,0,32118.47193331783,0
1872,639,France,Male,36,0,171798.26132791207,2,0,1,29609.98235555348,0
1873,634,France,Male,65,8,98861.14814138321,2,1,0,181113.01435704675,0
1874,688,France,Male,40,8,0.0,1,1,1,67710.87824613872,0
1875,715,France,Female,30,1,205967.94365612915,1,1,1,72115.25187852734,0
1876,719,Spain,Male,33,1,0.0,1,1,1,157603.69387206656,0
1877,621,France,Male,18,7,96499.80470752034,1,1,0,88832.71686119812,0
1878,639,Germany,Female,56,10,0.0,2,1,0,168255.51327879456,0
1879,565,France,Female,55,5,208370.23745737036,1,1,0,86279.05892116332,0
1880,609,Germany,Female,29,2,91342.52640564826,3,1,0,154513.9555794709,0
1881,698,Germany,Male,37,1,31511.84274638289,2,1,1,109808.89199144645,0
1882,730,France,Male,40,4,0.0,1,1,1,187807.3440042639,0
1883,588,France,Female,30,7,0.0,1,1,1,72203.90486214691,0
1884,620,Germany,Male,22,5,93613.00266765124,2,1,1,78911.21305743702,1
1885,648,Spain,Male,37,2,0.0,2,1,1,194297.43808636346,0
1886,664,France,Female,36,8,225381.41709480295,3,0,1,150129.76861362453,0
1887,609,France,Male,36,7,62201.28008508013,1,1,0,156787.79433862332,1
1888,671,Spain,Female,42,9,162801.48832033208,1,0,0,66235.58229994564,1
1889,626,France,Male,54,5,221383.6027859447,2,1,1,111088.43548493569,0
1890,649,Germany,Female,36,0,18379.26750477218,1,1,1,69572.7872315546,1
1891,677,France,Male,41,1,0.0,2,1,0,59375.08850326913,0
1892,650,France,Male,47,3,108543.86120554588,1,1,1,111695.8256491712,0
1893,628,Germany,Female,45,1,167913.89806365085,2,1,0,197674.51860747792,1
1894,644,Germany,Female,33,2,0.0,1,0,0,50778.30297072755,0
1895,645,France,Female,40,7,0.0,2,1,0,56078.77322663246,0
1896,631,France,Female,45,8,71030.7794938478,2,1,1,56194.507785492024,0
1897,637,Spain,Male,28,5,0.0,3,1,0,160423.42970652512,0
1898,729,Germany,Female,52,3,0.0,1,1,1,106991.59161178624,0
1899,678,France,Female,54,10,13928.263369619866,1,1,0,83105.85477887889,0
1900,635,Germany,Female,32,1,0.0,1,0,1,170320.06852976634,0
1901,684,Germany,Female,41,6,0.0,2,1,0,66523.22128850182,0
1902,633,Spain,Female,46,9,104132.8548644867,2,0,0,84521.40074817678,0
1903,708,Germany,Male,34,10,0.0,2,0,0,23987.90626575141,1
1904,668,France,Female,44,6,59423.71607496288,1,1,0,32592.9193562532,0
1905,644,Germany,Female,41,9,0.0,1,1,0,35978.9026770202,1
1906,672,Germany,Female,25,8,129462.14538445634,1,0,1,75925.29530403732,1
1907,571,France,Male,44,4,97876.83105214637,1,1,0,109576.19949266178,0
1908,593,France,Male,28,9,0.0,2,1,1,10141.419828925411,0
1909,590,France,Male,49,3,91933.5332754298,1,1,1,46087.13918496811,0
1910,657,Germany,Female,33,9,93349.20615912568,2,1,1,43373.503836295895,0
1911,736,France,Female,38,5,0.0,2,0,1,58135.90126981818,0
1912,761,Germany,Male,53,1,84359.73388938588,2,1,1,41555.37595011357,0
1913,681,Spain,Male,44,1,58185.435605062026,2,1,1,47074.354421143165,0
1914,675,Spain,Female,29,8,203835.0707191773,1,1,0,196937.26858315957,1
1915,559,Spain,Female,29,6,203289.04809453562,2,1,1,122998.74923937644,0
1916,622,Spain,Female,34,6,0.0,1,0,0,154911.70132210737,0
1917,610,France,Male,43,4,0.0,1,1,0,165675.24164533083,0
1918,618,Germany,Female,43,6,177058.39018423326,2,0,0,136859.31351092958,0
1919,641,France,Female,31,8,132225.830022984,2,1,1,143775.25130517618,0
1920,626,Spain,Male,28,9,110089.5901526158,1,1,1,130133.85446170402,0
1921,551,France,Male,42,4,248774.606391219,1,1,1,133380.9608287966,0
1922,687,Spain,Male,38,8,0.0,2,0,0,186405.42955514294,0
1923,596,Germany,Female,61,0,152254.71501756654,1,1,0,45290.310036340765,1
1924,661,Spain,Male,40,2,222607.12625815847,2,1,0,62198.70680699115,0
1925,753,France,Male,58,6,174931.60988346755,1,0,1,27719.12427556011,0
1926,604,France,Female,28,3,221421.5917811772,1,1,0,169091.64796321167,1
1927,523,Spain,Female,24,1,0.0,2,1,1,95263.51148929124,0
1928,635,France,Male,28,2,0.0,2,0,1,182349.86650402963,0
1929,705,Spain,Female,51,6,214305.37285650513,2,0,1,88218.38551681074,0
1930,747,France,Male,57,7,0.0,2,1,1,94096.69003548693,0
1931,588,Germany,Female,32,10,180323.75753375472,1,0,0,95187.73524464079,0
1932,674,France,Female,35,8,45459.65881938742,2,1,1,126373.6875143911,0
1933,626,Germany,Male,28,5,191401.15009040193,1,1,1,155563.58222351383,0
1934,644,Germany,Male,21,9,0.0,2,1,1,76745.53246227156,0
1935,782,France,Male,47,8,0.0,1,0,1,129731.43615024076,0
1936,574,France,Female,42,3,128680.95135013721,1,1,1,48753.8129838176,1
1937,662,France,Male,40,4,0.0,1,1,0,115268.94985527545,0
1938,673,Germany,Female,25,0,12852.738123372083,2,1,0,113851.1309702992,0
1939,704,Germany,Female,56,8,162992.09411539108,1,1,1,178856.01447317452,0
1940,654,Germany,Male,34,8,139981.78678558586,2,0,1,180210.59253144817,0
1941,665,Germany,Female,45,8,62868.68025921582,1,1,0,102570.12007691937,1
1942,630,France,Female,25,2,190715.45775428723,1,1,1,14673.898497892962,0
1943,663,France,Male,38,9,82830.63631196828,1,1,0,170478.17061745212,0
1944,632,France,Female,42,9,76446.62357117554,1,0,0,10118.269407382671,0
1945,681,France,Female,43,9,123092.40375983744,2,0,0,100868.19074643329,0
1946,631,Spain,Male,41,7,172275.92282136754,2,1,0,13760.129950356795,1
1947,668,Spain,Male,44,2,232923.03421030106,2,1,1,76992.34592764435,0
1948,648,France,Female,28,5,0.0,1,1,1,130985.29035264906,0
1949,706,Germany,Female,41,4,105152.34898041608,2,0,1,80528.17158027533,0
1950,647,Spain,Female,41,7,26077.50220303118,1,1,1,186109.3581296027,0
1951,561,France,Female,42,2,192052.1793932182,2,1,0,131745.09035451367,1
1952,713,France,Male,40,0,117455.89352352657,1,1,1,132824.33578540065,0
1953,604,France,Female,27,8,0.0,2,1,1,81143.03873418024,0
1954,617,Germany,Female,26,9,87326.66175430895,2,1,1,17323.269616289326,0
1955,620,Spain,Female,18,8,212636.13793751763,1,1,0,150254.14746347163,0
1956,718,Germany,Female,48,2,0.0,1,0,1,146086.49880344846,0
1957,543,France,Male,48,1,236465.87723767722,2,1,1,110723.7551307253,0
1958,806,France,Female,48,3,0.0,1,0,0,89090.92745896126,0
1959,702,Spain,Male,43,7,133426.43789009785,2,0,0,112280.23950163806,1
1960,661,Spain,Male,18,5,0.0,2,0,0,151894.9267885732,0
1961,647,Germany,Male,29,9,154036.63553766752,2,1,0,145429.2318496944,0
1962,664,Germany,Male,41,0,0.0,4,1,1,135040.83584235614,0
1963,676,France,Male,41,7,0.0,1,1,1,181717.68080663256,0
1964,682,Spain,Female,37,4,81583.28633821562,1,1,1,125878.79168705764,0
1965,677,Spain,Male,43,5,69826.68792793169,1,0,1,12756.833033557077,1
1966,654,France,Male,40,4,0.0,2,1,1,127432.12877069841,0
1967,640,Germany,Male,41,9,140117.94580560375,2,1,0,126386.25667735309,0
1968,642,France,Female,33,4,0.0,3,1,1,23230.87106603326,0
1969,640,France,Male,49,2,104385.6778381574,2,0,1,91268.6533200326,0
1970,706,France,Female,35,3,115590.49035093092,2,1,1,133708.28977208224,0
1971,679,France,Male,26,4,138390.37982411945,4,1,0,143855.23403212984,0
1972,502,France,Male,32,10,0.0,1,1,0,179679.42879521308,0
1973,682,France,Female,36,10,229491.53898427743,2,1,0,169862.38633487732,0
1974,659,Germany,Female,49,1,214300.47199222053,2,1,1,32144.843769077164,1
1975,649,France,Female,39,5,0.0,1,0,1,125669.04106110876,0
1976,630,France,Male,38,1,0.0,1,1,0,123331.46812736282,0
1977,706,France,Female,27,3,0.0,1,0,1,67712.1043587439,0
1978,697,Germany,Female,47,0,0.0,2,0,0,44980.08416239959,0
1979,611,France,Female,33,3,0.0,2,0,0,47906.645208841255,0
1980,670,France,Female,38,6,0.0,1,1,1,43734.07611762344,0
1981,601,Spain,Female,54,7,53155.73679544571,2,1,0,163190.09775884743,0
1982,581,Germany,Male,45,1,202690.60909356034,1,1,0,38194.67962503678,0
1983,618,Spain,Female,23,2,149080.34599982182,2,0,0,60234.47569494303,1
1984,693,France,Male,22,0,0.0,2,0,0,51379.79685912566,0
1985,697,France,Female,39,6,65548.84295769196,3,1,1,145442.79815771602,0
1986,675,Germany,Female,27,3,126552.37795149616,1,1,1,40095.21993450501,0
1987,686,France,Male,46,10,244582.8085797928,2,1,0,14572.340995610983,1
1988,675,France,Male,40,9,208346.44342594472,1,0,0,81102.83016446409,0
1989,617,France,Male,41,7,184867.76298891785,1,1,0,67967.90961868747,0
1990,671,Spain,Male,32,4,0.0,1,1,0,85563.89394159266,0
1991,690,France,Female,57,8,194657.29621833187,2,0,1,153224.99043154143,0
1992,687,Spain,Male,68,5,0.0,4,1,0,12349.71269008074,0
1993,709,Spain,Female,37,10,137328.85529122184,2,1,0,17164.444330136175,0
1994,685,France,Female,43,9,156198.69112948966,2,0,0,58572.480054503474,0
1995,667,Germany,Female,40,1,156247.29076582097,1,1,0,178949.61239316696,1
1996,703,Germany,Male,37,0,184365.63325924394,1,1,0,42124.15511357511,0
1997,648,Spain,Male,31,0,168808.50223412935,2,1,1,199437.21178850526,0
1998,605,France,Male,29,8,26409.01103454156,1,0,0,163081.58755355972,0
1999,641,Spain,Female,28,0,0.0,3,1,0,96665.94509455042,1
2000,612,France,Male,44,2,169365.185612795,2,0,1,152093.82659723528,0
2001,616,Spain,Male,34,1,81038.31571977488,1,1,1,108574.87373801338,0
2002,642,France,Female,18,3,85133.60493193353,2,1,0,117538.53028157324,0
2003,610,France,Male,44,0,39896.21146110773,1,1,0,120346.63096458168,0
2004,634,Spain,Female,39,0,110467.59663396528,1,1,1,133256.897444088,0
2005,555,Spain,Male,53,3,246839.30423348193,2,0,1,21545.196105812072,0
2006,660,Germany,Male,43,3,78476.64670912897,2,1,0,127134.63993790651,1
2007,650,France,Male,25,6,137544.85424466355,3,0,0,146220.23055311703,0
2008,609,France,Male,18,7,188376.94066698026,1,0,0,69037.39565697545,1
2009,682,Spain,Male,32,7,13239.34501222496,2,1,1,195929.97778993784,0
2010,696,Spain,Female,33,7,226105.49430359175,1,1,1,37444.566342174425,0
2011,569,Spain,Male,49,8,102772.04433398525,1,1,0,182984.07928039358,1
2012,611,France,Male,39,0,0.0,2,1,0,138525.38750968612,0
2013,611,France,Male,51,8,0.0,1,1,1,136219.75085585937,0
2014,603,Germany,Male,26,9,44959.252447282204,2,1,0,176444.30538473642,0
2015,691,Spain,Male,49,7,87407.0690746142,2,0,0,168028.55014712154,0
2016,640,France,Male,47,0,92910.8255351869,1,1,1,75632.54213689525,1
2017,636,Spain,Male,19,6,213470.61352672396,1,0,0,144020.26243998515,0
2018,549,Germany,Female,53,8,12688.267693176449,1,0,1,19614.490710516337,1
2019,681,France,Female,40,3,163866.8263527231,2,0,1,98163.50212290385,0
2020,588,France,Male,43,8,41514.98468285207,1,0,1,188177.67953761976,0
2021,652,France,Female,31,0,0.0,1,1,1,62076.99508225128,0
2022,663,Germany,Male,52,8,196857.58382989897,2,1,0,19494.449922448144,0
2023,718,France,Female,28,5,0.0,3,1,1,120759.54846886893,0
2024,584,France,Male,48,3,61044.934122970044,2,1,1,77468.95498262752,0
2025,499,Spain,Male,48,4,0.0,1,1,0,82139.85931884925,1
2026,659,France,Female,30,6,47501.99623783495,1,1,0,120666.86554079488,0
2027,740,France,Male,59,9,55605.71022223683,2,1,1,128101.92127616168,0
2028,711,France,Female,42,3,160405.57653408585,2,0,0,93091.17346057901,1
2029,660,Germany,Male,46,7,247894.82706126984,1,0,0,106434.35601600193,1
2030,625,Spain,Male,24,2,0.0,1,1,0,198718.59378170304,0
2031,690,France,Male,61,1,152345.7658440825,1,1,0,191858.11202656545,0
2032,601,Spain,Male,27,0,139248.82450418168,1,0,1,144390.2436846178,0
2033,673,Germany,Female,50,5,249612.37120194605,2,1,0,40681.11011840667,0
2034,675,France,Male,30,1,141375.3154321345,1,1,0,78392.4159576315,1
2035,703,France,Female,33,7,110827.96527026655,1,0,1,177786.7625764969,0
2036,787,France,Female,47,10,228293.32858608195,1,1,1,90477.52407404514,0
2037,669,France,Male,50,9,66204.23100862917,1,1,1,191519.85338149386,0
2038,624,Germany,Male,27,3,33406.23767123415,1,0,0,102777.33881921544,0
2039,648,Germany,Female,50,8,162181.60824683929,1,1,0,173736.13549897406,1
2040,561,France,Female,50,3,33003.91210449976,2,1,1,16721.99091031962,0
2041,615,France,Male,30,3,99555.64886871043,1,1,0,92491.10201062722,0
2042,629,France,Female,55,7,111658.57253961293,2,0,0,143049.75164233972,0
2043,623,Germany,Female,25,7,141409.13609181595,2,1,1,174077.26114521612,0
2044,657,France,Female,33,4,247998.29097951096,1,0,0,125830.24963603327,0
2045,608,Germany,Male,44,2,63035.613599963384,1,0,1,42919.78492881258,0
2046,706,France,Female,31,1,100181.53084165888,1,1,1,178300.89139419157,0
2047,650,Germany,Female,42,8,41737.62985855792,2,1,0,119214.50090805185,1
2048,649,Spain,Female,42,8,0.0,2,1,0,30523.45453263515,0
2049,633,France,Female,38,4,184641.56375388004,1,1,0,98130.88770406858,0
2050,657,France,Male,48,7,125698.43757661093,2,1,0,142799.2447699962,0
2051,691,Spain,Male,37,6,0.0,2,1,1,95692.99180011207,0
2052,606,France,Female,42,2,159013.18460361945,1,0,1,175450.12038026532,0
2053,617,Germany,Female,51,4,0.0,2,1,0,90501.91976654666,0
2054,634,France,Female,47,8,0.0,1,1,0,120856.01101130061,0
2055,582,Germany,Male,47,3,107363.65612051127,2,0,0,50122.38284036157,0
2056,609,France,Male,28,2,0.0,1,1,1,107410.40650857119,0
2057,626,Spain,Female,45,6,245828.2609051439,2,1,1,52342.88888721851,1
2058,693,Germany,Female,31,7,213828.59971732524,1,0,0,52785.55811039722,1
2059,663,Spain,Male,27,4,186248.9891856625,2,0,1,63181.483026215974,0
2060,659,Germany,Female,39,7,223306.48612070738,1,1,0,18397.86081505827,0
2061,692,Germany,Female,30,4,0.0,2,1,0,41028.83193055588,1
2062,643,France,Male,47,8,0.0,1,0,0,90628.51881328164,0
2063,669,Spain,Male,48,6,23092.747571081913,1,1,1,34901.49475439383,0
2064,644,Spain,Male,20,4,0.0,1,1,0,35343.10259824534,0
2065,663,France,Male,31,8,189255.60045804005,1,1,1,193907.04739232856,0
2066,620,Spain,Male,25,4,149990.99118640323,2,1,0,91148.49900746919,1
2067,528,Germany,Female,35,7,52039.8793961888,3,1,1,86709.2129282501,1
2068,643,Germany,Male,44,3,0.0,2,1,0,60869.77441959674,0
2069,721,France,Male,37,8,86265.8500064059,2,1,0,107364.96023041898,0
2070,696,France,Male,34,5,72723.25916424065,1,0,0,123252.3313150301,0
2071,698,France,Male,53,5,0.0,1,0,1,89455.24917230362,0
2072,711,France,Male,18,2,133564.78923066903,2,1,1,84823.61812646613,0
2073,654,Germany,Male,52,2,215168.56594798624,3,1,0,143081.06989237043,1
2074,659,France,Female,34,3,188087.8389745015,2,0,0,190457.57316836252,0
2075,619,France,Male,39,0,210459.9289638961,1,1,1,176786.1934866914,0
2076,634,Spain,Female,34,5,222064.89869514073,1,1,0,32537.850712023923,1
2077,680,France,Female,55,0,109876.10946342575,1,1,1,133938.6473697755,1
2078,710,France,Male,27,10,0.0,1,0,1,11339.046375191992,0
2079,643,France,Male,40,3,0.0,2,1,1,130287.43769665793,0
2080,627,France,Female,45,6,233317.98925034422,1,0,1,98227.18189573725,0
2081,650,Spain,Female,23,5,0.0,2,1,1,103311.47994532828,0
2082,680,Germany,Female,30,7,187872.5236889129,2,1,0,121724.86549190122,0
2083,577,Spain,Male,38,3,0.0,2,1,0,151104.5224448947,0
2084,535,France,Female,31,8,0.0,2,0,0,148596.98250310944,0
2085,622,Germany,Male,31,9,110704.48502419096,1,1,1,18451.015993869343,0
2086,588,France,Male,36,7,0.0,3,0,1,149933.93339728372,0
2087,624,France,Female,46,4,77837.15971928238,1,1,0,167665.03632713924,0
2088,642,France,Male,36,5,0.0,2,1,1,22952.798642764465,0
2089,627,France,Male,50,4,152924.6583708242,1,1,0,71359.8541287604,1
2090,722,France,Female,30,5,249515.8320897937,1,1,1,160492.1745980858,0
2091,666,France,Female,27,0,134217.38031500712,1,1,0,103690.29498332345,0
2092,665,Spain,Male,59,3,234714.07273438972,1,0,1,142029.30307389164,0
2093,681,France,Female,33,8,0.0,2,0,0,105440.00344364556,0
2094,593,France,Male,26,3,201007.4354025364,2,1,1,195862.26546355156,0
2095,701,France,Female,22,1,114630.39739090338,2,0,0,187876.6838446087,0
2096,646,Germany,Female,50,5,102770.14004147216,2,0,0,63417.59596217782,0
2097,683,France,Female,36,1,0.0,2,1,1,83318.11613126387,0
2098,596,Spain,Female,37,2,0.0,1,1,1,91955.73958871052,0
2099,572,Spain,Male,38,6,0.0,2,0,1,29798.82325928113,0
2100,690,France,Female,50,3,0.0,1,1,1,86774.23990709476,0
2101,668,France,Male,38,0,0.0,2,1,1,157221.08602545923,0
2102,604,France,Male,63,8,68843.08968214772,3,1,1,170910.2934753321,0
2103,606,Germany,Female,41,5,247266.4581728711,1,0,1,178365.2225832696,0
2104,706,France,Female,50,8,25970.2756259626,1,1,1,12766.210032580217,0
2105,590,France,Female,48,2,0.0,2,1,1,159873.1473621881,0
2106,732,France,Female,39,4,95309.92011579392,2,1,1,105499.26005219456,0
2107,604,Germany,Female,34,8,110528.73273453292,4,1,1,49170.23751744142,1
2108,681,France,Male,43,5,209674.6356997209,2,1,1,104761.55427717285,0
2109,633,France,Female,45,1,31744.723841285926,1,1,0,170409.48866954053,0
2110,680,Germany,Male,34,0,95000.72284486172,1,0,1,92507.37987451896,1
2111,622,Germany,Male,41,8,238485.82652069753,1,0,0,198187.60531381454,1
2112,641,Spain,Male,52,0,177775.81906510153,2,1,0,127169.80508701595,1
2113,652,France,Male,60,4,191185.3995534137,1,0,1,103055.09713769093,0
2114,599,Spain,Female,48,0,191801.27222931435,2,0,1,66028.97229479667,0
2115,687,Germany,Female,58,4,24536.819959346685,2,1,0,12099.70190141591,0
2116,624,France,Male,33,4,0.0,3,1,0,126004.18777096784,1
2117,638,Germany,Male,47,6,127903.18145949084,1,0,0,119724.15380770987,1
2118,600,France,Female,53,6,98356.05579409003,1,1,0,108194.72749417987,1
2119,521,Spain,Male,31,10,108618.95035188484,2,1,0,112163.84625594599,0
2120,640,France,Female,35,9,0.0,2,1,0,170269.2505173532,1
2121,770,Germany,Male,57,0,13523.016416256465,2,1,0,70205.28568164384,1
2122,689,France,Female,30,8,0.0,2,1,1,114548.24936003935,0
2123,649,Spain,Male,26,0,10026.45563243739,1,1,0,139190.04891312378,0
2124,636,France,Male,55,4,0.0,1,1,0,49865.59611642658,0
2125,651,Spain,Male,51,6,107988.66876102975,1,1,1,185715.68885893453,0
2126,677,Spain,Female,44,7,0.0,2,1,1,150053.27970704302,0
2127,590,France,Female,39,1,0.0,1,1,0,20126.126029653962,0
2128,705,Spain,Female,35,0,0.0,2,1,0,174370.27260820652,0
2129,685,Spain,Male,42,3,172841.2544384186,2,1,1,186675.327618423,0
2130,685,France,Male,55,3,65087.89220131854,1,0,0,160797.30916251344,0
2131,671,France,Male,42,9,0.0,3,1,1,90982.67432179708,0
2132,650,Germany,Male,61,5,228737.74795316617,2,0,0,198931.61094637922,0
2133,683,France,Male,31,0,0.0,2,1,1,33642.820888073096,0
2134,679,France,Male,39,0,47757.53482903552,1,0,1,111955.10985717931,0
2135,632,France,Female,36,2,0.0,1,1,0,42374.2527737825,0
2136,621,France,Female,29,4,152128.04320204337,1,1,0,93476.27254078185,1
2137,655,France,Female,38,5,16469.142351551494,1,1,1,186210.61825886022,0
2138,727,France,Male,44,4,31742.657379415985,1,0,0,160909.6143963166,0
2139,588,Spain,Female,45,4,47627.525233842585,2,1,0,158595.5688907646,0
2140,576,Germany,Male,61,8,42709.378614848785,1,1,0,77232.22218654606,1
2141,658,France,Male,44,1,0.0,3,1,1,187511.3337142727,0
2142,652,Germany,Female,51,0,118985.2775765363,2,1,1,79969.57682425865,0
2143,658,Germany,Male,40,5,99211.91149575626,1,1,0,17594.952786788148,0
2144,662,Spain,Male,56,8,223755.97393710326,2,0,1,131182.2398675832,1
2145,638,France,Male,63,6,156906.2582575209,4,1,1,78903.04713991973,1
2146,724,France,Male,45,7,220274.64399084233,2,1,1,39207.72876474806,0
2147,569,Spain,Male,30,4,136489.43798022374,1,0,1,187585.0317902774,0
2148,608,Spain,Female,34,9,31568.91296544159,2,1,1,131075.51146650623,0
2149,644,Germany,Female,42,3,121188.98777594436,1,1,1,188700.64100694383,0
2150,567,Spain,Male,44,5,207287.81124216758,2,1,0,120765.94963587556,0
2151,641,France,Male,46,2,56584.904120105944,2,0,0,22134.09532889672,0
2152,733,Germany,Female,44,0,31891.426900635943,1,1,0,15688.697604971458,1
2153,651,France,Female,40,10,89064.33720118242,1,1,1,181106.67265043498,0
2154,661,France,Female,33,3,103335.4793536335,2,1,0,17358.30800695452,0
2155,586,Spain,Male,44,8,83501.84233741705,2,1,1,126883.4014647281,0
2156,619,France,Female,58,3,0.0,2,1,0,66615.40341404935,1
2157,631,France,Female,50,0,70201.5663332115,1,1,0,140655.04642956378,1
2158,634,Spain,Male,45,3,173747.77710450647,1,1,0,64097.261456257744,1
2159,714,France,Male,50,6,0.0,1,1,1,17072.21238540309,0
2160,677,Spain,Female,36,2,161811.8667084534,2,1,0,148859.3098317938,0
2161,594,Spain,Male,34,9,0.0,1,0,1,69071.49975007353,0
2162,662,Germany,Female,32,5,0.0,1,1,0,114651.7961793777,0
2163,674,France,Female,38,0,69651.89390747104,1,1,1,157034.50578768793,0
2164,707,France,Male,35,10,135170.3278643636,2,1,0,143536.42734770104,0
2165,729,France,Male,52,3,0.0,2,1,0,76228.509988883,0
2166,599,France,Female,35,2,113618.49815798228,2,0,1,152087.0652529965,0
2167,609,France,Male,31,0,147429.4775655796,2,1,0,185879.3913347663,1
2168,587,Spain,Male,59,2,0.0,1,1,0,125895.17257804846,0
2169,638,France,Male,35,3,0.0,1,0,1,143666.15152246325,0
2170,673,Germany,Male,41,4,62687.44475574866,2,1,1,174522.5465392715,0
2171,699,France,Male,44,5,26933.909263701804,2,1,1,170291.71709306288,0
2172,646,Germany,Male,28,1,93485.75707362161,1,0,1,76804.25222229869,1
2173,634,Spain,Male,52,1,0.0,2,1,1,198423.1133875147,0
2174,657,France,Female,46,5,94931.29755126641,2,1,0,15427.540008939628,1
2175,608,France,Male,55,4,120528.78924087415,2,0,1,197474.43863606497,0
2176,754,Germany,Female,33,0,166740.94022953004,2,1,1,56739.455343455564,0
2177,569,Germany,Male,40,2,165639.4602805857,2,1,0,93683.03958649709,1
2178,659,Germany,Female,40,10,237974.7952044698,1,0,1,177900.86018669567,0
2179,751,France,Male,42,4,215815.39369579006,2,0,0,56422.479320209495,1
2180,650,France,Female,25,1,200548.16490523654,3,1,0,52708.51066711123,0
2181,640,Spain,Male,41,0,0.0,1,1,0,132190.66481573565,0
2182,632,Spain,Female,25,8,65383.692515961186,1,1,0,144035.59986310257,0
2183,640,France,Male,43,4,158093.00670923022,2,1,1,11419.429998195179,0
2184,718,Spain,Male,18,1,222927.22401331752,1,1,0,95584.40483539949,1
2185,539,France,Female,21,9,159793.15798674442,2,1,0,102930.70579731783,0
2186,726,France,Female,48,3,244580.9139056487,1,1,0,61648.68794717129,0
2187,578,France,Male,34,2,0.0,2,1,0,113760.84577949191,0
2188,636,France,Female,30,6,115439.32067036808,2,1,0,39369.74507770974,0
2189,628,Germany,Female,52,0,244567.09789807268,1,1,1,71485.10235290579,0
2190,679,France,Male,43,9,0.0,1,1,0,145515.4543753642,0
2191,570,France,Female,48,3,187493.53002383304,1,0,0,176019.44219516777,0
2192,673,Spain,Male,38,6,17296.696258875803,1,0,1,121982.00272550904,0
2193,751,Germany,Female,66,10,176760.90751127515,1,0,1,24220.46247482761,0
2194,581,Germany,Male,33,9,234310.41580661884,1,1,0,138961.7152553579,1
2195,659,Spain,Female,57,4,101849.50844560066,2,0,1,180543.58596904247,0
2196,616,France,Male,39,3,15111.961102463072,2,0,1,105819.66816936959,0
2197,671,Germany,Male,23,3,0.0,1,1,0,103801.47355958242,1
2198,650,Spain,Female,44,10,224085.59337066137,1,0,1,198368.5800959348,0
2199,617,Germany,Female,43,1,0.0,1,0,0,130896.57963374816,1
2200,674,France,Male,29,7,35604.73221437916,2,1,0,163145.4913165717,0
2201,740,France,Male,30,3,23101.66649228718,1,1,0,132833.76220248025,0
2202,640,Spain,Female,39,1,203158.08726771505,1,0,1,51973.980447143054,0
2203,685,France,Female,43,8,204366.55187328617,1,1,1,63974.85495929051,0
2204,585,Spain,Female,18,9,38925.241550091756,3,1,0,136484.09416229892,1
2205,602,Germany,Female,50,6,0.0,2,1,0,96653.51471366314,1
2206,673,Germany,Female,35,2,197206.2554977335,2,1,0,86826.08014106686,0
2207,724,Spain,Female,26,6,136098.8970289615,1,0,0,14265.8711424647,0
2208,667,Germany,Male,49,0,0.0,1,1,1,178030.1228057523,0
2209,634,France,Female,39,0,125455.0348830412,1,1,1,178054.58006898954,0
2210,649,Germany,Female,52,3,0.0,3,1,0,97584.51369769612,0
2211,587,Spain,Female,44,3,132348.0077779802,1,1,0,143140.44963887954,0
2212,680,France,Female,39,3,236311.71896441097,1,1,1,43785.67720970913,0
2213,694,France,Male,38,8,105678.18209622613,1,1,1,105724.09467092088,0
2214,627,France,Male,44,5,0.0,2,1,0,93384.47196097249,1
2215,626,Spain,Male,35,2,88392.12646743836,1,1,0,134756.57845420737,0
2216,663,France,Male,31,5,214666.048999655,2,1,0,99232.72121739876,0
2217,628,Germany,Female,46,1,129505.25524291201,4,1,1,104702.51370710283,0
2218,646,France,Male,38,1,95020.55284053736,1,0,0,66185.36683253784,0
2219,754,France,Female,40,6,140622.40523427588,2,1,0,19200.40197787025,0
2220,637,Germany,Female,50,2,41975.129746442166,2,0,0,184234.89421330421,0
2221,632,France,Male,38,6,11286.233110143061,2,1,0,12324.008466410585,0
2222,617,Germany,Male,40,2,77340.32408643779,1,0,1,63451.64142665213,0
2223,687,Spain,Female,34,1,155201.37274805017,1,0,0,95046.04861691724,1
2224,640,Spain,Male,44,3,180803.38471873294,2,1,0,70627.5473155565,0
2225,617,France,Male,43,3,0.0,1,0,0,114864.39531202138,1
2226,716,Spain,Female,49,2,232399.2542546727,2,0,0,97706.47288239808,0
2227,720,Germany,Female,34,8,108906.96327154433,2,1,0,58540.48481408008,0
2228,619,Spain,Female,35,5,187724.03189378913,2,1,1,26723.824872033583,0
2229,556,France,Female,47,4,0.0,1,1,0,36131.7014109922,1
2230,700,Germany,Female,42,5,23807.199705299223,2,1,0,102400.81315883268,1
2231,615,Spain,Male,30,10,39951.51807667759,2,0,1,170729.65145729046,0
2232,689,Spain,Female,53,7,117656.58347938297,2,1,1,29121.38946517623,0
2233,551,France,Female,23,4,60707.54523969998,1,1,0,138669.21318866702,1
2234,694,France,Female,47,3,0.0,2,1,0,160497.31771066572,0
2235,589,France,Male,27,6,165491.24164295263,1,1,1,62586.73287979835,0
2236,686,France,Female,58,4,96045.32291268304,1,1,0,136965.5036418609,0
2237,650,France,Female,24,3,143769.17385232533,3,1,1,140465.00948975421,0
2238,602,France,Male,51,4,108976.90161678214,2,0,1,144480.61889502098,0
2239,629,Spain,Female,39,10,50552.62132475669,1,0,1,179253.7274039026,0
2240,684,France,Female,36,3,27764.79766141459,2,1,0,85719.95225331001,0
2241,655,Germany,Female,41,7,66695.55887437309,1,0,0,56300.936157571,0
2242,679,France,Male,46,7,0.0,1,1,1,113330.52489858125,0
2243,748,France,Male,30,0,0.0,2,0,1,21884.190914728926,0
2244,571,France,Female,31,2,200972.2243518641,1,1,0,73444.97673808588,0
2245,730,France,Female,46,10,91537.7843769762,2,1,0,177812.7740756292,0
2246,655,Spain,Female,22,3,102906.65328456598,2,1,1,111090.93644640048,0
2247,605,Spain,Male,34,1,0.0,1,1,1,92968.30780552256,0
2248,583,France,Male,70,4,63427.09896965447,2,1,1,60479.943033195894,0
2249,640,France,Male,30,10,38598.463646769815,1,1,0,57571.380094173204,0
2250,696,France,Male,51,7,130268.34815946076,2,0,0,54956.28405846065,0
2251,643,Spain,Male,34,1,165085.6406879769,2,1,0,167554.39694277753,1
2252,725,Spain,Male,45,8,153917.062011155,2,1,1,197153.87071663383,0
2253,577,Germany,Female,46,6,181329.5308658034,1,1,0,111611.70232189134,1
2254,649,Germany,Male,51,5,23620.28372152573,1,0,1,25168.349262834512,0
2255,587,Spain,Female,37,7,0.0,1,0,0,152697.41872768613,0
2256,668,France,Male,59,1,67256.92574696636,2,1,0,176640.3404498608,1
2257,694,France,Female,34,4,192189.1022910458,2,0,1,186933.3524880073,0
2258,628,Spain,Male,42,3,0.0,1,1,1,129467.31574406319,0
2259,519,Germany,Female,42,7,77520.57779353957,1,1,0,106307.3583191757,1
2260,659,Germany,Female,28,0,0.0,2,0,0,127900.18974861846,0
2261,671,Germany,Female,37,2,70822.71087793524,1,1,1,12460.636346466104,0
2262,670,France,Male,41,9,34962.037374140724,1,1,1,134529.77630676248,1
2263,711,Germany,Male,35,7,87381.3198672289,3,1,1,144832.81471855412,1
2264,596,Germany,Male,64,4,0.0,1,1,0,147185.7660511988,0
2265,684,France,Female,31,3,243683.42905556955,2,1,1,116983.63837278851,0
2266,709,Germany,Female,51,5,0.0,1,1,1,143008.43055105885,0
2267,561,Spain,Female,48,4,62809.58172510907,1,1,1,131378.15423873655,0
2268,665,France,Male,39,2,0.0,1,1,1,31950.399770036853,0
2269,624,France,Male,31,10,51529.54387328224,2,1,1,180689.68618646284,0
2270,645,France,Female,32,4,0.0,2,1,0,128318.22646069904,0
2271,667,Germany,Male,34,3,0.0,1,1,0,148280.93039177507,1
2272,625,France,Male,22,0,0.0,2,1,1,75148.62878431568,0
2273,616,Germany,Male,29,0,249376.6496663282,1,0,0,184655.50808352622,0
2274,651,Spain,Male,25,6,135444.7338799027,1,0,1,105496.99557585132,0
2275,595,France,Female,53,3,0.0,3,1,0,139011.13841514493,0
2276,595,Spain,Male,46,0,95815.33088790516,2,0,0,190914.59151360084,0
2277,683,Spain,Male,47,5,175661.28625890892,2,1,0,184055.72153724337,1
2278,592,France,Female,45,10,0.0,2,1,0,132511.7664403545,1
2279,683,France,Female,41,10,88974.70839149195,1,1,1,41490.8643913165,0
2280,673,Spain,Male,54,10,73633.21688993028,2,0,0,190608.00188498697,0
2281,563,Spain,Male,33,10,0.0,2,1,0,196985.78248908388,0
2282,616,France,Male,41,0,79837.48361258085,1,0,1,29645.372122582936,0
2283,709,France,Male,47,7,114734.38226316207,1,1,0,95556.55960247768,1
2284,600,France,Female,26,8,94081.93650795238,1,1,1,114168.55713077355,0
2285,626,Spain,Female,70,10,0.0,1,0,0,27495.492689095525,1
2286,673,France,Female,40,2,54624.25467574411,1,0,0,46039.19039733539,0
2287,689,Germany,Male,41,6,55480.47407833169,3,0,0,112164.02430508086,0
2288,637,Spain,Male,52,4,176475.88345351716,2,0,1,192986.99509162444,0
2289,620,France,Female,49,2,0.0,1,0,1,15283.89542646402,0
2290,721,Germany,Male,40,4,0.0,2,1,1,183364.18408980602,0
2291,736,France,Female,41,9,180148.22184019766,1,1,0,180735.55230938425,1
2292,698,Spain,Female,24,6,56091.943935049036,2,1,1,172863.9406854457,0
2293,654,France,Female,34,6,145100.06082882415,2,1,0,81734.6764462064,0
2294,609,Germany,Female,45,8,188298.12305171267,2,1,1,103256.4720695205,0
2295,608,Germany,Female,44,7,0.0,2,0,1,86682.98147191579,1
2296,676,France,Female,52,3,154003.9619411154,1,0,0,190041.37542147742,1
2297,670,France,Female,38,4,0.0,2,1,0,109056.61775704216,0
2298,720,France,Male,26,4,23627.37742151365,2,1,0,25316.395646738172,0
2299,682,France,Female,50,9,185541.26736674388,2,0,1,62071.3704191237,0
2300,574,Spain,Female,54,1,75437.26315682281,2,1,1,97786.31045380332,0
2301,702,Spain,Male,48,6,147249.34108224497,3,0,1,191175.62714038094,0
2302,600,France,Female,38,6,68153.1987271618,2,1,1,118100.7072182381,0
2303,630,Germany,Male,50,8,211316.21732964102,2,1,1,142253.79840192109,0
2304,662,Germany,Female,74,8,0.0,2,1,0,26818.770993427195,0
2305,749,Spain,Male,41,3,164305.89088599605,1,0,1,176691.5687257021,0
2306,805,France,Male,26,4,0.0,1,0,0,112413.4621826196,0
2307,680,France,Male,34,6,224875.66121712743,2,1,1,185033.39838271565,0
2308,640,France,Female,46,9,185694.90329664183,1,1,0,94640.57022420563,0
2309,676,Germany,Male,23,6,45704.45828569738,2,1,0,139785.95941953437,0
2310,694,France,Female,41,10,215087.76870058876,1,1,1,99459.33280812373,0
2311,633,France,Female,43,9,158458.69980772148,1,1,1,37086.006607718984,0
2312,739,France,Female,55,10,156267.94201126567,2,0,1,61689.49581151488,0
2313,661,Germany,Female,53,7,0.0,1,1,1,22778.885943824265,0
2314,674,France,Female,48,7,69719.57335981194,1,0,1,93650.60515323823,0
2315,683,France,Female,18,1,67501.028438568,1,1,0,133374.8932576559,0
2316,671,France,Female,49,8,0.0,2,1,0,56305.14240383336,1
2317,691,France,Male,47,10,190207.13596836763,2,1,1,103173.73105925476,0
2318,619,Germany,Female,42,3,117337.76997484219,3,0,1,97204.93350525097,1
2319,622,France,Female,22,0,162133.93357417654,1,1,0,111349.8932716347,1
2320,594,France,Male,32,0,118605.93381345252,2,0,0,45071.08673514492,0
2321,671,Germany,Female,28,4,0.0,1,1,1,111456.97679730215,1
2322,688,France,Male,19,6,207342.95262729068,1,1,1,79199.05578956254,0
2323,672,France,Male,39,4,0.0,1,1,0,64347.95130221915,0
2324,733,Spain,Female,32,2,176890.84816143618,1,1,0,121336.58266448697,0
2325,649,France,Female,66,10,198982.17744116398,1,1,1,38126.99266530134,0
2326,683,France,Male,38,6,0.0,1,0,0,181125.14361542038,1
2327,595,France,Female,52,0,87576.05849628503,1,1,0,187622.03446804587,0
2328,630,France,Male,24,10,0.0,2,0,1,135515.84106110362,0
2329,684,Germany,Male,34,0,0.0,1,1,0,67599.39102470933,0
2330,692,Germany,Female,40,1,88705.27816863713,3,0,0,128941.11530501865,1
2331,635,Germany,Male,30,0,95754.27265793204,2,0,0,124289.45864034806,0
2332,646,France,Female,35,8,90641.47914371494,1,0,0,84337.68650957393,0
2333,574,France,Female,37,3,0.0,2,0,1,64576.97700092881,0
2334,632,Spain,Male,37,6,178599.8975725785,2,1,1,42006.06093932427,0
2335,694,Spain,Male,58,4,0.0,2,1,0,51302.929604873614,1
2336,678,France,Female,43,6,104216.972896758,2,0,0,134075.68547422654,0
2337,675,France,Female,44,6,169144.48841084057,2,0,0,178319.9229025003,0
2338,652,France,Female,45,0,0.0,1,1,0,83141.6504377366,0
2339,650,France,Male,46,0,81260.15960257157,1,1,1,33160.90205534805,0
2340,616,France,Female,39,10,0.0,2,1,0,12433.197313737388,0
2341,684,France,Male,36,2,224719.772954671,2,1,0,87122.07446185323,0
2342,671,Germany,Male,41,9,172507.8332275823,2,1,1,54187.72072541767,0
2343,674,Germany,Male,51,1,165546.49813030995,2,1,0,71285.5577316797,0
2344,623,France,Female,51,6,24136.603650874713,1,1,0,55917.27615610116,0
2345,542,France,Male,37,2,206289.53380094236,3,0,1,136188.05009420472,0
2346,704,Spain,Female,47,6,145852.99746065275,2,1,1,131317.71716051057,0
2347,626,France,Male,38,8,0.0,1,0,1,183337.8596570546,0
2348,606,Germany,Female,40,10,243894.68409682275,1,1,1,142951.533820488,0
2349,684,France,Female,35,0,239704.0770112581,2,1,1,41338.86231301901,0
2350,630,Germany,Male,38,2,0.0,2,1,1,152802.9415685287,0
2351,702,France,Female,53,10,12627.369719528537,1,0,0,44440.89388496347,0
2352,680,France,Male,40,5,222574.52997686955,1,1,1,116134.1683293144,0
2353,684,France,Male,41,8,0.0,2,0,0,24644.85980222465,0
2354,581,France,Male,25,4,214286.55284242413,1,1,1,18991.760823853245,0
2355,710,France,Male,36,2,77241.77646678967,1,1,0,98203.69859859726,1
2356,663,Germany,Male,37,7,156416.40124800822,2,1,0,29946.87667407565,1
2357,631,France,Male,31,4,0.0,2,1,0,68266.65492759545,0
2358,657,France,Male,40,5,195083.60706837472,2,1,0,74378.34187953765,0
2359,561,Germany,Female,35,1,0.0,2,1,0,156191.1146189556,0
2360,670,Germany,Male,40,3,108565.16120218525,2,0,1,73209.21998414234,0
2361,598,Spain,Male,41,0,206187.04055807233,2,0,0,103917.03513514805,0
2362,582,Germany,Female,30,3,0.0,1,1,1,156791.32670009506,0
2363,573,France,Female,36,0,0.0,1,1,1,48930.67830147757,0
2364,705,Germany,Male,40,3,0.0,1,1,1,162930.50452521385,0
2365,618,Spain,Male,51,1,0.0,2,0,0,168041.01142277362,0
2366,726,Spain,Male,42,5,0.0,2,1,1,197880.89108214498,0
2367,623,France,Female,33,5,242547.63802079714,2,1,1,94369.05898421814,0
2368,564,France,Male,43,7,167262.7029521822,2,1,1,80423.37244548288,0
2369,594,France,Female,57,8,63849.38346821339,2,1,0,143381.0014092901,0
2370,711,Germany,Male,49,7,0.0,2,1,0,21048.712281448778,1
2371,642,Germany,Male,45,0,244396.13335803224,1,1,0,17552.787190672516,1
2372,622,Germany,Female,47,2,0.0,2,1,0,73648.26405848429,0
2373,658,France,Male,54,5,144766.97753306624,2,1,0,148607.86675355455,0
2374,675,Germany,Male,50,0,0.0,2,1,1,32126.344298839693,0
2375,705,Spain,Male,45,7,0.0,1,1,1,130753.9011603628,0
2376,722,France,Female,50,5,218173.42527517292,2,1,0,61206.00040693209,0
2377,632,Germany,Male,29,0,91800.94584407122,1,1,1,133818.18781024506,0
2378,583,France,Male,24,9,168495.12728785182,2,0,0,96825.4635389718,0
2379,629,Spain,Female,41,1,141771.44740425455,2,1,0,31878.818305993198,0
2380,663,Spain,Female,40,5,76826.67761330401,1,1,1,56983.73480496484,0
2381,601,Germany,Male,34,9,75265.7926751204,1,0,1,51745.61323968434,1
2382,602,Germany,Male,48,7,139271.59540775296,2,1,1,41271.07261470432,0
2383,667,Spain,Female,21,4,0.0,2,0,0,98985.63519690762,0
2384,647,France,Male,34,0,0.0,2,0,0,191386.45247022918,0
2385,651,France,Male,35,9,26561.161408096483,2,0,1,135036.87205528756,0
2386,612,Spain,Female,23,1,32697.876689995916,2,1,1,168840.38598464054,0
2387,638,France,Male,54,3,92134.31414254422,1,0,0,196405.23591597998,0
2388,603,France,Male,26,3,0.0,2,1,1,112718.30600677787,0
2389,694,Spain,Female,34,6,124168.0051013182,2,1,0,55233.314380411284,0
2390,701,Germany,Male,49,1,105922.21370604889,2,1,0,186284.09133828143,1
2391,557,France,Male,46,6,183234.3510125721,1,1,1,142806.95792363404,0
2392,603,France,Male,28,6,238720.99725033288,1,1,1,192198.83950393318,0
2393,575,France,Female,46,6,190854.06033739023,1,1,1,133696.07271454952,0
2394,617,France,Male,42,2,53067.679091345046,2,1,1,157277.55190556162,0
2395,645,France,Female,63,5,234525.10851145672,1,1,1,179220.8770079869,1
2396,577,Germany,Female,44,5,104112.02381273612,1,0,0,154257.36918881547,0
2397,603,France,Male,38,3,0.0,1,0,1,116902.69668241721,0
2398,599,France,Female,31,0,111178.29696895253,1,0,1,99664.97712967977,0
2399,660,France,Male,32,8,77331.28558905255,2,1,0,166441.69363344062,0
2400,653,Spain,Male,31,1,224810.62907139614,2,1,0,156677.3044359308,1
2401,613,France,Male,53,8,0.0,2,1,1,79621.85654689312,0
2402,658,France,Female,40,7,148863.15272309113,1,1,0,104683.07379500922,1
2403,622,France,Male,45,0,67608.06024983924,1,1,0,130648.24361828154,0
2404,636,Germany,Male,55,10,0.0,2,1,0,15390.341619908011,1
2405,733,Germany,Male,18,6,195807.67828700476,1,1,0,57038.0529870128,1
2406,717,France,Female,52,9,81114.91322729056,2,1,0,57540.73506355762,0
2407,585,France,Female,40,2,173572.97755442886,1,1,1,177813.99630144934,0
2408,691,France,Male,44,9,178929.64794278794,1,1,1,72982.67316429535,0
2409,690,Germany,Male,31,9,0.0,1,1,1,113577.24368160359,0
2410,592,Germany,Male,32,8,0.0,2,1,1,168001.42873080334,1
2411,690,France,Male,44,4,0.0,1,1,0,59341.82438323382,0
2412,726,France,Female,63,10,0.0,2,0,1,33513.84471870419,0
2413,593,France,Female,50,2,170863.6827313084,2,0,1,190188.36323660496,0
2414,604,France,Female,52,7,122746.0023612859,1,0,0,143889.75784649095,1
2415,700,Germany,Female,38,2,0.0,1,1,0,43640.21547922685,0
2416,663,France,Female,33,6,216399.8125076322,2,1,0,165745.19526240535,0
2417,677,France,Female,32,6,15574.411230668251,1,1,0,159554.05653376118,0
2418,667,France,Female,35,6,70315.58031010124,2,1,1,169132.8085203423,0
2419,669,Spain,Male,19,0,39136.839962259124,3,0,0,62480.38956430356,0
2420,583,Spain,Male,32,10,18481.850706334182,1,0,1,95230.13794390448,0
2421,702,France,Male,34,4,76162.47944222741,1,1,0,141798.01121334158,1
2422,708,France,Male,38,10,247234.30547072264,1,1,1,84226.83910358696,0
2423,638,France,Male,41,0,74855.00156981772,1,1,0,23294.71272109051,0
2424,647,France,Male,43,6,169289.39675098512,1,1,1,35925.453259132846,0
2425,573,France,Female,39,7,38391.73360977315,2,0,1,123451.56596851176,0
2426,675,Germany,Male,34,6,154443.43121133518,2,0,0,81281.95792373813,0
2427,678,Germany,Female,20,0,246275.5559531952,2,1,0,11022.225043844473,1
2428,646,Spain,Male,34,2,0.0,2,1,0,155702.36012545862,0
2429,706,France,Female,30,9,213538.14793013988,1,1,1,89173.71113108059,0
2430,633,Spain,Female,44,2,249417.1312879685,1,1,0,69616.16423472716,1
2431,678,Spain,Male,49,6,151252.98129297857,1,1,1,145568.64401970888,0
2432,599,France,Male,49,3,84256.26410272848,1,1,0,96470.67560741665,1
2433,648,France,Male,47,2,0.0,1,1,0,142017.91078451555,1
2434,641,France,Male,38,5,0.0,1,1,1,12507.635652432285,0
2435,661,France,Male,34,9,0.0,2,1,0,11789.821676116648,1
2436,631,France,Female,32,5,0.0,3,0,1,116381.36677797184,0
2437,643,Germany,Male,24,9,86605.05042972183,1,1,0,196620.28650341646,0
2438,691,France,Female,49,4,0.0,2,1,1,61747.875204483076,0
2439,628,Spain,Female,38,5,216597.10257764143,2,1,0,139749.77586166828,0
2440,569,France,Female,27,2,111196.96163724124,1,1,1,42728.93315150965,0
2441,737,Spain,Male,31,9,91378.32203293906,1,1,0,69194.24003455843,1
2442,719,France,Male,31,4,0.0,4,0,0,24834.229190289516,0
2443,585,Spain,Male,40,8,62656.3791129715,2,1,1,177350.70039180046,0
2444,684,France,Male,50,3,0.0,3,1,0,68983.106295101,1
2445,624,France,Male,36,10,134869.2954091611,1,1,0,53788.62500656811,0
2446,663,Spain,Male,18,1,108225.4548750842,1,0,0,148814.79390358107,0
2447,664,France,Female,38,4,80795.77214135787,1,1,0,47893.62956599363,1
2448,638,Germany,Male,38,2,0.0,3,1,1,55652.31849469278,1
2449,610,Germany,Female,37,2,134985.8172732452,1,1,1,29687.088195535773,0
2450,615,France,Female,33,3,205986.209344258,1,0,0,192945.6627470266,0
2451,604,France,Male,42,3,0.0,2,1,1,57051.172409119,0
2452,608,Germany,Male,40,4,66505.59513425926,1,0,1,199176.0275324527,0
2453,646,France,Male,39,6,153913.8889473972,1,1,0,43468.393784011,0
2454,614,Germany,Male,44,3,0.0,2,0,0,13923.851495852308,0
2455,684,Spain,Male,35,10,108094.22278630354,1,1,0,180181.78655441382,0
2456,724,France,Male,35,6,0.0,1,1,1,120203.27784962195,0
2457,620,France,Female,53,8,0.0,1,1,0,76767.89999698446,0
2458,661,Germany,Female,45,2,59952.13538051425,2,0,0,107534.53586683972,0
2459,674,France,Female,48,4,0.0,1,0,0,59538.12143241143,0
2460,673,France,Female,52,3,53306.07967503253,1,1,1,130604.18155350864,0
2461,653,France,Female,45,8,0.0,2,1,0,127129.0260850876,0
2462,687,Germany,Female,49,4,227886.90092163952,1,1,1,25236.534917540972,1
2463,674,France,Male,24,9,0.0,1,1,1,183030.73911420457,0
2464,588,France,Male,42,1,22455.33788443143,2,1,1,97499.8150227706,0
2465,693,Spain,Male,38,9,152464.80536132914,1,1,0,47079.285095622516,0
2466,694,France,Female,56,0,145415.5750858172,1,1,0,68402.93329284296,0
2467,611,France,Female,49,6,103731.43521387037,2,0,0,174582.13341914522,0
2468,651,Spain,Female,33,10,161607.42227754567,2,1,1,82805.18267659922,0
2469,684,Germany,Male,43,0,237368.278122604,2,1,1,116772.6225271694,1
2470,639,Spain,Male,41,7,50861.17185331508,1,1,1,190061.04962776075,0
2471,703,France,Male,44,8,0.0,1,1,0,133826.12314057362,1
2472,768,Spain,Female,29,6,18013.736998954162,2,0,1,138386.18134586437,0
2473,610,France,Female,43,8,97319.99388163442,1,0,1,57228.07906079431,1
2474,580,France,Female,37,9,0.0,1,1,1,136976.0851553171,0
2475,665,France,Male,42,5,113396.72515807454,2,0,1,84822.52139657525,0
2476,686,France,Female,32,6,130794.40741142775,1,1,1,183098.07207393803,0
2477,638,Spain,Male,34,2,191877.75856730912,2,0,1,34612.381103009655,0
2478,722,France,Male,51,8,104107.2137098044,1,0,1,64271.666436089334,1
2479,583,Germany,Male,29,2,89347.14624669605,1,0,1,22540.138442020252,0
2480,684,Germany,Male,30,5,208450.91686231046,2,0,0,82371.73134230019,0
2481,619,Germany,Male,39,3,213951.20095687752,1,1,1,38190.80656971809,0
2482,735,France,Male,32,8,65863.83143040477,2,1,1,170577.3133478581,0
2483,749,Germany,Male,31,0,0.0,1,0,1,185758.20837794474,0
2484,611,France,Female,41,8,0.0,1,0,1,137190.872512896,0
2485,622,France,Male,24,3,29057.97863146356,1,1,1,29633.57399730946,0
2486,692,Spain,Female,29,9,88203.22729377709,1,1,1,74909.86750825986,0
2487,630,France,Male,60,4,0.0,3,1,0,193253.45954610844,0
2488,647,France,Male,44,10,0.0,2,0,1,35897.23255230505,0
2489,651,Spain,Male,32,0,0.0,2,1,0,115732.98269833133,0
2490,554,France,Female,44,0,111966.8939232469,2,1,1,77056.60043915689,0
2491,649,Germany,Male,45,5,191085.21393636536,2,1,1,199840.89630904375,0
2492,615,France,Male,49,9,0.0,1,1,0,64223.92228194428,0
2493,625,France,Female,38,0,0.0,1,1,1,19076.73040385424,0
2494,722,France,Female,49,1,27756.17202201257,2,0,0,143414.73481668683,1
2495,587,France,Female,19,2,62003.728275038244,1,0,1,72080.4727463809,0
2496,690,France,Female,29,6,191591.16217220746,1,0,0,134940.47245137836,0
2497,636,Germany,Male,41,1,139743.68945335885,2,1,0,29883.877494757773,0
2498,636,Germany,Male,43,4,0.0,1,0,1,109382.00817674772,0
2499,689,Spain,Female,30,8,59341.51869933845,1,1,1,81293.99419650306,0
2500,667,France,Male,42,9,77314.61239418753,1,1,1,111985.75545593981,0
2501,678,Germany,Female,33,7,113029.34807222846,2,0,0,172159.75560881596,0
2502,698,Germany,Female,37,7,52516.292681447856,1,1,0,194821.98471264233,0
2503,633,Spain,Female,50,10,241414.22941042014,2,1,1,153095.10833242058,0
2504,619,France,Male,49,1,35821.22670396985,1,0,0,155703.07989187562,1
2505,595,Germany,Female,30,0,246538.5842774126,2,0,0,110497.85705048456,1
2506,608,Spain,Male,29,8,0.0,1,1,1,28505.98933307248,0
2507,797,France,Male,35,9,111556.38820329738,3,0,1,136741.3138011283,0
2508,712,Spain,Male,39,3,187555.92025317045,1,1,0,38078.175638669694,0
2509,582,France,Female,33,8,171163.65848713266,2,0,1,56675.60074995877,0
2510,583,Germany,Male,50,10,61188.86030774343,2,1,1,144440.6774833364,1
2511,674,Spain,Female,43,10,91376.82066854714,1,1,0,134828.59288243842,0
2512,677,Germany,Male,44,6,0.0,1,0,1,69721.9289020584,0
2513,677,France,Male,27,5,0.0,2,0,1,156688.40483497852,0
2514,637,France,Male,51,9,140294.79552558914,2,0,0,188469.99904402846,0
2515,643,Spain,Female,18,8,123516.99064155371,1,1,1,113599.32801743601,0
2516,666,France,Female,48,9,0.0,1,1,1,138760.46521324708,0
2517,654,France,Female,49,3,129583.4798308043,1,0,0,61638.12104935097,1
2518,539,Germany,Female,35,0,114244.36476303288,1,1,0,194453.33848211187,1
2519,638,France,Male,52,4,139919.21861097182,1,1,0,62003.9332392999,1
2520,607,France,Male,39,5,223116.47177120004,2,1,0,178607.71460727544,0
2521,658,France,Female,40,5,0.0,1,1,0,186295.13124175667,0
2522,799,France,Female,43,0,183429.00999724964,1,1,1,146729.43297474785,0
2523,668,Germany,Female,71,6,153395.95209538637,2,1,0,164201.6112669418,0
2524,634,Germany,Female,53,7,0.0,2,1,0,96992.79348013047,0
2525,696,Germany,Male,47,4,148803.95882756324,1,0,0,184713.88999551025,1
2526,674,Spain,Female,30,1,0.0,1,0,1,151102.78655743666,0
2527,671,Spain,Female,41,1,249903.61172800476,1,1,1,72081.35839152712,1
2528,680,Germany,Male,31,10,18066.217651095205,1,1,0,16639.58185453368,1
2529,752,France,Female,48,4,104835.52197607688,1,1,1,112748.8130078074,0
2530,593,Germany,Male,41,6,35227.762791744026,1,1,1,169723.56170081382,1
2531,673,France,Female,28,6,33262.82810582379,1,1,1,173526.94258573727,0
2532,603,Germany,Male,40,3,200446.46840187607,2,0,0,168672.55784187216,0
2533,677,Germany,Female,31,10,0.0,1,0,0,50801.832230012515,1
2534,604,France,Female,41,2,0.0,1,0,1,90968.21112398055,0
2535,629,Spain,Female,31,8,0.0,3,1,0,126626.91248447978,0
2536,635,France,Female,40,6,71551.07003349635,2,0,1,136835.73349292632,0
2537,698,Germany,Female,47,1,70295.53163547092,1,0,1,73570.85010897524,0
2538,695,France,Male,39,0,157874.95033790063,1,1,1,141602.0415125876,0
2539,587,Spain,Female,36,10,205599.85356294402,3,0,0,122270.43141884645,1
2540,652,France,Male,42,1,0.0,1,1,1,117687.3591941688,0
2541,614,France,Male,46,2,101019.73375385976,2,1,1,135974.71650970267,0
2542,587,France,Male,28,4,0.0,2,0,0,124639.90648457325,0
2543,639,France,Male,42,2,38020.96864279331,1,0,0,41706.18058514576,1
2544,634,France,Female,53,9,0.0,2,1,0,176139.1021994032,0
2545,771,Germany,Female,45,8,0.0,4,1,0,55708.25315977818,0
2546,671,France,Female,40,9,33550.38318085369,2,1,0,151452.86843415492,1
2547,581,France,Female,46,3,0.0,1,1,1,43526.76786210641,0
2548,621,France,Male,44,6,0.0,2,1,1,135583.61844363314,0
2549,701,Spain,Male,47,3,220469.02935590968,2,0,1,180179.91417183971,0
2550,754,Germany,Male,19,2,0.0,2,1,0,11844.997920418571,0
2551,570,Germany,Female,24,9,0.0,2,0,0,196138.75664265497,0
2552,556,Germany,Female,50,0,0.0,1,1,1,15638.4146653819,1
2553,743,France,Female,24,8,153882.35906125465,1,0,1,12159.84796998431,0
2554,669,France,Female,44,10,178205.07467419957,1,1,1,172936.41868408668,0
2555,606,France,Male,36,0,0.0,1,1,0,144653.76058977316,0
2556,676,Spain,Female,30,10,32020.453078202983,1,0,1,30104.025006391537,0
2557,518,Spain,Female,43,0,89427.61473657445,1,0,0,188108.8322532285,0
2558,650,France,Male,42,0,180166.28576800012,1,1,0,137667.1258209403,0
2559,666,France,Male,61,4,240004.13512033425,2,0,1,31098.273272237562,0
2560,696,France,Female,33,6,0.0,2,1,1,173505.18322564676,0
2561,599,France,Female,54,6,163144.72219294298,2,1,0,101371.92192936206,0
2562,654,Germany,Male,43,9,56463.634661168144,1,1,1,62845.40111270812,0
2563,603,France,Female,33,0,38610.13873934961,1,1,1,166757.7995442088,0
2564,662,Spain,Male,47,5,0.0,1,1,1,150304.82620126664,0
2565,605,France,Male,45,8,0.0,2,0,0,128378.32240737195,0
2566,629,Spain,Female,40,5,56755.847983044354,2,1,0,180717.49890522502,0
2567,600,Spain,Male,42,3,234134.20378662428,1,1,1,173643.16391295212,1
2568,682,Spain,Female,34,9,35085.825175434846,2,1,1,53090.41510452921,0
2569,692,Germany,Female,31,8,0.0,2,1,0,176950.369332468,1
2570,638,Germany,Female,47,2,160063.1266104002,2,1,0,81067.5695190041,1
2571,651,Germany,Female,37,9,0.0,1,1,0,92037.12380223816,0
2572,577,Germany,Male,39,3,91299.71095346611,2,1,0,194743.15355442814,1
2573,635,Germany,Female,42,3,45983.365489602555,2,1,1,154376.12242370573,0
2574,647,Spain,Female,42,3,155079.66220795873,1,1,0,71082.33132887984,0
2575,781,Germany,Male,25,5,0.0,1,1,1,133105.91903664207,0
2576,594,Spain,Female,52,10,0.0,1,0,0,112471.62389037122,1
2577,723,Spain,Female,41,10,244170.53590813794,1,1,0,32154.61503866038,0
2578,699,France,Female,37,6,93900.3159734897,1,1,1,178672.94421809685,0
2579,664,France,Female,44,8,71969.054280892,1,1,1,166157.48189045797,0
2580,737,France,Male,42,10,63386.30939058464,1,1,1,157764.967808518,0
2581,668,Germany,Male,47,2,48115.815081656285,1,1,1,116239.14363963241,0
2582,669,Spain,Female,45,7,249792.89829196237,1,1,0,51959.11365346945,0
2583,647,France,Male,47,7,80826.27229158516,2,1,1,177940.2455707229,0
2584,711,Germany,Male,53,0,107323.2393338276,2,1,0,77063.4722876063,0
2585,704,Germany,Male,48,4,219125.41988274135,1,0,1,13822.4424114775,0
2586,618,France,Male,38,9,164053.00085029076,1,1,1,196537.0937717698,0
2587,584,Germany,Female,28,4,98486.6588188654,2,1,0,173619.8496501643,0
2588,639,Spain,Male,56,7,225598.82462172472,2,1,1,128309.26753320503,0
2589,609,France,Female,37,7,0.0,1,1,1,12357.356491223974,0
2590,646,Germany,Female,35,1,64696.12181000792,2,1,0,53266.05086321279,0
2591,711,Germany,Male,22,2,164497.35870398092,1,1,0,95889.47871540667,1
2592,627,France,Female,43,1,0.0,2,1,1,129336.1354168199,0
2593,647,France,Male,41,0,129150.61082809902,4,1,1,144549.3581811041,0
2594,652,Spain,Female,24,1,186066.97667960013,1,0,1,159771.8125822888,0
2595,692,France,Female,44,9,243064.8985573982,2,0,0,115575.57588053295,1
2596,537,France,Male,35,5,175699.3938148511,1,1,0,134674.85129176234,0
2597,619,France,Female,66,0,34585.28554385935,2,0,0,164136.1126609191,0
2598,660,Germany,Male,34,5,68694.29222350943,1,1,1,146769.84896285285,0
2599,710,Germany,Female,35,0,152823.14496223573,2,0,0,191414.34311927424,1
2600,625,Germany,Female,31,1,0.0,1,1,1,176182.7210756368,0
2601,556,France,Male,52,7,239810.00929339355,2,1,0,42178.64278113053,0
2602,680,Spain,Male,36,5,0.0,2,1,1,190009.6340762453,0
2603,618,France,Male,32,8,119735.29737576761,1,0,0,48793.43858727627,1
2604,590,France,Female,47,0,0.0,1,1,0,198340.11928327294,0
2605,618,France,Male,26,4,0.0,1,0,1,143252.61298000123,0
2606,640,France,Male,46,6,101715.0320533044,2,1,1,129230.99502085078,0
2607,619,Spain,Male,57,8,28393.090037098904,2,1,1,71621.32749029559,0
2608,539,Spain,Male,45,10,0.0,1,1,0,35290.42973411562,0
2609,694,France,Female,46,8,0.0,2,1,0,33972.873125380356,0
2610,713,Spain,Female,48,3,174582.98602241348,1,1,1,174649.2865921362,0
2611,682,Spain,Female,57,3,101558.80241126852,1,0,1,92163.95077793115,0
2612,593,Spain,Female,52,3,0.0,1,1,1,116371.85280399257,0
2613,639,France,Female,44,2,205921.16485701854,2,1,0,187048.86045109978,0
2614,649,Germany,Female,49,7,0.0,3,0,1,58517.39391389034,0
2615,679,France,Male,31,4,0.0,2,1,0,155148.1222311588,0
2616,683,Spain,Female,47,6,184874.12540417476,1,0,0,99388.30474926218,1
2617,613,France,Male,29,9,108583.22557378137,2,0,0,50423.38523263612,0
2618,654,Germany,Male,36,5,0.0,1,1,0,172064.61931027746,0
2619,672,France,Male,18,8,210754.33134793834,1,1,0,139190.34295545256,0
2620,722,France,Male,44,2,30021.842130676858,1,1,0,28035.119689609128,0
2621,685,Germany,Female,33,5,0.0,1,1,0,112933.8671049066,0
2622,689,Spain,Female,51,2,61508.86592109339,2,0,1,171835.13191671937,0
2623,654,Germany,Female,43,1,91553.42691898296,1,0,1,22717.613562092953,0
2624,720,Spain,Male,51,2,164662.91791414583,2,1,0,89092.21147285368,0
2625,670,France,Female,29,1,16534.818960843608,1,1,0,162990.74939818558,0
2626,606,Germany,Female,50,1,152518.02375355904,1,0,0,173087.8832209396,1
2627,720,France,Female,61,9,78026.13746889992,1,1,0,157318.92750357714,1
2628,684,France,Female,47,10,170676.2465939373,1,1,0,68084.81925504564,0
2629,627,Germany,Female,47,6,43979.52445913301,4,0,0,106316.61651951891,1
2630,626,Germany,Female,41,9,0.0,1,1,1,150842.81556634625,0
2631,664,Germany,Male,34,2,164953.53274311477,2,1,1,38991.673059636596,0
2632,673,Germany,Male,47,7,0.0,1,0,1,123049.57501890905,0
2633,659,Germany,Female,24,1,228696.4871819555,1,1,1,146871.00778970463,0
2634,665,France,Male,35,10,77992.68716792855,1,1,0,171498.4551786014,0
2635,734,France,Male,22,10,16555.977454104872,2,1,1,31217.6275327908,0
2636,703,Germany,Female,32,6,167288.45466682187,1,1,1,72638.19197258436,0
2637,659,France,Male,46,2,154692.9733611214,3,1,0,112914.2503452384,0
2638,697,France,Female,45,8,0.0,1,0,1,143200.8109837627,0
2639,598,France,Male,40,6,39442.607008622246,1,1,1,148706.8961497349,0
2640,669,Germany,Female,41,8,150328.40908863654,2,1,1,58119.24305471034,0
2641,740,France,Male,21,1,228838.54337043807,1,0,0,12636.55628326558,0
2642,639,Germany,Male,36,5,227560.06636321766,1,0,1,141825.22582109965,0
2643,607,Germany,Male,33,4,46356.41310689796,2,1,1,182733.99459455666,0
2644,617,France,Male,33,1,0.0,1,1,0,161528.23856965345,0
2645,595,Spain,Female,45,3,20368.687444521765,2,0,0,128268.55958189764,0
2646,610,Germany,Male,31,3,122625.24312710298,1,1,0,195738.38370480406,1
2647,631,Germany,Female,33,7,0.0,1,0,0,92292.18783792751,0
2648,579,Germany,Female,19,6,199593.45072774673,1,0,1,109759.45268773827,0
2649,650,France,Male,37,4,129757.47198317751,2,1,0,12334.485152092626,0
2650,695,Germany,Male,29,8,0.0,2,1,1,189730.75893840528,1
2651,604,France,Female,40,0,101527.35404357594,2,1,1,120835.86443716296,0
2652,725,Spain,Male,30,3,233704.47039384747,2,1,0,84251.99694206778,0
2653,675,Spain,Female,41,4,0.0,1,0,0,18467.223818606937,1
2654,701,Germany,Male,38,7,86741.06797905437,1,1,0,78859.62222201686,0
2655,617,France,Female,56,2,189238.52211113702,1,0,0,10683.639318374197,0
2656,692,France,Male,44,4,0.0,2,1,0,71623.6762196463,0
2657,595,France,Male,21,2,228928.5491259838,2,1,0,190776.4355730197,0
2658,694,France,Female,27,6,103148.4857728901,1,0,1,39310.79920377533,0
2659,658,France,Female,40,9,133503.6937298299,1,0,1,113628.11072699215,0
2660,677,Germany,Female,30,2,122174.19069291464,2,1,1,45457.29081993521,0
2661,591,France,Male,18,6,232660.52104538874,2,1,1,158842.03475855253,0
2662,605,Spain,Male,53,1,194639.34131791236,2,0,1,116855.5833753439,0
2663,679,France,Male,47,6,209546.02716012357,1,1,1,48424.84348693312,0
2664,602,Spain,Male,45,8,0.0,2,1,0,174585.84666538212,0
2665,673,Spain,Female,33,4,200043.20628835837,2,1,1,158964.51873836247,0
2666,581,Germany,Female,44,5,0.0,1,1,1,190747.25259085506,1
2667,692,Germany,Male,32,9,0.0,2,1,0,10119.356649600553,0
2668,588,France,Male,42,10,24421.204658388306,1,1,0,96852.21996744507,1
2669,677,Germany,Male,30,2,172697.9055363627,1,0,0,199969.84709460512,0
2670,681,France,Female,55,9,99282.98587503277,3,1,0,164125.70422464394,1
2671,615,France,Female,24,4,218347.7375736353,2,1,0,167944.3650529112,0
2672,679,Germany,Male,52,4,0.0,1,1,0,128015.16791800037,0
2673,663,France,Female,40,2,0.0,1,1,1,145450.93389581516,0
2674,623,Germany,Male,35,7,174853.19484064047,2,1,1,163011.9891688855,0
2675,599,France,Male,41,5,0.0,1,0,1,27533.323042461026,0
2676,551,France,Female,47,2,0.0,1,1,0,141590.31088603864,0
2677,667,France,Female,53,0,0.0,1,1,0,164927.53900622038,0
2678,571,France,Female,43,9,219452.2819109663,2,1,0,17764.499660167494,0
2679,654,France,Female,31,0,119463.49321406541,1,1,1,66440.10430011369,0
2680,636,France,Male,40,10,0.0,2,1,0,71562.20701774005,0
2681,683,France,Female,58,9,0.0,1,1,1,172370.65510339994,0
2682,634,Spain,Female,53,1,109489.243084302,2,1,0,158266.76402340477,1
2683,633,France,Female,49,9,130235.23922389669,2,1,0,134720.07947394624,0
2684,686,Germany,Female,47,4,0.0,2,1,0,162897.40436014504,0
2685,666,France,Male,46,6,17475.624315265533,1,1,1,96151.64312496471,0
2686,665,Spain,Male,51,0,223794.73931181905,1,1,0,176227.3121574011,0
2687,673,France,Female,35,0,194755.87826504643,2,0,0,54501.010189583925,0
2688,573,France,Female,26,3,0.0,2,1,0,143869.60748497196,0
2689,687,Germany,Male,40,9,245483.18876535413,1,1,1,55932.725107013386,0
2690,680,France,Male,31,5,53053.6846215085,1,1,0,17573.77494805622,0
2691,599,Germany,Female,29,8,229380.80168905642,1,1,1,63988.73556575853,1
2692,637,France,Male,32,0,87873.62999754667,1,0,0,103652.29741321944,0
2693,648,Spain,Male,64,10,193155.2104393926,1,0,0,170252.84286352273,1
2694,643,France,Male,41,9,119530.38237950683,3,1,1,106682.73297314784,0
2695,666,France,Male,43,4,186752.17298800053,1,1,0,44038.614488887506,0
2696,721,Germany,Female,27,8,47387.9315054479,1,1,1,198625.5344899473,0
2697,704,France,Male,21,7,74681.55001275588,3,1,1,61313.88291631861,0
2698,584,Spain,Male,31,6,33965.877873286154,1,1,1,197205.99776869337,0
2699,681,France,Female,54,9,217634.55554507274,2,1,0,187903.58948656256,0
2700,716,Germany,Female,43,1,0.0,1,0,0,113063.88664172222,1
2701,669,France,Female,45,8,176674.29505999922,3,1,1,27472.985701925478,0
2702,704,Spain,Male,47,7,206853.08745796676,1,1,0,142128.81417635025,1
2703,750,Germany,Female,34,10,226340.376731043,3,1,1,170686.3556942747,1
2704,701,France,Male,53,9,35511.30767481228,1,0,1,94607.20893910674,0
2705,662,France,Female,33,9,224323.58404302702,1,0,1,55417.68727571929,0
2706,702,France,Male,54,8,57340.666655372675,1,0,0,162536.59129540477,0
2707,657,Spain,Female,44,8,186856.48278183077,1,1,1,113564.78687842647,0
2708,651,France,Female,22,8,184923.7646475067,1,1,0,47549.7009149408,0
2709,632,France,Male,32,2,12040.754017829016,3,1,0,190412.34178382068,0
2710,728,France,Female,22,6,62949.73799446102,1,1,0,190138.66307018392,0
2711,609,France,Female,51,0,0.0,2,1,0,79739.4379544711,0
2712,726,Germany,Female,39,8,0.0,1,1,1,22160.590736930622,0
2713,674,Spain,Female,18,8,230457.6351723063,2,1,1,129849.82156444475,0
2714,580,Germany,Female,43,2,96337.80868060555,2,1,1,70273.07957085827,0
2715,668,Spain,Male,34,4,234876.09156063097,3,1,1,22607.499590009345,0
2716,544,Germany,Male,25,7,0.0,1,1,0,179443.21874902755,1
2717,681,France,Female,56,5,241444.69519363978,1,0,1,199642.09977405338,0
2718,694,France,Female,41,9,186965.15440596666,1,1,0,76577.04760495355,1
2719,620,Germany,Male,37,9,209040.30199171742,2,1,1,151501.79004299713,0
2720,656,Spain,Male,36,8,35170.45320376024,2,1,1,22496.45053322916,0
2721,747,Spain,Female,24,2,150673.94397816827,2,1,0,80244.03351632983,0
2722,624,France,Male,26,6,44248.086359044195,1,1,1,30662.835549431744,0
2723,597,France,Female,52,5,81429.04049223378,2,1,0,20516.488061068143,0
2724,724,France,Female,35,4,159655.69748014433,2,1,1,121870.2976968042,0
2725,748,Spain,Female,40,3,184294.1691265338,1,0,1,162385.8876294141,0
2726,650,Spain,Female,19,4,19404.1076827002,1,0,1,96064.3477169269,0
2727,700,Spain,Male,26,3,0.0,2,1,0,109594.03098378274,0
2728,717,France,Male,46,2,145675.35670957272,1,0,1,61438.70323478983,0
2729,612,Germany,Male,43,6,0.0,2,1,1,149913.5833660248,0
2730,625,France,Female,57,5,0.0,2,0,0,78603.92075695153,0
2731,711,France,Male,53,3,181322.14721195836,3,1,0,22824.813862002244,1
2732,734,Germany,Female,37,8,0.0,2,1,0,41446.46509487658,0
2733,678,France,Female,44,0,192464.26631775088,2,1,0,34409.03499664828,0
2734,606,France,Male,36,0,0.0,1,1,0,92816.77998592763,0
2735,749,Spain,Female,60,8,209974.5299852298,1,1,0,22390.40817083604,1
2736,623,Spain,Female,51,6,62335.01748497679,2,0,1,163232.02126873677,0
2737,633,France,Female,41,1,209985.68421114841,2,1,1,182520.98610408523,0
2738,667,Germany,Male,42,10,32694.634064192316,2,0,1,57194.89404844018,1
2739,727,France,Female,54,9,106919.12714672113,1,1,1,102246.85378857107,1
2740,692,Germany,Male,45,4,57876.34996591564,1,0,0,108621.98223534811,0
2741,670,Spain,Female,55,3,0.0,1,0,0,197150.2311270098,1
2742,673,Spain,Male,18,0,0.0,1,0,1,22467.71989344964,0
2743,652,Germany,Female,44,8,16086.826518574764,2,1,1,136897.64987115012,0
2744,677,France,Male,34,5,12285.605347349469,2,1,0,75695.3468104413,1
2745,523,France,Male,57,10,0.0,1,1,0,105343.18030140443,0
2746,635,France,Female,55,5,44387.9474273357,2,1,0,51236.56843212041,0
2747,662,France,Female,40,3,0.0,2,0,0,40446.033233482114,0
2748,592,Spain,Female,55,1,169311.26413181436,2,1,0,56277.40675154939,0
2749,669,France,Female,57,7,236068.21687872818,2,1,1,23539.77320904076,0
2750,639,France,Male,40,7,238489.5818910018,1,0,1,62837.156464514475,0
2751,737,France,Female,64,2,168135.20929872294,2,0,0,141166.67517655675,0
2752,728,Spain,Male,39,6,0.0,1,1,0,133781.56769644291,0
2753,626,France,Female,37,6,96159.49997670743,2,1,1,115354.27906254386,0
2754,642,Germany,Male,48,4,0.0,2,1,0,10073.60846438446,1
2755,646,France,Male,36,4,129803.14156203181,2,1,1,33898.57996276212,0
2756,627,France,Male,40,7,154801.7510805344,3,1,0,170145.19144324618,1
2757,659,France,Female,54,3,240532.35587314251,2,1,0,61630.29025526879,0
2758,612,Germany,Female,40,0,222446.24606923692,1,1,0,183317.78883003336,0
2759,593,Germany,Male,23,0,0.0,1,1,1,176163.7618078801,0
2760,681,Spain,Male,43,8,0.0,1,0,0,39436.13648549333,0
2761,681,France,Male,33,3,209946.2601807127,1,0,0,180648.8880280935,0
2762,609,France,Male,48,0,207833.65811660967,1,0,0,129288.617806879,0
2763,694,Spain,Male,46,1,76088.97378920103,2,1,1,129754.49301359814,0
2764,618,France,Female,54,9,185341.1273646687,1,0,1,172009.17445898315,0
2765,662,Germany,Male,49,6,171288.97089228575,1,1,0,86960.59526402307,0
2766,691,Spain,Female,50,1,0.0,2,1,0,149700.02631975806,0
2767,648,France,Female,33,0,58349.18864296704,2,1,1,136875.22770718666,0
2768,672,Germany,Female,48,9,223274.3634145807,2,1,1,156587.78690478601,1
2769,624,France,Male,59,8,172684.28423364036,1,1,1,135435.900355702,1
2770,640,France,Male,33,4,50558.301970809924,2,1,1,25210.412124775197,0
2771,639,France,Male,57,3,0.0,1,1,1,65615.09043897205,0
2772,612,Spain,Male,34,3,0.0,1,1,0,188584.96587431704,0
2773,641,France,Female,31,10,0.0,2,1,1,52450.785844663544,0
2774,572,Germany,Female,42,0,63481.42125806438,1,1,1,99729.4761904959,0
2775,625,Spain,Female,47,2,0.0,1,1,0,77816.3153934005,0
2776,635,Germany,Male,49,0,46814.42140646109,2,1,0,26396.757432217764,1
2777,637,Germany,Male,30,4,0.0,2,1,1,44425.850907680404,0
2778,637,France,Male,44,4,167722.36126563483,2,1,1,64466.7530390146,0
2779,646,France,Male,33,8,110548.69486380654,1,1,1,98030.51228027395,0
2780,673,France,Male,25,7,124009.05010489277,1,1,0,176159.55727181546,0
2781,693,Germany,Male,30,4,223818.42321331298,1,0,0,107967.09361341673,1
2782,617,Spain,Female,32,4,164865.81511971084,3,1,0,133861.94254874554,1
2783,589,Spain,Female,45,6,129280.2299763247,2,1,1,90931.47882241868,0
2784,597,Spain,Male,51,1,40803.894984045925,1,1,1,175311.84687084446,0
2785,625,Spain,Female,25,6,0.0,1,1,0,135898.0762771178,0
2786,632,France,Female,43,0,39992.46835644003,2,1,0,27219.74809648338,0
2787,611,Germany,Female,28,4,239484.2961943613,1,1,0,100725.22938052713,0
2788,585,Spain,Female,46,5,0.0,2,1,0,167174.498856948,0
2789,627,France,Male,33,10,242107.91860245948,2,0,0,149394.51700644914,0
2790,659,Spain,Female,29,9,18570.090329961247,1,0,0,182009.11807818126,0
2791,679,France,Male,47,0,173252.89692607342,1,1,1,53256.88940420282,0
2792,622,Germany,Male,34,8,20630.446336820318,2,1,1,195662.71119741094,0
2793,629,Germany,Female,36,8,0.0,1,0,0,64164.75689527448,0
2794,603,Spain,Male,18,0,101428.04145644662,2,1,1,19534.176742433243,0
2795,648,France,Female,49,3,0.0,1,0,1,104177.79916733265,0
2796,607,Germany,Male,48,7,0.0,1,1,0,30964.360310526416,0
2797,678,Germany,Male,40,1,77228.84718433314,2,0,1,139449.0787918378,0
2798,560,France,Female,24,10,168297.74604923645,1,0,0,181105.69144233363,0
2799,632,Spain,Female,52,7,0.0,1,0,0,185055.22164551867,1
2800,665,Germany,Male,33,9,179201.79378898066,1,1,0,125337.07611042765,1
2801,659,Germany,Female,35,8,0.0,2,1,1,111700.32546240924,0
2802,784,France,Male,63,8,102807.45038737729,2,1,1,198858.37040900247,0
2803,667,France,Female,32,0,0.0,1,0,0,120090.88660731916,0
2804,599,Germany,Male,47,8,203106.8082460818,2,1,1,186217.08152432312,0
2805,645,France,Male,45,3,0.0,1,0,0,184153.0596033725,1
2806,561,France,Male,43,7,18941.730565071914,1,0,1,65007.62121169133,0
2807,645,Spain,Male,42,8,0.0,2,1,1,12612.704359730315,0
2808,608,Germany,Male,43,2,22359.683665129833,2,1,1,93441.99748165459,0
2809,695,Germany,Female,42,5,0.0,1,1,1,173660.32586116804,0
2810,622,France,Male,39,2,34499.19207380492,1,1,1,168865.50124603143,0
2811,644,France,Female,55,0,28702.511891468846,1,0,1,124697.14563129928,0
2812,618,France,Female,26,9,16164.370073130447,2,1,1,39765.09790423406,0
2813,736,France,Male,50,5,0.0,1,0,0,30441.66564667783,0
2814,633,Germany,Male,48,4,116185.40540291439,1,0,0,191389.57691793647,1
2815,741,Germany,Female,46,2,0.0,1,0,0,90065.55957719886,1
2816,690,France,Male,51,3,0.0,1,1,0,133150.59317941108,0
2817,674,France,Male,39,1,0.0,2,1,0,182114.2388415193,0
2818,668,France,Female,21,9,0.0,1,0,0,175279.7035009124,0
2819,669,France,Female,39,9,14547.797282754269,2,0,0,117711.60460482728,0
2820,553,France,Female,30,3,110420.74810415864,1,1,1,102701.98430882632,0
2821,636,Spain,Female,32,3,0.0,1,1,1,149699.250491582,0
2822,692,Germany,Female,27,2,86465.06352315826,1,1,0,76432.68155982107,0
2823,647,Germany,Female,35,5,116864.80676357476,1,0,0,128824.2197238319,1
2824,579,France,Male,34,0,170539.34253622664,1,1,0,14398.96238583186,0
2825,647,Spain,Female,18,8,157954.98880911857,2,1,1,166619.3865426098,0
2826,735,Germany,Female,47,10,234942.78634933013,2,1,0,199626.1322917222,1
2827,712,Spain,Male,62,9,0.0,1,0,1,191394.23354818643,0
2828,646,France,Male,46,2,123416.77833401732,1,1,1,78380.01970218476,0
2829,697,Spain,Male,37,2,0.0,1,0,1,110909.24358839105,0
2830,631,Spain,Male,39,2,191291.50932355764,2,1,0,54881.22299350905,0
2831,564,Spain,Male,35,6,43786.186291428334,2,0,0,67567.60701534836,0
2832,603,France,Male,40,7,127871.89355691618,3,1,1,96895.75931399968,1
2833,728,France,Female,39,1,0.0,2,0,0,151945.3723021776,0
2834,636,France,Male,31,0,0.0,1,1,1,13397.654259379859,0
2835,637,France,Male,56,4,0.0,2,1,0,84817.08477887453,0
2836,635,Spain,Male,25,7,237182.9419595734,1,1,0,115734.41448144572,1
2837,745,France,Male,47,2,0.0,2,1,1,50884.77801548963,0
2838,731,France,Female,38,5,72836.13238412276,1,0,1,24910.95263824758,0
2839,760,France,Male,59,2,0.0,1,0,1,112519.03327048237,0
2840,642,France,Male,43,5,134387.1429878063,1,1,1,131183.89705229813,0
2841,664,France,Female,36,3,118728.29640537564,1,1,1,131790.43517152456,0
2842,574,Spain,Female,37,10,0.0,2,0,1,77751.03315676263,0
2843,723,Germany,Female,40,6,154461.98862567323,2,1,1,55098.741228422776,0
2844,591,France,Male,28,10,0.0,2,0,1,51873.423413021075,0
2845,660,France,Female,32,9,150153.91654918407,4,1,1,17699.54861088826,0
2846,595,France,Female,22,0,121833.71832334078,1,0,0,45089.83687334463,0
2847,620,France,Female,30,0,140276.16689876217,1,0,0,165535.16415069616,0
2848,608,Germany,Male,40,4,204049.55600727358,2,1,0,10579.740494604535,0
2849,619,Germany,Male,43,8,157042.013628453,2,1,0,18338.834485892585,1
2850,623,Germany,Female,20,4,165291.54193281225,1,0,0,34133.59865302275,1
2851,622,Germany,Male,38,3,243145.33120878207,1,1,0,89845.71070839331,1
2852,691,France,Male,45,7,158414.91626210976,1,1,0,73410.18852930084,1
2853,594,Spain,Male,38,4,0.0,3,0,0,43788.813030350924,0
2854,661,Spain,Male,33,0,175918.24648307118,2,1,1,31080.400080311196,0
2855,710,Spain,Male,35,6,168270.25527455474,1,1,0,188383.88201855772,0
2856,624,France,Female,34,10,0.0,2,1,1,183137.5420456681,0
2857,614,Spain,Female,33,3,122159.03122859995,1,1,0,156660.73559339324,0
2858,638,Spain,Female,41,9,188296.86469177585,1,0,1,57884.175197591874,0
2859,708,Spain,Female,63,4,0.0,2,0,1,71502.62608327108,0
2860,659,France,Male,32,5,197109.07262449345,1,1,0,136510.54397007424,1
2861,623,Germany,Female,36,6,118212.08714262745,1,1,1,65422.79006856527,0
2862,674,Spain,Female,39,10,0.0,2,1,1,110818.33451319762,0
2863,594,Germany,Male,33,1,80293.98140893328,2,0,0,133743.9304346671,1
2864,684,Germany,Male,50,0,32109.42595505765,3,1,0,108647.29633746174,0
2865,670,Spain,Male,18,2,0.0,1,0,1,88524.10510587864,0
2866,634,France,Male,34,9,140010.16596974057,1,0,1,76099.86257592862,0
2867,608,Germany,Female,48,0,93782.49560379075,1,1,0,157772.48412407373,1
2868,605,France,Male,37,3,68147.47842831016,2,1,1,150409.80904575097,0
2869,676,Spain,Male,31,5,0.0,1,0,1,142283.3321872381,0
2870,711,France,Male,44,4,0.0,1,0,1,81188.65150697618,0
2871,618,Germany,Male,49,10,161528.44698415286,1,1,1,157389.95900617313,1
2872,672,Germany,Male,42,3,196977.14766370622,2,1,1,191963.69007592578,0
2873,545,Spain,Male,31,6,192640.6306624057,1,1,0,140906.1086321334,0
2874,620,Germany,Female,44,10,100074.2345525659,1,1,1,87500.85770328452,0
2875,648,Spain,Female,35,10,146295.57494804193,1,0,1,161331.43993712417,1
2876,604,Spain,Female,47,5,117917.97386625818,1,0,0,125767.39444990474,1
2877,603,France,Male,54,2,0.0,1,1,0,176758.63856781714,0
2878,616,France,Male,18,8,220902.03515199982,1,1,0,145504.68101239225,0
2879,664,France,Female,41,4,92497.97989312884,2,1,0,156284.81021267181,0
2880,640,France,Female,22,9,0.0,1,1,0,136812.92799589108,0
2881,538,Germany,Female,64,0,50219.795997764675,1,1,1,27483.887145694935,1
2882,543,Spain,Female,35,5,0.0,1,0,1,102172.27178888462,0
2883,619,Spain,Male,47,4,145419.98914311777,3,1,0,20733.07622374093,1
2884,672,France,Female,39,9,167628.88263146303,1,0,1,95034.339074378,1
2885,512,France,Male,31,7,89529.05110864005,2,1,1,146121.12783218094,0
2886,625,Germany,Male,30,3,0.0,2,1,0,90038.53962025407,1
2887,623,Germany,Male,55,0,235057.59608170143,1,1,0,10309.747867533875,0
2888,719,France,Female,49,10,0.0,1,1,0,80164.16768915745,0
2889,630,Spain,Female,59,1,48055.6550666443,2,1,1,22874.206806167345,0
2890,669,Spain,Female,40,7,149120.5391146306,2,1,0,158313.31381482154,0
2891,657,France,Male,42,9,0.0,2,1,0,158912.79816545147,0
2892,543,Spain,Male,37,7,0.0,2,0,0,163211.93198049473,0
2893,688,France,Female,37,4,94072.73325111384,1,1,1,15762.16635986952,0
2894,660,Germany,Male,29,5,111506.94641360319,2,0,1,16131.168688114776,0
2895,675,France,Female,40,1,153678.17331675848,1,0,0,181655.3781446278,0
2896,846,France,Male,32,10,0.0,2,1,1,33499.937253468976,0
2897,545,Spain,Male,44,8,182563.98217724182,2,1,0,137317.1437843762,0
2898,736,France,Male,41,5,0.0,1,0,1,161136.33451727606,1
2899,635,Germany,Male,42,8,145243.84460967037,1,1,0,95094.10370881254,0
2900,664,France,Male,56,10,39201.254320930064,1,0,0,113829.69761569548,0
2901,647,France,Male,39,9,85650.15820473312,1,1,1,53202.3374794283,0
2902,628,France,Male,47,2,0.0,2,1,1,185483.99147715024,0
2903,621,France,Female,60,5,47779.40814212265,2,1,0,67342.20953949171,1
2904,666,Germany,Male,53,9,0.0,2,0,0,51384.1259814544,1
2905,574,France,Male,51,4,178721.5558804749,1,0,0,109826.66977314744,1
2906,687,Germany,Female,36,8,166193.25820644014,1,0,1,46197.607351161525,0
2907,629,Germany,Female,42,9,0.0,1,0,0,140471.4095817958,1
2908,593,Germany,Female,26,0,0.0,1,1,1,107871.9354377275,0
2909,627,France,Female,44,8,0.0,2,1,1,38082.846262086954,0
2910,712,Spain,Male,42,4,70545.13089147824,2,1,0,22776.819487501933,0
2911,623,France,Male,40,0,120210.70687258689,1,1,1,36021.164000788805,0
2912,667,France,Female,50,9,36243.23759156539,2,1,0,35958.68447750446,0
2913,613,France,Male,27,7,0.0,1,0,1,69441.59977200742,0
2914,687,France,Female,56,6,49688.69465296027,1,0,1,168321.4233463376,0
2915,684,France,Male,49,5,197515.03082286505,1,1,0,20885.86385602584,1
2916,742,Germany,Male,39,1,209161.32280557402,2,1,0,34336.898364850415,0
2917,641,France,Male,38,4,248671.35277504034,1,1,1,67550.84472433681,0
2918,683,France,Male,44,2,112876.77228454442,1,1,0,115133.30399172613,0
2919,654,Spain,Male,55,1,219782.68483344163,2,0,1,154947.7396842928,0
2920,714,France,Female,41,9,239809.46536404424,2,1,0,185026.37598409384,0
2921,614,France,Male,41,0,51494.59477472011,1,1,0,88296.75964179821,0
2922,687,France,Male,40,8,125064.66137428783,2,1,1,30108.614740413035,0
2923,640,Spain,Male,57,1,24402.596525461053,2,1,1,50567.95323880967,0
2924,646,France,Male,36,10,158973.7628858084,1,1,0,64577.04975449544,0
2925,654,France,Male,39,0,0.0,2,1,1,159358.5524540397,0
2926,662,Germany,Female,54,6,58990.308319167314,1,1,0,140462.2303442723,0
2927,644,Germany,Male,41,8,0.0,2,1,0,49711.01144679331,1
2928,660,Germany,Female,51,5,0.0,2,1,0,169361.64596206657,1
2929,728,Spain,Male,30,7,203494.5577906137,1,0,1,173239.61042645367,0
2930,699,France,Male,37,10,0.0,1,1,0,177663.36724214282,0
2931,693,France,Female,54,6,167638.91491272405,1,1,1,62250.79585825581,0
2932,627,France,Male,33,8,28904.683339576306,1,1,1,35408.746533865036,0
2933,605,France,Male,38,6,70294.12463495751,1,0,0,29751.907326251574,1
2934,697,France,Female,42,5,0.0,2,1,1,86016.6731535417,0
2935,693,France,Male,30,0,77297.15191009283,1,1,1,91571.71395313824,0
2936,723,Germany,Female,35,8,132681.72369225635,1,0,0,174959.8996150935,0
2937,619,Germany,Female,41,9,229659.58468482745,2,0,1,60873.648523577496,0
2938,638,France,Female,40,4,21912.244968778803,2,1,0,129109.50691021526,0
2939,568,Germany,Male,52,1,204659.15049656163,1,1,1,159760.4148667048,1
2940,630,France,Male,55,10,25665.279656437488,2,1,1,61139.04993968632,0
2941,699,France,Female,31,7,40430.76264080239,2,1,1,60756.5233876672,0
2942,626,Germany,Male,41,3,38636.5849334106,1,1,1,137139.49984718478,1
2943,682,France,Female,46,2,248584.54797057426,1,1,0,147965.8932721661,0
2944,640,France,Male,55,0,53244.71663956802,2,1,0,192354.90183902808,0
2945,666,France,Female,47,4,0.0,2,1,0,171488.7274249573,0
2946,592,Spain,Male,42,2,0.0,1,1,1,166189.7667352799,0
2947,654,Germany,Female,46,3,102108.34489895152,1,1,1,141539.70250248758,0
2948,500,France,Male,46,8,161451.6504468845,2,1,0,32512.460374108174,0
2949,640,Spain,Female,30,10,196981.900903267,3,1,0,163755.83282267148,1
2950,568,Germany,Male,41,6,104234.81964068998,2,1,1,187711.12791407376,0
2951,710,Germany,Female,54,10,48835.39371947375,3,1,0,84236.38513356831,1
2952,688,Spain,Male,37,4,114103.05851021469,2,1,0,69595.77209335435,0
2953,673,France,Male,41,7,195253.0348007067,2,0,0,109271.51204082262,0
2954,726,France,Female,37,5,197383.06305961675,2,1,1,191726.56408913352,0
2955,602,Germany,Male,18,9,65329.310121019196,2,1,0,19658.132092953463,1
2956,737,Germany,Male,40,1,51991.75357377917,1,1,0,144687.32173739877,0
2957,696,Germany,Male,43,6,230934.56850408393,2,1,1,164786.98330939945,1
2958,638,Germany,Male,34,0,0.0,1,0,1,159862.3416774718,0
2959,706,Spain,Female,28,2,186337.23418362087,1,1,0,117687.13694436237,0
2960,594,Spain,Male,31,0,0.0,2,1,1,184906.96946281506,0
2961,608,Spain,Male,47,0,0.0,1,1,1,35559.51412707609,0
2962,619,Spain,Female,59,4,227299.55520066447,1,1,1,56578.613381333795,0
2963,623,Spain,Male,53,5,0.0,3,1,1,68321.69758611027,0
2964,597,France,Female,26,2,27744.554444007415,2,1,1,11648.70784140409,0
2965,711,France,Male,48,2,125364.28872338287,2,1,1,80427.15886942728,1
2966,637,France,Female,33,2,81631.12881891444,4,0,0,40525.36918743612,1
2967,667,Spain,Male,34,0,0.0,1,0,1,147678.96891001478,0
2968,621,Germany,Female,35,4,169596.50883728324,1,1,1,88841.03335420556,0
2969,558,Germany,Female,47,0,60358.24862769207,1,1,0,143847.2949474517,1
2970,663,France,Female,49,9,0.0,2,1,0,65794.12125165251,0
2971,554,France,Male,39,9,197814.9976702417,2,0,0,35064.3720101044,1
2972,646,Germany,Female,39,2,164502.8679886772,1,1,0,35077.91447546541,1
2973,581,France,Male,44,5,0.0,1,1,1,48620.112963177286,0
2974,749,France,Female,45,10,169432.38406238286,1,1,1,31890.98159796932,0
2975,695,France,Female,51,5,193675.10149407198,1,0,0,51903.94404223063,0
2976,655,France,Female,27,2,0.0,1,0,0,120016.52548909363,1
2977,713,Germany,Male,40,8,67479.23980024204,2,1,1,58703.84284309436,0
2978,607,France,Male,29,7,10058.869722878337,1,0,1,75159.84668196608,0
2979,677,Germany,Female,39,10,0.0,1,1,1,20019.4568724256,0
2980,659,France,Female,37,2,207432.05327587947,1,1,0,179519.72758826156,1
2981,663,Spain,Female,39,4,177425.0803346469,2,1,1,36250.58849500939,0
2982,713,France,Female,32,4,28379.42352822731,1,0,1,76246.50876466058,0
2983,686,Germany,Female,25,4,0.0,1,0,0,82101.05756427902,0
2984,664,Germany,Female,19,2,207044.96110518574,2,1,0,156703.9911149989,1
2985,567,France,Female,38,4,103520.39682595976,2,1,0,101873.14212823162,0
2986,601,Spain,Female,35,4,57520.176212860984,2,1,0,82761.69487541195,0
2987,643,Germany,Male,33,3,151030.55133795296,1,0,1,142216.1927321847,1
2988,654,France,Female,53,3,208313.5905522107,2,1,0,123432.80263335348,0
2989,593,France,Male,31,1,0.0,1,0,1,24845.570919532634,0
2990,770,Spain,Female,54,8,153268.2921185766,1,1,1,69413.04772944095,1
2991,725,Spain,Male,56,6,164361.71088144206,1,0,0,195935.5444338611,0
2992,680,France,Male,20,0,0.0,1,1,1,101833.68857583178,0
2993,653,France,Female,40,4,166008.08421689164,2,0,0,90596.68326409294,0
2994,639,Spain,Male,36,1,0.0,2,1,0,38484.76224314408,1
2995,602,Germany,Male,18,9,0.0,1,1,1,169423.33303437938,0
2996,653,Spain,Female,25,5,66384.82646773968,1,1,0,35328.49672349126,0
2997,662,France,Female,47,6,0.0,1,0,0,29965.91139654608,0
2998,587,Germany,Female,60,1,14246.358672824987,2,1,1,93410.06659970399,1
2999,666,France,Male,49,10,162338.68449357868,2,1,1,92962.90708013553,0
3000,642,France,Female,43,5,169692.78970840768,2,1,1,196479.10746930804,0
3001,554,Germany,Male,39,2,0.0,2,1,1,34231.36244886709,0
3002,606,Spain,Female,56,8,153551.8791407535,1,1,0,101927.14874749811,0
3003,629,France,Female,61,3,138181.6145737035,2,0,1,48236.60929852345,0
3004,744,France,Male,34,2,72565.9715567473,1,1,1,143335.13942584852,0
3005,677,Germany,Male,20,10,0.0,3,0,0,84420.50664290648,0
3006,583,Germany,Male,19,2,228309.88705892357,1,1,1,133208.8989861533,0
3007,674,Spain,Female,53,1,112384.6673103719,2,1,0,74298.12488924927,1
3008,572,Spain,Female,39,8,161162.6024510804,1,1,0,117263.7374604191,1
3009,704,France,Female,41,7,18484.197049766608,1,1,0,99136.02528570441,0
3010,626,Spain,Male,22,4,28672.027197303712,2,0,1,81129.34571936695,0
3011,645,Spain,Male,32,8,29513.937592796432,2,1,1,112129.71060691713,0
3012,716,Spain,Male,37,1,0.0,2,1,1,82921.74863908415,0
3013,585,Germany,Male,42,5,0.0,2,0,1,163143.56777903257,0
3014,580,Spain,Female,36,6,64626.80520779521,1,1,0,104095.14404804839,0
3015,620,France,Male,29,5,189357.89642841346,2,1,0,181594.1806324577,0
3016,701,France,Male,32,2,0.0,2,1,1,52332.805737214934,0
3017,574,Spain,Female,52,9,69158.20601686735,1,1,1,31303.53715917256,0
3018,508,France,Female,42,9,113423.54638480501,2,1,0,82383.79830658302,0
3019,627,France,Male,46,9,89545.13656350719,3,1,1,44895.31666342272,0
3020,677,Spain,Male,31,8,0.0,2,1,0,84692.68468970826,1
3021,710,Spain,Male,18,7,91081.74857796343,1,0,0,49408.07943169006,1
3022,626,France,Male,34,7,104308.39260613406,2,1,1,174961.09870490336,0
3023,629,Spain,Male,31,7,217092.78597987661,1,1,1,117901.86066003444,0
3024,707,Germany,Male,43,8,0.0,2,0,0,104541.96034651123,1
3025,556,Germany,Female,72,0,208650.6857952178,2,1,0,159671.56787297624,0
3026,630,Spain,Female,46,7,217559.42384911183,2,0,0,34769.73250275188,1
3027,659,France,Female,67,1,146734.8806413881,2,0,1,172832.79689889814,0
3028,672,France,Female,45,3,0.0,1,1,0,101827.77105918564,0
3029,624,France,Male,33,0,143721.55997318574,2,0,1,35922.31360966829,0
3030,651,Germany,Male,43,5,0.0,1,1,1,165688.17856446674,0
3031,525,Germany,Male,57,9,0.0,1,1,0,97547.2899782519,0
3032,617,Spain,Male,58,0,36658.471492187324,1,0,1,124874.10306681022,0
3033,672,Spain,Female,34,4,0.0,1,0,1,179785.68831173427,0
3034,600,Germany,Male,42,8,192540.44096260873,3,0,0,179231.41012187893,0
3035,652,Spain,Male,25,0,0.0,2,0,0,179635.58939572595,0
3036,672,France,Male,48,8,55703.07121354285,2,0,1,89214.31724666174,0
3037,632,France,Male,55,3,0.0,1,1,0,152425.11753821,0
3038,658,Spain,Female,40,2,80980.4073432472,2,1,1,54321.46335139841,0
3039,601,France,Male,33,7,0.0,2,0,0,167923.62782061112,0
3040,639,France,Female,43,5,42130.500199230344,1,1,0,74927.23821587066,0
3041,680,Germany,Male,44,6,102491.62078596816,3,0,1,98143.36777249436,1
3042,657,France,Male,40,8,53717.9586589671,1,1,1,179364.41315681732,0
3043,620,Spain,Male,41,4,73543.05112785674,2,0,0,163090.59080289467,0
3044,661,France,Female,38,1,0.0,1,0,0,190977.1289764428,0
3045,685,France,Male,49,2,0.0,1,1,1,79059.86806727777,0
3046,547,France,Male,47,2,15497.407983324125,2,1,0,38706.201234940636,0
3047,707,Germany,Male,30,3,0.0,2,1,1,182977.98038484092,0
3048,633,France,Female,29,9,18654.34289494411,2,1,0,103699.33355077905,1
3049,671,Germany,Female,37,6,30459.818802772068,2,0,1,178986.15030721072,0
3050,709,Spain,Male,47,9,179220.16830738616,1,1,1,149093.9826193229,1
3051,581,Spain,Female,41,5,186545.945560508,2,1,0,176212.55204918684,1
3052,614,France,Male,33,2,205355.3615614717,1,0,0,134397.3577838009,1
3053,635,France,Male,42,6,123817.96282487319,2,1,0,164350.68260692552,0
3054,610,Germany,Female,36,3,216353.79568388517,1,1,0,32863.839780475435,1
3055,736,Spain,Male,48,9,50041.18999398984,1,1,1,193975.9909504064,0
3056,607,Spain,Male,43,10,69931.93927240063,3,1,0,44386.05230194487,0
3057,622,France,Female,36,10,0.0,1,1,1,14655.52590054931,0
3058,660,Germany,Female,42,7,201408.94253965036,1,1,1,110853.40123941406,0
3059,589,France,Female,53,6,0.0,1,1,0,145263.3299349971,0
3060,630,France,Female,34,6,0.0,1,1,0,146119.5025075926,0
3061,665,France,Male,44,8,159546.5650211335,1,1,1,74454.24057965007,0
3062,633,France,Male,39,7,28499.686326561856,1,1,0,153228.04891625047,1
3063,645,France,Male,44,0,20776.06653284141,2,1,1,170086.4103308553,0
3064,623,France,Male,33,6,35612.23565259014,2,1,0,125902.23105095155,0
3065,574,Germany,Male,41,2,10057.812156920223,2,1,0,83338.48137181868,0
3066,666,France,Male,51,3,0.0,3,1,0,126579.17099158066,0
3067,737,Germany,Male,30,5,144936.47721147488,2,0,0,173823.77606675145,0
3068,650,France,Male,26,4,60370.02616905373,1,1,1,181089.63455903257,0
3069,661,France,Female,27,7,65921.18751462302,1,1,0,15988.159154604724,1
3070,684,France,Male,28,1,204632.46363280952,2,1,0,33255.72609238536,0
3071,586,France,Male,45,4,130436.8278064721,2,1,1,10857.669106296149,1
3072,735,Germany,Male,25,4,177646.80569961751,1,1,0,103564.01464836598,1
3073,660,France,Male,37,2,118661.30830597974,1,0,0,92914.27622125001,0
3074,731,Germany,Male,46,9,0.0,2,1,1,113702.31574042601,0
3075,613,France,Female,44,4,242896.67216389763,2,0,0,139892.87907378253,1
3076,740,Germany,Female,36,3,145755.41521009538,2,1,1,79498.9109682015,0
3077,688,Spain,Female,41,10,41435.65690429898,1,0,0,49629.68106503562,0
3078,677,France,Male,41,4,107461.61012413762,2,1,0,85015.87189327537,0
3079,661,France,Male,37,9,89040.97886725617,2,1,1,11712.09013049549,0
3080,637,France,Male,37,8,61380.99246124512,2,1,1,167594.86860256267,0
3081,710,Germany,Male,62,6,234025.59741766227,2,1,0,82907.99695191924,1
3082,657,France,Female,48,0,221420.7989103406,2,1,1,128329.78506525295,0
3083,551,Germany,Female,64,2,57795.30796482794,2,1,0,71697.86827622255,1
3084,594,Germany,Male,35,8,94515.49337332402,1,1,1,126814.35387959641,0
3085,640,Spain,Male,39,3,192955.6940009972,1,0,1,112682.72478185552,0
3086,665,Germany,Female,26,3,0.0,2,0,0,49626.27267827581,0
3087,647,Germany,Female,31,9,0.0,2,0,0,128811.56472046829,1
3088,710,France,Female,59,5,177950.546109956,2,1,1,30828.259677666985,0
3089,552,Spain,Female,34,2,166953.35817058393,4,0,0,101406.31089738735,1
3090,657,Spain,Female,59,2,0.0,3,1,0,146776.8312079655,0
3091,559,France,Female,27,8,179607.9013669031,2,0,0,114321.91714820536,0
3092,687,Spain,Female,29,4,0.0,1,1,1,151791.50281632817,0
3093,645,France,Male,36,6,93159.7334848767,1,1,1,61900.89166208381,0
3094,670,Spain,Male,39,4,220861.7018502015,2,1,0,19275.52069819672,0
3095,606,Spain,Female,49,5,15233.695003625628,1,1,1,20634.37175091214,0
3096,713,France,Male,44,7,79168.71119758797,4,1,1,61057.84221182249,1
3097,702,Germany,Female,35,7,21677.387679791573,1,0,0,87456.74750775726,0
3098,679,France,Male,38,1,166288.95038940167,2,1,1,112125.98902139967,0
3099,643,France,Female,36,10,34189.688975588695,2,1,1,153955.64600020964,0
3100,678,France,Male,30,8,212969.6472764911,1,0,0,169525.8018635827,0
3101,614,Germany,Female,31,9,165182.00410966235,2,0,1,141799.38504051077,1
3102,692,France,Male,50,5,16915.696252865368,2,1,1,98009.70139730985,0
3103,732,France,Male,21,6,181546.56770430953,1,0,0,60252.53301563403,0
3104,703,Germany,Female,56,2,216888.38734167066,1,1,0,91282.44172604606,1
3105,613,France,Female,36,3,168669.04183891587,2,0,1,61945.26886343818,0
3106,668,France,Female,32,5,17325.811824407723,1,1,0,128647.89663548897,0
3107,585,France,Male,47,6,215900.69163049757,2,1,1,165459.3034940325,0
3108,678,France,Male,54,5,185791.3391041684,1,1,0,108455.86128026537,1
3109,672,France,Male,51,4,100828.31499615622,1,1,1,18709.500185259374,0
3110,556,France,Male,45,1,88871.26199572063,1,1,1,188552.23930413378,0
3111,591,Spain,Female,50,6,125156.84353778562,1,1,1,65913.96224244963,0
3112,635,Germany,Female,22,4,218104.420225089,1,1,0,183756.96431857513,0
3113,634,France,Male,34,8,0.0,4,1,1,164482.97748012777,0
3114,589,France,Female,30,10,0.0,1,1,0,88493.77152876684,0
3115,669,France,Female,52,3,0.0,1,1,1,20773.715764987646,0
3116,662,Germany,Female,36,9,0.0,1,1,0,190063.74184033333,0
3117,640,France,Female,48,1,0.0,2,0,1,135220.19676638482,0
3118,612,France,Male,45,6,83378.84663233616,2,0,0,57434.25669198429,0
3119,702,Spain,Female,31,6,131973.44840518426,2,1,1,111371.87865275446,0
3120,732,France,Female,34,0,41750.92594053473,1,0,1,130720.39668654613,0
3121,625,France,Female,52,10,226541.19265040447,2,1,1,53065.27215749088,0
3122,619,Spain,Male,32,4,189960.69361225714,2,1,0,27772.694968977175,0
3123,674,Germany,Female,41,2,231797.34078592822,2,0,0,60818.45370858596,0
3124,632,France,Male,32,8,173974.97226835898,1,1,1,19044.506969708913,0
3125,643,Germany,Male,36,8,0.0,2,1,0,23297.43694652326,0
3126,686,France,Female,39,6,0.0,1,1,0,39751.158263718695,0
3127,554,Germany,Female,32,8,0.0,1,1,0,40097.210423139826,0
3128,715,France,Male,30,1,155741.96928644966,1,1,1,57110.801137330134,0
3129,653,Spain,Male,42,10,232350.26496070568,1,1,0,188111.55411589646,1
3130,629,Spain,Male,31,9,102148.35178939335,1,0,1,119405.80434613652,0
3131,645,Spain,Male,31,7,178737.285257715,2,1,0,90275.9841886254,0
3132,648,Spain,Female,30,9,240642.12373859723,2,1,1,117121.93703001141,0
3133,563,Germany,Male,39,9,46569.775219708725,2,0,0,11085.195104257871,1
3134,724,France,Female,49,9,0.0,1,0,1,180001.9128457232,0
3135,652,France,Female,55,0,0.0,2,1,0,111139.49680024957,1
3136,672,Germany,Male,32,2,185781.22622304084,2,0,0,95813.62635549126,0
3137,697,Spain,Female,61,7,0.0,1,1,0,188904.36848231996,0
3138,598,France,Male,29,10,90156.21238384038,2,1,0,148777.53605190563,1
3139,673,Spain,Male,50,7,0.0,2,1,0,74109.95960803506,0
3140,636,Spain,Male,32,9,243136.9967600703,1,1,1,187869.92147681952,0
3141,692,Spain,Female,31,7,0.0,1,1,0,171879.5487487745,0
3142,543,Spain,Female,32,10,0.0,1,0,1,191361.40856883762,0
3143,645,France,Male,39,10,249882.11095930586,3,0,1,28282.548108147184,0
3144,619,France,Female,45,6,155205.90332870596,1,1,1,191504.12898355833,0
3145,671,France,Female,46,1,214894.87311145192,1,1,0,113147.7393855955,0
3146,673,France,Female,30,2,25998.58318668855,1,0,0,137720.86512254755,0
3147,614,Germany,Female,30,8,103468.28283806168,2,1,0,50325.3909399299,0
3148,614,Spain,Female,30,1,170716.26935286637,1,1,0,36676.28310987282,1
3149,644,Spain,Male,38,6,35544.09248792837,2,1,0,25083.624539440265,0
3150,605,Germany,Female,37,0,0.0,2,1,0,90239.4875074973,0
3151,692,France,Female,30,2,0.0,2,0,0,52056.399228924514,0
3152,631,France,Male,42,0,61849.65387365914,2,0,1,25508.35265293663,0
3153,504,France,Female,62,5,82064.76060443254,1,1,0,191462.57722645137,0
3154,631,France,Female,34,3,0.0,2,0,0,149344.3552170321,0
3155,598,Germany,Female,35,0,0.0,2,1,0,108392.3565580754,0
3156,568,France,Male,45,4,61222.27215241865,2,1,1,151236.02173342684,0
3157,588,France,Female,34,3,138690.20105640002,2,1,1,126177.05273654402,0
3158,655,France,Female,46,10,171029.92817687147,2,0,1,43826.192837253984,1
3159,716,Germany,Male,32,9,184022.34665669556,1,0,1,130352.92436391745,0
3160,665,France,Male,58,10,191019.3242792599,1,1,1,139392.33108407218,0
3161,619,France,Female,43,9,18839.797963540743,1,1,0,55119.45943992867,1
3162,672,France,Male,33,1,104502.49609109519,1,1,0,70827.48298300759,0
3163,627,Spain,Male,34,6,195749.93914794165,2,1,1,82827.12535427832,0
3164,615,France,Male,34,7,227164.50443203107,1,1,1,124483.86153924516,0
3165,592,Germany,Female,53,3,154528.029599868,1,1,1,34093.51659070984,0
3166,562,Germany,Female,27,8,22553.64484232456,2,1,1,151260.8434659434,0
3167,630,Germany,Male,33,2,105194.9934052315,2,1,0,75744.61144503918,0
3168,657,Spain,Male,34,5,0.0,2,1,1,141436.79774163655,0
3169,645,France,Male,39,10,189649.08704430028,2,0,0,187248.60474287157,1
3170,629,France,Male,37,6,0.0,2,0,0,175276.18288410653,0
3171,602,France,Female,25,6,0.0,2,1,0,150140.41460156825,0
3172,680,Germany,Male,36,5,110070.02175154582,1,0,1,46732.12689373533,0
3173,584,France,Female,39,8,121035.60810756928,3,0,0,149094.13002934662,0
3174,688,France,Male,33,0,0.0,1,1,0,130799.98713354576,1
3175,599,Germany,Female,46,8,0.0,2,1,1,156783.89627729708,1
3176,612,Germany,Female,49,8,181177.39648484797,2,1,0,175074.64495929598,0
3177,576,France,Male,39,3,98624.51750932996,2,1,0,69180.27166738984,0
3178,624,Germany,Female,42,4,0.0,2,0,1,132417.77375983447,0
3179,698,Germany,Female,18,2,0.0,2,0,1,62276.25519838665,0
3180,675,France,Female,35,6,94870.59882171583,2,1,0,75794.13845496066,0
3181,698,France,Male,50,1,157311.7501700994,1,1,1,108922.46340850524,0
3182,676,Germany,Female,35,7,0.0,1,1,1,92491.04442910738,0
3183,594,Germany,Female,32,8,183528.71076622748,1,1,0,124119.81446936305,0
3184,633,France,Male,62,5,144529.26113241992,1,1,0,154164.67937195394,0
3185,610,France,Male,58,8,0.0,1,0,0,124953.80467483998,0
3186,716,Germany,Female,44,5,0.0,2,1,1,194262.09397319608,0
3187,590,Spain,Female,51,2,127848.06876803236,1,1,1,150242.8017328582,0
3188,694,Germany,Male,18,9,170793.1237362255,2,1,0,197152.2470277764,0
3189,694,France,Male,32,2,0.0,1,0,1,151253.73757027643,0
3190,741,France,Female,35,1,102623.0888635026,2,0,1,106504.58572736672,0
3191,629,Spain,Female,37,4,159961.8985628099,1,1,0,88091.09498780327,0
3192,685,France,Male,35,3,16930.304623776734,2,0,1,149775.4741259512,0
3193,764,Spain,Male,18,5,0.0,2,1,1,140553.63420378463,0
3194,619,Spain,Female,43,4,153723.98471346803,1,0,1,137065.29370120884,0
3195,573,France,Female,45,5,242170.1276747675,1,0,1,147138.93040297696,0
3196,555,Spain,Male,56,3,220483.9747882411,1,0,0,175712.70151686965,1
3197,685,France,Female,32,2,77378.06870623796,2,1,0,53274.458432742955,0
3198,555,Spain,Female,31,0,131730.42496694194,2,1,1,117329.99848995835,0
3199,631,France,Female,18,4,23539.449438421914,2,1,0,124627.22564918858,1
3200,671,France,Female,37,5,67781.05955627371,1,1,0,65642.79918295876,0
3201,659,Germany,Male,49,4,195965.40833634164,1,1,0,197710.4268052358,1
3202,671,Spain,Male,33,4,39595.36294608269,1,1,1,159252.20410578174,0
3203,661,France,Female,61,5,71845.72596014958,1,1,0,71040.55947602328,0
3204,713,Germany,Female,37,3,236570.2004165939,1,1,0,78102.52757693575,0
3205,602,France,Female,41,3,207725.39211818992,1,1,1,146469.04827962408,0
3206,616,France,Female,26,10,197638.65103573888,2,1,0,12183.750083735104,0
3207,611,France,Male,42,7,217493.79767251763,1,1,1,98167.66415815079,0
3208,691,France,Female,20,10,189905.36477976493,1,1,0,75191.084699423,0
3209,695,France,Female,46,7,38940.69186837639,2,1,0,172260.56391472838,0
3210,672,France,Male,47,2,133974.7183564555,2,1,0,160346.03298529534,0
3211,709,France,Male,53,6,0.0,2,1,1,73098.41607689252,0
3212,591,France,Female,29,4,0.0,1,0,1,174311.42572476587,0
3213,733,France,Male,41,4,210169.6983327053,2,1,1,183584.0011528304,0
3214,726,Spain,Male,45,2,0.0,2,1,0,114967.18133550958,0
3215,686,France,Female,44,1,24471.424325811924,1,1,1,40255.030505033865,0
3216,739,Spain,Female,31,2,75991.74009286438,1,1,0,156362.33574117091,0
3217,567,Germany,Male,18,6,64869.05392706682,2,1,0,70675.40560526217,0
3218,623,Germany,Female,43,2,0.0,2,1,1,110183.46410756241,0
3219,613,Germany,Male,38,10,0.0,1,0,0,18661.846260218947,1
3220,686,Spain,Male,34,1,0.0,1,0,1,105017.18029725118,0
3221,597,France,Male,47,3,0.0,2,1,0,82250.26131567334,1
3222,687,Germany,Female,39,4,166027.12660995172,1,1,0,140352.40571575184,0
3223,718,Germany,Female,26,6,191170.13122650996,2,0,1,17748.899191660625,0
3224,684,Germany,Male,20,0,0.0,1,0,0,128739.63970582985,0
3225,664,Spain,Male,28,7,0.0,2,1,0,156671.65397907258,0
3226,600,France,Female,63,9,244440.2009560923,1,1,0,12427.847860434118,1
3227,607,Germany,Male,47,2,248882.15598611752,1,1,0,152493.03548768192,0
3228,712,Germany,Male,41,10,0.0,3,0,1,34738.76518227918,1
3229,688,France,Female,38,5,233828.91202141083,1,1,1,142630.66193986262,0
3230,648,France,Female,37,3,107075.12687390913,1,0,1,96502.51151138445,0
3231,629,Germany,Female,51,4,0.0,2,1,0,114878.34819923573,1
3232,548,Spain,Female,35,9,228201.83169752342,1,0,0,74095.97758185444,1
3233,596,France,Male,45,5,226993.71335974615,1,1,1,56638.61720220938,1
3234,745,Spain,Female,36,1,209403.10789801157,1,0,0,23498.998030896346,0
3235,585,France,Female,59,2,107583.7987939001,2,1,0,174291.09762142925,0
3236,659,France,Male,47,7,0.0,2,1,1,125981.55097077957,0
3237,700,France,Male,52,7,90149.52552266701,2,0,0,196731.84027097432,0
3238,587,France,Male,34,0,194149.25663154232,2,0,1,171585.86107693412,0
3239,659,France,Female,50,9,65892.52271919406,1,1,0,175230.3207716382,0
3240,696,France,Male,36,7,124785.29555823338,1,1,1,123591.43932970788,1
3241,650,Germany,Female,41,10,0.0,2,0,0,25379.11384854849,0
3242,793,Germany,Male,56,1,0.0,2,1,1,183545.2897925165,0
3243,566,France,Female,29,9,234574.13161091166,2,1,0,32398.384488354975,0
3244,702,France,Male,42,9,0.0,3,0,1,108257.74177812811,0
3245,641,France,Female,44,7,0.0,1,0,0,172802.59024121237,1
3246,688,Germany,Female,45,9,149650.80349399202,2,1,1,99757.52272143097,0
3247,672,France,Male,35,4,0.0,2,1,1,41477.367289940776,0
3248,613,France,Male,60,0,73279.26713674309,1,0,0,80907.40125431298,0
3249,661,Spain,Female,27,7,0.0,1,1,0,197793.59843987762,0
3250,557,Spain,Male,54,4,0.0,2,0,1,199954.24543333615,0
3251,680,France,Female,52,0,176435.41032577082,2,1,0,145058.64810907107,0
3252,664,France,Female,59,3,0.0,2,0,1,178718.53877734655,0
3253,681,France,Female,24,0,122150.85727082798,2,1,0,18399.278351270335,0
3254,702,Spain,Male,31,8,100407.34223044252,2,1,1,62434.59924667334,0
3255,668,Germany,Female,54,9,143365.8866748733,1,1,0,80102.3143810281,1
3256,657,France,Female,21,1,38935.923861200106,2,1,1,12279.553018954557,0
3257,605,Germany,Female,23,7,0.0,1,1,0,81622.69556342025,0
3258,614,France,Female,35,3,119288.24907171541,2,1,0,27676.001161286043,0
3259,709,France,Male,41,8,139200.76310662366,2,1,0,108307.7673829653,0
3260,721,France,Male,55,1,0.0,2,1,1,10839.66869079671,0
3261,638,France,Female,38,2,239756.4078364869,1,0,0,61385.4788277588,0
3262,652,France,Male,33,1,0.0,3,1,0,174593.84650050016,1
3263,604,France,Male,43,9,0.0,2,0,1,50481.03024485026,0
3264,708,France,Female,44,4,143512.9267525993,2,1,0,22320.251633300155,0
3265,683,France,Male,44,10,0.0,1,1,1,57448.84904539644,0
3266,747,Spain,Male,38,0,26760.868746296706,1,0,1,167236.1541406625,0
3267,606,France,Male,20,2,41983.293492259734,2,0,1,121565.59906396094,0
3268,631,France,Male,30,0,149120.9044474095,2,1,0,121354.13017413275,1
3269,661,Germany,Male,54,9,104971.08878992702,1,1,1,10109.062216825409,0
3270,682,Spain,Male,41,7,201714.52476772043,2,1,0,99708.7306363661,0
3271,639,Spain,Female,36,3,140362.68996980225,2,1,1,60467.42754323484,0
3272,606,France,Male,51,2,0.0,1,0,0,73879.71232111505,1
3273,694,France,Female,28,7,243359.6028309499,1,1,0,123750.46115694306,0
3274,686,Germany,Female,37,8,45432.4444291564,1,1,0,176124.5572738174,0
3275,604,Germany,Female,41,7,104758.66039735038,1,1,1,44514.81210919675,1
3276,717,France,Male,35,5,169595.4460571274,1,1,1,155962.18449702393,0
3277,708,Spain,Male,41,2,83317.30129608393,2,1,0,19291.413713303104,1
3278,656,France,Female,38,7,74087.76105315884,1,0,1,72078.5415233958,0
3279,653,Spain,Female,26,4,205297.2545509208,1,0,0,51593.41103917178,0
3280,677,Spain,Female,41,4,245290.8325740983,1,1,1,183960.9568978615,0
3281,606,Germany,Male,26,8,0.0,4,1,1,43819.602209511395,0
3282,651,Spain,Male,41,0,135682.38947298727,1,1,1,119940.0644448922,1
3283,542,Germany,Male,53,6,116202.69566687553,3,1,0,41308.80149349557,1
3284,693,France,Female,37,7,139515.45292728758,1,1,0,99961.9059025692,1
3285,571,France,Male,28,10,0.0,1,0,1,88545.98125936536,0
3286,725,France,Male,38,9,130693.13362856033,2,1,0,17857.866524431083,0
3287,633,France,Female,31,2,0.0,2,0,0,166914.84280311476,0
3288,639,Germany,Male,45,7,0.0,2,0,1,158221.4158721623,0
3289,618,France,Female,38,0,191088.40036558436,2,0,1,62793.09069288298,0
3290,635,France,Male,57,7,173434.58144637282,1,1,0,126659.07601023109,0
3291,720,Germany,Female,51,6,237981.99303387356,2,0,0,78907.2203673479,0
3292,525,Spain,Male,38,3,78254.63965908112,2,1,0,156153.1572231914,0
3293,713,France,Female,47,10,0.0,2,1,1,141572.04669374292,0
3294,666,France,Male,36,6,208273.2784852796,1,0,1,27188.726412792756,0
3295,589,France,Female,40,9,249620.0712758212,1,1,1,170395.751420274,0
3296,596,Germany,Female,36,10,148823.78512484784,2,1,1,44090.95996805798,0
3297,733,France,Male,47,6,24114.25309904365,3,1,1,43080.843468424806,1
3298,602,Germany,Male,54,9,0.0,1,0,0,149411.90621571481,1
3299,592,France,Female,47,0,27699.77172300197,1,0,0,44817.70166424478,1
3300,706,France,Male,49,2,139603.3567022275,1,1,1,33255.42117287142,0
3301,666,Spain,Female,49,6,76607.79381052649,2,0,0,73760.73717341138,0
3302,603,France,Female,45,10,229606.4273421749,1,0,1,169355.37135260357,0
3303,660,France,Male,28,4,118319.4911822764,1,1,1,43593.66406417904,0
3304,598,France,Male,57,8,225631.2036348528,2,0,1,74423.86869238582,0
3305,705,France,Male,58,6,81779.46046109621,1,1,0,64388.250609678726,0
3306,703,Germany,Female,37,2,0.0,1,1,1,77651.56429677834,0
3307,676,France,Female,36,0,237308.60517929934,1,1,1,145711.64092796217,0
3308,668,France,Male,46,4,58315.468223592485,1,1,1,87038.46038703376,0
3309,738,France,Female,45,9,148840.27639627483,1,1,0,154319.56945476012,0
3310,649,Germany,Female,37,4,103242.47885442672,1,1,1,131676.5962671898,0
3311,590,Spain,Male,27,6,195800.05241649455,1,1,1,78608.8446006943,0
3312,672,Germany,Female,43,0,0.0,2,0,0,92125.7485053738,0
3313,754,Germany,Female,45,9,0.0,1,1,0,143688.3152911156,1
3314,599,France,Female,47,1,177743.83044286317,2,1,1,111603.52850386374,0
3315,631,France,Male,43,10,107683.89640147836,1,1,0,174984.6306712035,0
3316,670,France,Male,37,5,24047.617426090408,1,1,0,187304.84951058577,0
3317,647,France,Female,49,7,179226.94272048253,2,1,0,146364.3919472851,1
3318,600,France,Male,40,3,0.0,1,0,1,197949.35276623303,0
3319,706,Germany,Female,35,2,0.0,1,0,0,123341.98960967365,1
3320,766,Germany,Male,38,2,157037.41485480953,2,0,0,17567.850159034417,0
3321,659,Spain,Female,22,2,230771.44540690875,2,0,0,105921.89066416105,0
3322,604,France,Female,38,1,0.0,2,1,1,53701.76308331319,0
3323,572,Germany,Female,46,0,0.0,2,1,1,73405.50427301864,0
3324,662,Spain,Female,43,4,0.0,1,1,1,103113.30990815857,0
3325,705,Germany,Male,55,9,0.0,3,1,1,66059.65283805797,1
3326,673,France,Female,37,4,15427.709959404714,2,1,1,68828.1113653823,0
3327,649,France,Female,44,4,121407.00799478735,1,1,0,86383.10391793461,1
3328,620,France,Male,47,3,199884.80493624732,2,1,1,64426.896073699056,0
3329,595,France,Male,63,2,48572.6584238388,1,1,0,42205.18908443702,0
3330,691,Germany,Female,41,2,210792.9453315815,2,0,1,155456.4498885493,0
3331,695,France,Female,29,1,0.0,1,1,0,85090.23485103041,0
3332,572,France,Male,48,4,89721.58906923655,2,1,1,168033.88709309243,0
3333,729,Germany,Female,58,3,133798.19163818785,1,1,1,177716.22800777943,0
3334,678,Spain,Female,36,5,0.0,2,1,1,152683.0623688458,0
3335,719,France,Female,48,1,61944.87295176131,1,0,1,85367.90078794854,0
3336,582,Germany,Female,52,1,129888.49545856965,1,0,1,147051.20147408015,0
3337,581,France,Female,50,7,0.0,2,0,0,39491.89583192886,0
3338,642,France,Female,41,5,0.0,2,1,0,135611.99423955497,0
3339,675,France,Female,33,2,20445.301269594314,1,1,0,87146.09215123359,0
3340,739,Germany,Female,39,4,13230.388703553108,2,0,0,134572.4388484277,0
3341,685,Spain,Female,44,2,87926.2855840039,1,0,0,153410.21250692743,0
3342,637,France,Male,49,10,0.0,2,1,0,116910.43272632732,0
3343,598,Germany,Male,43,1,202904.7886098675,2,1,1,132070.93268042983,1
3344,711,France,Male,36,2,0.0,2,1,1,50570.30696699903,0
3345,601,Germany,Female,45,0,24712.917216271366,2,0,0,122612.91539477305,0
3346,731,France,Female,48,6,113854.30622402551,2,1,0,97490.11487109734,0
3347,635,France,Female,43,5,16175.709515817944,1,1,0,91330.0433158694,0
3348,729,Spain,Male,31,4,0.0,3,1,0,87959.99333054596,0
3349,683,Germany,Male,38,5,0.0,2,1,1,69075.56531731503,0
3350,643,France,Female,49,7,0.0,1,1,0,68013.58585342142,0
3351,624,France,Male,26,2,0.0,1,1,1,142944.22131060204,0
3352,632,France,Male,19,2,0.0,2,0,0,115981.95360877244,0
3353,671,France,Female,55,4,129106.63817377652,3,1,0,15690.900399096212,1
3354,653,Spain,Female,45,4,68940.00838572794,1,1,1,19219.79371498526,0
3355,620,Spain,Male,46,10,10030.033301578118,2,1,0,118322.61019916307,0
3356,641,France,Female,29,0,225840.26961595245,1,0,0,170793.86097298044,0
3357,653,France,Male,47,3,0.0,3,1,0,18355.784129701737,1
3358,543,Spain,Male,42,8,241419.721848695,2,1,1,106369.31748092157,0
3359,672,France,Male,24,7,0.0,1,0,0,171715.72134608345,0
3360,601,Germany,Female,54,2,155170.83538010565,1,1,1,10845.115838777556,0
3361,592,France,Male,41,4,249858.54108559288,2,1,1,62400.84244434316,0
3362,565,Germany,Male,36,4,43231.503056722206,2,0,1,184784.84148574775,0
3363,560,Germany,Female,36,6,0.0,2,1,0,25479.22844439854,0
3364,582,Spain,Female,19,7,197301.68055315438,2,1,1,125329.33072490244,0
3365,614,Spain,Male,45,8,0.0,2,1,1,106402.51665387211,0
3366,747,France,Female,42,6,175547.86027361068,2,1,0,38819.07899828686,1
3367,623,Germany,Female,38,1,29289.601093791876,2,1,0,18072.531897367564,0
3368,658,Spain,Male,52,7,66764.83414557434,2,1,1,105491.5493314551,0
3369,670,France,Female,26,7,0.0,2,0,1,149674.7359079213,0
3370,656,France,Male,34,10,227760.7435952647,2,1,0,43676.127691669724,1
3371,646,France,Female,31,1,53309.612027603405,1,1,1,141350.76747587405,0
3372,590,France,Female,37,5,0.0,2,1,1,113812.82923289851,0
3373,722,France,Male,40,9,151030.16282746292,1,1,0,77990.82086223931,0
3374,740,Germany,Male,44,0,93083.42209832849,1,1,0,136241.794282779,0
3375,565,France,Female,36,10,107369.49295392794,1,0,1,46475.58774092657,0
3376,598,Spain,Female,31,6,0.0,2,1,0,96816.95098077766,0
3377,636,France,Female,56,9,0.0,1,1,1,114367.94649733098,0
3378,601,France,Male,64,1,154372.8759144443,1,1,1,97152.1526504558,0
3379,675,France,Female,41,4,0.0,1,1,0,85525.26160286203,0
3380,613,France,Male,32,6,0.0,1,0,0,150773.59151796496,1
3381,758,France,Female,54,9,152428.4174009345,2,1,0,134659.18363924648,0
3382,709,France,Female,25,10,196863.34708177057,1,1,0,131497.79621866922,0
3383,660,France,Female,36,8,84975.34812812677,1,1,1,179442.1225335768,0
3384,701,Germany,Female,33,0,16206.492049263303,2,0,0,198765.12489741156,1
3385,705,Spain,Female,28,8,61442.55634071616,1,1,1,117768.86131183946,0
3386,621,France,Male,37,10,173775.476534279,1,1,1,76170.89676199488,0
3387,609,Germany,Male,31,4,247383.13058966145,2,1,1,157986.3163445448,0
3388,653,Germany,Male,40,5,0.0,2,1,1,36998.82192873823,0
3389,693,France,Female,40,7,0.0,1,1,1,107452.74249839404,0
3390,656,Spain,Male,33,10,0.0,1,0,1,109656.61157138151,0
3391,571,Spain,Male,36,1,85923.82906312772,2,1,0,196858.89483063397,0
3392,609,France,Female,37,6,107419.4423505811,1,1,1,198291.29484747574,0
3393,646,France,Female,48,3,0.0,2,1,1,161850.68627336845,0
3394,646,France,Male,38,8,29334.591857194897,2,0,1,99872.98067926016,0
3395,748,France,Male,48,5,0.0,2,1,1,113972.90009520887,0
3396,580,Germany,Male,45,6,104928.2550551112,3,1,0,70750.90998850064,0
3397,675,France,Male,45,10,204703.08392006267,1,0,0,167670.68369878468,1
3398,724,Spain,Male,53,5,133216.52447814913,1,0,0,151843.77682878415,0
3399,763,Germany,Male,28,10,0.0,2,1,0,156570.80468658337,0
3400,629,Germany,Male,35,7,0.0,3,1,0,36348.50424946937,0
3401,674,Germany,Female,57,5,0.0,2,1,1,85740.4545489648,0
3402,678,France,Male,37,6,153444.04060810147,2,1,0,112096.82118016941,0
3403,659,France,Female,18,7,220640.26310404378,2,1,0,33685.01404478989,0
3404,645,Germany,Female,37,0,29144.751460046533,1,1,1,80038.37501288265,0
3405,671,France,Female,41,9,142934.4132198431,1,0,0,26612.179258699998,0
3406,523,France,Male,18,3,207829.57012586854,1,0,1,192179.83318223682,0
3407,684,Spain,Male,53,5,246717.930074991,1,1,0,152740.0326194446,1
3408,656,Germany,Female,32,0,183838.5761953651,2,1,0,127942.14298710474,0
3409,638,France,Male,43,3,0.0,2,1,0,48922.72237012002,0
3410,752,Germany,Male,37,5,177896.87916289826,2,1,1,73484.21306372013,1
3411,616,Spain,Female,27,6,179384.02463383344,2,1,1,37452.13136353837,0
3412,629,France,Male,29,5,177991.84290510818,1,0,1,111862.72912259083,0
3413,749,France,Female,30,10,0.0,2,1,0,165898.03805974554,0
3414,608,Spain,Female,50,3,0.0,1,1,1,13616.93912106421,0
3415,622,France,Female,38,6,0.0,2,1,1,29628.647242495546,0
3416,642,France,Female,34,9,0.0,1,1,0,53576.45704881156,0
3417,692,France,Male,30,1,238931.46306356508,2,1,1,145672.68120022668,0
3418,660,Spain,Female,51,5,121801.27334061902,1,1,1,179856.16936617598,0
3419,585,France,Male,54,4,240535.04839016203,2,1,0,153072.3439871534,1
3420,623,France,Male,51,1,235140.46228387696,1,1,0,109740.03453246999,0
3421,619,France,Male,44,8,226698.33717623667,1,1,1,29971.349181711394,0
3422,646,Spain,Male,42,6,228364.23396738048,1,1,0,153433.73112773252,1
3423,671,France,Female,27,2,225596.51039871664,2,0,1,30071.550671037203,0
3424,670,Germany,Female,37,6,206773.4520494037,2,1,1,76061.07246698462,0
3425,561,Spain,Female,33,10,176794.95006527926,2,1,0,68518.3871847417,0
3426,703,France,Female,21,10,15857.962862225977,2,0,0,78252.45804440526,1
3427,662,Spain,Female,50,5,41740.86211745259,1,1,1,72610.51824613177,0
3428,719,Spain,Male,33,6,42215.693087552114,2,1,0,156144.14617617492,0
3429,672,Spain,Female,51,3,0.0,1,1,0,42627.50945272655,1
3430,705,France,Male,48,9,0.0,1,1,0,170710.74952039815,0
3431,673,Germany,Male,45,7,0.0,2,0,1,173069.4470207701,0
3432,717,Spain,Female,46,7,169313.02885858863,1,1,1,103275.90633631508,0
3433,676,Spain,Male,33,6,84897.52439090138,1,0,1,30168.2622129589,0
3434,645,France,Male,58,6,0.0,2,1,1,119327.37541297203,0
3435,763,Spain,Female,40,9,127208.67686916422,2,1,0,165976.96064184318,0
3436,694,France,Female,43,7,0.0,2,1,1,64999.96865262683,0
3437,678,France,Female,33,0,222280.49949435823,1,1,1,169172.01059733285,0
3438,586,France,Male,30,5,0.0,2,1,1,138614.58201578888,0
3439,585,Spain,Female,44,1,177726.2153271746,2,1,1,197576.82374113874,0
3440,664,France,Female,42,0,79742.59851990578,2,0,1,166695.15906284645,0
3441,657,Germany,Male,32,9,130017.10016171199,2,0,1,48285.088177667094,1
3442,619,Spain,Female,25,6,0.0,2,0,1,95310.77132542664,0
3443,657,France,Male,27,5,47626.563141848244,1,1,0,29666.608312495562,0
3444,729,Germany,Male,51,4,244540.33485742682,2,1,1,23237.407694512607,0
3445,684,France,Female,33,4,26851.82148657429,2,1,1,144150.30576552267,0
3446,592,France,Male,36,8,138162.138337721,1,1,1,183457.042907062,0
3447,644,Germany,Male,54,8,229846.12464446752,2,1,0,194979.34816829785,1
3448,609,Spain,Female,28,5,236966.5323718061,2,1,1,61388.60730348463,0
3449,630,Germany,Female,32,2,65706.15109114624,2,1,0,48336.55495327185,1
3450,629,Spain,Female,32,6,44556.39549155407,1,0,0,116441.77854163371,0
3451,626,France,Male,56,3,183856.72007629383,1,1,1,48163.41388523002,0
3452,587,France,Male,59,4,20073.656386296905,1,0,1,66222.34711296152,0
3453,643,Germany,Female,47,6,126457.35256727542,2,1,1,169073.00271490455,0
3454,621,France,Female,47,6,0.0,1,1,0,163987.94273057417,1
3455,503,France,Female,34,9,144461.13388404014,1,1,1,180063.9222506731,0
3456,752,Germany,Male,59,7,55123.183785761204,4,1,0,101626.26783640817,0
3457,704,France,Female,42,0,0.0,1,1,0,117176.28940175814,0
3458,631,France,Male,48,4,231105.9319477343,2,1,0,156412.00655091298,0
3459,650,Germany,Female,38,8,158131.11473062643,2,1,0,55460.4512927238,1
3460,591,Germany,Male,37,6,183157.75061656476,2,0,1,166387.7823437011,0
3461,734,Spain,Male,56,10,0.0,2,1,0,13335.921167501481,1
3462,744,Germany,Female,45,1,0.0,3,1,0,161555.37887424722,0
3463,657,France,Male,54,0,71354.13517590487,2,1,1,157422.51009197632,0
3464,701,Spain,Male,42,7,137962.6225024708,2,0,1,67338.1904700927,0
3465,658,Spain,Female,31,8,77252.83686656889,1,0,0,148303.34805060862,1
3466,583,France,Female,34,9,140071.54898226427,1,1,0,50658.78669097998,0
3467,629,France,Male,41,4,179870.06257028246,2,0,1,119484.20115423689,0
3468,656,Germany,Male,33,10,0.0,2,1,0,143111.4872341031,0
3469,627,Germany,Male,28,5,0.0,2,1,0,145792.78765648731,0
3470,639,Spain,Female,52,1,190103.40372012716,2,1,0,196757.67565424836,1
3471,645,Germany,Male,34,10,171445.15350216618,1,0,1,44581.07575067612,0
3472,645,Germany,Male,41,4,0.0,1,1,1,101351.73948920598,0
3473,652,Spain,Female,42,3,24129.322021540203,1,1,1,177219.8634054404,0
3474,596,Germany,Female,34,7,165099.88044649127,2,1,1,116687.39515330014,0
3475,614,France,Female,54,7,102088.93589529031,1,1,1,176513.91483057712,0
3476,585,Spain,Female,28,4,45064.95989815981,1,1,0,92471.16770452465,0
3477,698,France,Female,42,10,0.0,2,1,1,161116.7700141584,0
3478,544,Spain,Male,42,7,0.0,1,1,1,175309.36681257104,0
3479,707,Spain,Male,39,5,0.0,2,0,1,170823.48024501637,0
3480,719,Germany,Male,27,9,0.0,1,0,0,175559.35846586453,1
3481,634,Germany,Female,48,5,136649.30102423052,2,1,0,51715.39235537436,0
3482,519,France,Female,47,3,235969.72001310202,1,0,1,93406.98481690815,0
3483,631,France,Female,33,9,0.0,1,1,0,43168.65550110735,0
3484,646,France,Male,47,10,184154.84518736013,2,1,0,44302.82371409856,0
3485,599,Germany,Female,43,2,77836.4364414093,2,1,0,102687.18849173057,0
3486,624,Spain,Female,27,8,151355.642461407,1,1,0,192416.6733947584,0
3487,726,Germany,Female,31,4,44434.538631481664,2,1,0,122463.14819721153,0
3488,683,France,Male,51,9,107075.9548474661,3,0,0,172230.56835095468,0
3489,603,France,Female,43,9,17977.677996786428,1,1,1,188064.95895931943,1
3490,570,Spain,Female,34,3,0.0,2,0,0,26449.31818417355,1
3491,633,France,Male,31,5,0.0,1,1,1,40792.15813411411,0
3492,639,Germany,Female,34,3,103066.91668173553,1,0,0,65259.9382338307,0
3493,674,Spain,Female,35,5,212328.43951323762,1,1,0,127187.64291866467,1
3494,623,Germany,Female,31,9,0.0,1,0,1,21728.551514257357,0
3495,675,France,Male,22,7,209593.5102387144,1,1,1,159464.35687329894,0
3496,746,Spain,Female,51,7,0.0,1,1,1,22119.856215301385,0
3497,690,France,Female,49,5,132287.06719139867,1,0,0,40102.04343730907,0
3498,647,Spain,Male,27,0,66854.00638271932,2,1,0,82524.4941923357,0
3499,640,France,Male,41,0,231317.46228259656,2,1,1,115966.77276312525,0
3500,632,France,Female,30,2,23008.19412208798,2,1,0,177485.88804866347,0
3501,709,Spain,Male,37,1,175339.12424771566,1,1,1,193108.65793351774,0
3502,618,France,Female,36,0,159097.57427424853,2,1,1,178082.0035685137,0
3503,652,Germany,Male,35,0,115849.96534156644,1,0,1,30338.484960134756,1
3504,652,Spain,Female,60,5,0.0,1,0,1,129933.60219838159,0
3505,624,Spain,Female,35,6,113367.02484286405,2,1,0,93925.76870281424,0
3506,581,Spain,Female,31,7,219465.45413282097,2,1,0,33900.52144113867,0
3507,666,France,Male,32,2,210823.866461189,1,1,1,115471.3505379817,0
3508,646,Germany,Male,50,0,235931.499994487,1,1,1,77765.07806123132,0
3509,675,France,Female,23,4,83870.36959005952,2,1,0,75699.68946630665,0
3510,623,France,Female,32,7,0.0,2,1,0,27944.57255512907,0
3511,711,Spain,Female,54,10,14494.276638367199,1,0,0,195982.06347743576,1
3512,606,France,Female,42,10,0.0,2,0,1,147932.38104252584,0
3513,735,Germany,Male,41,3,0.0,1,1,0,63263.5001546796,0
3514,562,Germany,Male,61,1,0.0,2,0,1,184320.27987512533,0
3515,671,Germany,Female,42,8,227873.1067473747,1,1,1,190136.5673027398,1
3516,673,Spain,Male,32,8,136383.62324003514,1,1,1,163971.22023017166,0
3517,610,France,Male,37,2,0.0,1,1,1,135269.88118114433,0
3518,671,Germany,Male,28,6,0.0,2,0,0,81511.55774729182,0
3519,713,Spain,Female,52,0,129678.40499647707,1,1,0,92525.83647264687,1
3520,539,France,Female,45,7,230370.0642181058,2,1,1,96452.13815253021,0
3521,675,France,Male,51,7,144092.34114590223,3,1,1,190264.90445969638,0
3522,525,Germany,Male,52,2,71227.92751354194,2,1,0,154425.5748922195,0
3523,601,France,Female,35,4,17483.407392343084,1,0,1,65482.71763402122,0
3524,731,France,Female,30,3,90712.42562897631,1,1,0,128681.71152140634,0
3525,620,Spain,Female,39,6,147421.8193754699,1,1,0,122841.10197590834,0
3526,591,Germany,Male,31,10,20227.189208999225,1,1,1,164304.12986817566,0
3527,640,Spain,Male,41,6,156350.2185498775,3,0,1,28108.595236685433,0
3528,753,Spain,Male,51,10,135619.3185083471,3,1,0,143241.60238838813,0
3529,558,Germany,Female,38,7,198024.51259997702,1,1,0,72922.2696617947,0
3530,597,France,Female,41,4,0.0,1,1,0,34630.087735353925,0
3531,724,France,Female,39,10,197403.36275649696,2,0,1,149036.9329045512,0
3532,742,France,Female,48,4,135010.49098194565,2,1,1,73012.74453499976,0
3533,644,Spain,Female,33,7,98927.03986713075,2,0,0,148723.51129743116,0
3534,588,France,Male,18,4,241691.91432611778,1,1,1,40863.02051158673,0
3535,754,France,Male,44,0,48428.69133665273,1,1,0,197326.2866506377,0
3536,729,Germany,Male,49,10,0.0,2,1,1,162647.52297928242,0
3537,683,France,Female,44,2,87035.55366219483,1,0,1,64938.839339297105,0
3538,609,France,Male,33,1,136596.7309108806,2,1,1,150699.60827176218,0
3539,647,Germany,Female,28,9,142546.1086192989,1,1,1,35801.97639433414,0
3540,641,France,Male,44,4,31467.57962196299,2,1,1,134153.11591206645,0
3541,666,France,Male,41,7,168672.43526040393,2,1,0,21331.00429375702,1
3542,722,France,Female,38,8,162275.55902056283,1,1,1,73343.61735572072,0
3543,693,Germany,Male,58,8,194672.14591227134,1,1,0,195907.88361115844,1
3544,596,Germany,Male,30,0,0.0,2,1,1,32974.8710995433,0
3545,718,France,Male,57,0,81342.05125688507,1,1,1,123510.5661637878,0
3546,665,Germany,Male,40,0,166026.5439347443,2,0,1,23415.023333526176,0
3547,684,France,Male,21,0,42815.398219746035,1,0,0,137186.23019057885,0
3548,723,Spain,Male,38,8,0.0,1,1,1,62945.80906250376,0
3549,594,France,Male,49,0,0.0,2,0,1,68895.36427694303,0
3550,648,Germany,Female,36,6,0.0,2,1,0,74182.48170609139,0
3551,623,Spain,Male,25,5,213210.6693598046,1,1,1,48979.79477886575,0
3552,571,Spain,Female,38,8,195829.90969147845,1,0,0,188914.90316348962,0
3553,667,France,Male,31,10,164742.57165450108,2,0,0,182108.0500551165,1
3554,775,France,Female,44,8,0.0,2,0,1,175302.89369693928,0
3555,557,Germany,Female,47,3,180224.6906013281,1,0,0,30224.653881889713,1
3556,648,France,Male,29,8,0.0,1,1,1,54354.5193162833,0
3557,682,Spain,Female,32,5,245132.20009258878,1,1,1,126322.91326923427,1
3558,656,Germany,Female,47,4,176765.45914943668,2,1,0,194370.49026406725,0
3559,644,Germany,Male,31,8,154328.12243512075,2,0,1,124915.30263788995,0
3560,585,France,Female,29,6,0.0,1,1,0,72149.33471821883,0
3561,661,Germany,Male,28,8,0.0,2,0,0,165306.78113372478,0
3562,612,Germany,Female,43,4,0.0,1,1,1,35731.804480917635,0
3563,540,Spain,Female,43,3,12212.702610616643,2,0,1,177530.9578563831,0
3564,709,France,Female,33,9,57217.72538376639,1,1,0,195188.59012271056,0
3565,697,France,Female,40,2,36284.198066166195,2,0,0,193854.0042504454,0
3566,652,France,Male,55,4,86558.50580153729,2,1,0,38062.347049001124,0
3567,661,France,Male,30,8,208210.8825900292,2,0,1,114425.4262976239,0
3568,703,Germany,Male,20,2,0.0,2,0,0,121134.61563252009,0
3569,661,Spain,Male,44,0,0.0,2,1,0,47034.53217985306,1
3570,695,France,Male,38,1,0.0,2,1,1,113887.69597310649,0
3571,635,Spain,Female,32,9,131012.76786385666,1,1,0,132842.139054884,0
3572,715,France,Male,46,4,133051.50978839127,1,1,0,72502.73150194128,1
3573,666,France,Female,48,2,96906.92343540958,2,1,0,69979.34563556052,1
3574,659,France,Male,18,5,0.0,2,1,1,21445.314957816267,0
3575,586,France,Male,33,10,86398.55292539024,2,1,0,191796.8563856368,0
3576,664,Spain,Male,63,7,0.0,1,1,0,162687.0263217028,0
3577,608,France,Male,45,5,0.0,2,0,1,154295.3348718485,0
3578,618,Germany,Female,46,9,181684.85110429258,1,1,1,14137.994788951688,0
3579,609,France,Male,51,8,167819.65283279892,1,1,0,128618.72987249862,1
3580,596,Spain,Female,40,5,55124.11685285868,2,1,1,44319.421737002885,0
3581,756,France,Female,47,4,36828.231785186086,1,1,0,135726.33094800642,1
3582,716,France,Male,47,3,0.0,1,1,1,128019.54328533083,0
3583,746,France,Female,45,1,0.0,2,1,0,171865.81795614312,0
3584,588,France,Female,36,5,0.0,1,0,0,58532.47810981219,1
3585,653,France,Male,41,1,0.0,2,0,1,15217.738001307975,0
3586,585,Spain,Female,34,4,0.0,3,0,1,183681.06708142578,0
3587,615,Germany,Male,40,0,59354.85362785489,2,1,0,182640.84541116565,0
3588,604,Germany,Male,28,2,0.0,3,0,0,96613.31279926428,1
3589,711,Germany,Female,32,9,11283.1189609454,2,1,1,24836.731196153516,0
3590,630,France,Female,37,4,181133.055046309,2,0,0,104614.1078785521,0
3591,703,France,Female,30,6,109427.70725519626,2,0,1,109562.70194758817,0
3592,680,Spain,Female,34,7,56384.61445675956,1,0,0,166127.83963692933,0
3593,765,Spain,Female,38,6,190533.26122345027,1,0,1,146249.27442957714,0
3594,576,Spain,Female,44,6,204555.71141345936,2,1,0,23452.869426432146,0
3595,712,Spain,Female,49,10,0.0,2,1,0,144014.14607482613,0
3596,707,France,Male,35,1,19838.98284112816,2,1,1,35790.499020944495,0
3597,601,France,Male,53,5,0.0,2,1,0,26999.68513940261,0
3598,700,France,Male,49,4,160237.71178264855,2,1,1,85735.35497262879,0
3599,666,France,Female,45,10,0.0,2,1,0,24699.08529849335,1
3600,638,France,Female,41,8,141054.99919130985,1,1,0,167561.10881914943,0
3601,608,France,Female,43,9,149379.70631367536,1,1,1,97994.54515126965,0
3602,614,Germany,Male,51,10,201965.97322069388,2,0,0,121530.71357580238,0
3603,752,Spain,Male,52,3,0.0,1,1,0,119604.25946580051,0
3604,650,Germany,Male,53,6,0.0,4,0,0,195840.8594064921,1
3605,689,Spain,Female,40,10,133892.16159437422,2,1,0,183998.67631979808,0
3606,610,France,Male,45,7,221309.97600824895,2,1,0,171334.33116921998,0
3607,611,France,Male,53,5,66523.98846042133,3,1,0,82821.15311349562,1
3608,704,Germany,Female,33,2,73358.46028972225,2,1,0,37568.943095946976,0
3609,582,France,Male,36,10,0.0,1,0,1,122454.73047634432,0
3610,629,France,Male,40,4,206672.02035866122,2,1,0,93660.05427091257,0
3611,651,France,Male,48,0,0.0,1,1,1,52850.06395839901,0
3612,655,France,Female,49,7,0.0,1,0,1,28561.501899612376,0
3613,641,Germany,Male,37,10,245523.69210091748,1,1,0,92857.72649220451,1
3614,669,France,Female,24,1,232432.8079455485,2,1,0,133664.86686107493,0
3615,684,Germany,Female,42,9,0.0,2,0,0,128824.06461007452,0
3616,686,Germany,Male,30,6,0.0,1,0,1,157045.07356600717,0
3617,600,France,Male,25,8,223900.4351555599,1,1,1,98645.37911562808,0
3618,635,France,Female,27,0,0.0,2,1,1,71111.5192995035,0
3619,709,France,Female,43,3,13037.624850847002,1,0,1,112353.07923607965,0
3620,694,France,Female,53,6,103911.6006359365,1,1,0,195251.1513561858,0
3621,581,Germany,Female,40,8,0.0,2,1,1,18567.202228800255,0
3622,667,Spain,Female,42,1,35972.90165617729,1,1,0,110446.50261406924,1
3623,551,Germany,Male,51,1,139042.6280498215,1,1,1,72560.25545138342,0
3624,652,France,Female,24,5,206671.26020241555,1,0,0,30016.545395248642,0
3625,744,Germany,Male,45,2,100636.22820140656,2,1,0,92587.40753318112,1
3626,602,Germany,Female,39,3,0.0,2,0,1,131821.18469674466,0
3627,608,France,Male,45,2,91314.50085536258,3,1,1,110351.45777632509,0
3628,688,Germany,Female,35,0,231542.66701208605,2,1,1,15543.529350234094,0
3629,572,France,Male,31,5,21701.943709647785,1,1,0,120032.31825279626,1
3630,618,Germany,Male,41,10,116818.27407830927,1,1,1,54080.49092213505,0
3631,679,Germany,Female,56,10,73503.86899593205,1,1,1,74880.54545778644,1
3632,618,France,Female,48,1,224513.68609299863,2,0,0,69318.90121923445,0
3633,638,Germany,Male,34,1,33052.54326011294,2,1,0,173117.52847721873,0
3634,687,France,Male,26,6,108746.2640032986,2,0,1,19038.87335090735,0
3635,671,France,Male,23,4,107635.87648746057,1,1,1,76119.38288450155,0
3636,663,Spain,Female,53,7,0.0,1,1,1,85015.1040037423,0
3637,633,Spain,Female,30,1,61718.42680983267,1,1,1,127578.51006190147,0
3638,668,France,Female,36,9,164774.89847238667,2,1,0,159903.3212111317,0
3639,643,France,Female,53,7,0.0,1,0,1,148256.376156345,0
3640,672,France,Male,23,6,238954.17137933025,2,0,0,152998.19962540772,0
3641,625,France,Female,54,9,152323.5902253486,1,1,0,46553.53309765596,0
3642,640,Spain,Female,37,7,160301.61527696086,2,1,0,183230.0820116035,0
3643,600,Spain,Female,28,10,0.0,1,0,1,88688.24909759188,0
3644,648,Germany,Female,37,2,92147.85103991734,1,0,0,12110.71588063077,0
3645,609,France,Female,32,7,61042.34307877031,1,0,1,136938.2745961239,0
3646,594,Germany,Male,44,5,0.0,1,1,1,124760.53181845785,0
3647,662,France,Female,33,1,239094.81888357713,1,1,1,33931.950666944074,0
3648,660,Spain,Male,20,5,96349.82898217672,2,1,0,192374.8450277744,1
3649,689,Spain,Female,37,4,221957.653278893,1,1,0,116697.24185441586,0
3650,628,Germany,Female,26,2,45706.31508333993,1,1,0,99160.1573987074,0
3651,670,France,Female,42,0,234670.24501163219,2,0,1,85643.2221871075,1
3652,677,France,Female,28,6,0.0,2,1,0,49871.76189478712,0
3653,672,France,Male,35,1,101134.53078240296,1,1,1,191034.43375027092,0
3654,608,Spain,Male,41,0,121082.14168823877,2,0,1,143410.14142437725,0
3655,657,France,Female,37,0,182378.62478743604,2,1,1,117844.71229580077,0
3656,668,France,Male,42,6,0.0,1,1,0,129928.03834138041,0
3657,650,France,Male,46,0,0.0,2,1,1,169679.8871059299,0
3658,545,Spain,Female,28,8,0.0,1,1,0,130786.85338648049,1
3659,658,France,Male,39,5,17202.51706579388,1,1,0,31772.238504561,0
3660,760,Spain,Male,18,3,0.0,3,1,1,142486.08017673454,0
3661,631,Spain,Female,42,3,93044.09781534626,1,1,0,117325.18141962617,0
3662,613,Spain,Female,36,4,144094.54449418225,1,1,1,193605.3804558507,0
3663,668,France,Male,30,1,0.0,3,0,0,149406.65078783655,0
3664,665,France,Female,43,4,180375.95145468955,2,1,0,75360.5540362497,0
3665,709,France,Female,51,1,0.0,2,0,0,35725.591767477454,0
3666,587,France,Female,35,3,66450.57381089992,2,1,1,101633.31256918769,0
3667,686,France,Male,30,9,194844.91626515792,2,1,1,139077.31335423875,0
3668,679,Germany,Female,41,10,14704.856331107692,2,0,0,43682.348402315554,0
3669,642,France,Female,26,4,0.0,1,1,0,133394.41211481811,0
3670,666,Spain,Male,33,5,34494.66484466154,1,1,1,166866.23402245212,0
3671,701,France,Male,52,5,185115.57002109257,1,1,1,39839.53389307103,0
3672,693,Germany,Male,40,8,136508.34173641703,1,1,1,144099.28368546002,1
3673,592,Spain,Male,21,3,0.0,1,1,1,22968.95038396482,0
3674,691,Spain,Male,22,4,175759.93354274298,2,1,0,11510.515748479384,0
3675,646,Spain,Female,41,5,0.0,1,0,1,16200.590402332475,0
3676,653,Germany,Male,48,3,63632.878162138804,1,0,1,129985.86975220627,1
3677,653,Spain,Female,23,5,157945.63419223696,2,0,0,194938.79000999563,0
3678,642,France,Male,44,1,213331.6975913963,2,0,1,156560.727906553,0
3679,709,Germany,Female,53,6,101465.83286682807,2,0,1,58337.759407694495,1
3680,645,France,Female,58,2,0.0,2,1,1,23620.850435161126,0
3681,594,France,Male,43,9,0.0,3,1,0,127164.28450866639,0
3682,630,France,Male,45,3,0.0,2,1,0,10613.488178927722,0
3683,658,France,Male,18,8,0.0,2,1,0,160591.26861168907,0
3684,711,France,Male,60,4,220410.56383834122,2,1,0,56192.89989419524,0
3685,680,France,Male,34,8,0.0,2,1,1,66851.24443523432,0
3686,607,France,Male,30,9,18597.6610169404,2,1,0,75356.00754396243,0
3687,774,Spain,Female,37,9,63532.94912948569,2,1,1,155075.0589264745,0
3688,663,France,Female,55,9,118155.28742027549,1,1,0,60490.95559463472,0
3689,713,Germany,Female,62,9,0.0,2,0,1,64049.4698385397,0
3690,642,France,Female,41,5,0.0,2,1,0,112788.46824919926,0
3691,676,Spain,Female,49,7,0.0,2,1,0,97970.1004395414,0
3692,691,Spain,Male,40,4,86453.98196514003,1,1,0,191558.2408785315,0
3693,710,Germany,Male,29,4,137795.2496465412,1,1,1,60045.35059532782,0
3694,702,Germany,Female,54,2,14551.932335449881,1,1,1,27459.336221396672,0
3695,693,France,Female,33,6,222373.77314339305,2,1,0,112786.48017195209,1
3696,634,Spain,Male,55,1,199320.31684604404,2,1,0,45058.71994775248,0
3697,621,Spain,Male,52,10,0.0,1,1,1,88589.07305241941,0
3698,666,Spain,Male,46,2,233976.8058975623,2,1,1,45567.60927741218,0
3699,696,Germany,Male,58,1,85801.54331137711,1,1,0,177384.27885776423,1
3700,638,France,Female,62,7,0.0,1,0,0,72215.43014061064,0
3701,703,Spain,Female,38,3,206554.31632398398,1,1,0,157224.8260149321,0
3702,722,France,Male,31,9,187819.4706969234,2,0,0,190234.644691704,0
3703,604,Germany,Male,21,7,230219.86816716188,2,1,0,188704.61023364734,0
3704,608,France,Female,62,7,0.0,1,1,1,109712.20836349647,0
3705,642,Spain,Female,35,7,248706.7633819864,2,1,1,196818.4702121998,0
3706,665,France,Female,51,7,0.0,2,1,0,134628.07149152365,0
3707,623,France,Male,32,7,83142.83229440801,1,1,1,34412.89797322732,0
3708,717,Germany,Female,55,8,0.0,3,1,1,178791.61918106512,0
3709,671,Spain,Male,32,1,0.0,2,1,1,99050.95593317969,0
3710,651,Germany,Male,28,8,138305.2130933702,1,1,1,39011.91468084746,0
3711,578,France,Male,37,7,27742.80757278758,2,1,1,160370.13352776182,0
3712,584,France,Female,34,10,211982.85443209167,1,1,1,128636.57143974485,0
3713,664,Spain,Female,45,9,0.0,2,1,1,177602.9846060337,0
3714,543,Spain,Male,39,0,107324.04251833474,2,1,0,167191.26803139717,0
3715,700,Spain,Female,46,4,63954.99560772305,1,1,0,70820.9809696587,0
3716,642,France,Male,37,10,14635.30119090101,2,1,1,58699.76734988049,0
3717,812,Spain,Female,33,1,0.0,2,1,1,149427.42416360395,0
3718,765,France,Male,34,9,0.0,3,1,0,118929.44424486377,1
3719,640,Germany,Male,60,4,228781.4530414553,1,0,1,23276.213934795105,1
3720,644,France,Female,42,7,32443.135943623798,2,0,0,44511.18186613674,0
3721,699,France,Female,20,8,142782.20491886316,2,1,0,38757.154893961124,0
3722,735,Spain,Male,34,8,176927.49964283977,1,1,1,122061.40774301975,0
3723,568,Germany,Female,40,0,76331.39706550447,1,1,1,26294.830001835253,0
3724,560,France,Male,58,6,146775.28940087248,2,1,1,49463.17800944629,0
3725,618,France,Male,50,10,181659.62224138548,2,1,0,113621.53420458552,1
3726,679,France,Male,30,7,211052.61835249045,1,1,1,35280.79388274471,1
3727,674,Germany,Male,64,9,0.0,2,1,1,57171.64500125504,0
3728,703,France,Male,39,2,0.0,1,1,0,182290.2964282607,0
3729,590,France,Male,52,5,82427.91321756392,1,1,0,142452.32850975322,0
3730,534,Germany,Male,28,10,61131.21922531807,2,1,0,68307.47131491578,0
3731,692,Germany,Male,18,2,54955.29906176018,2,0,1,176697.4732473134,0
3732,608,Spain,Female,25,8,0.0,1,0,1,57554.11357129325,0
3733,549,Germany,Female,18,2,0.0,2,1,1,121925.7149597734,0
3734,657,Spain,Male,61,1,77918.04103965993,2,1,1,80013.92415240713,0
3735,689,Spain,Male,42,8,0.0,2,1,1,152908.3877781952,0
3736,643,Spain,Male,30,10,165500.5713184328,2,1,0,80601.59762820757,0
3737,627,Germany,Female,44,7,0.0,1,0,0,57283.7178077918,1
3738,642,France,Male,41,7,78979.74809934883,2,1,0,125463.87541886493,0
3739,631,Spain,Male,46,1,146693.8395227012,1,1,0,151614.68392618585,0
3740,582,France,Male,52,5,0.0,3,1,1,111909.10075523498,1
3741,614,France,Female,37,4,110317.12580532963,1,0,0,146094.77428109263,1
3742,676,France,Female,31,1,0.0,1,1,0,90183.0790192688,1
3743,666,France,Female,48,4,0.0,1,1,0,161134.76756138244,0
3744,658,Spain,Male,48,3,76334.45058122333,2,1,1,121154.68911346376,0
3745,600,Germany,Male,41,8,44169.338508404,1,1,1,47287.49710908678,0
3746,640,Germany,Female,61,0,40626.20386347802,2,0,1,179242.8235890926,0
3747,541,Germany,Male,35,5,240169.6519473393,2,1,1,168996.55200659367,0
3748,658,France,Female,31,6,0.0,1,1,1,193143.319742836,0
3749,721,France,Female,44,5,0.0,1,1,0,118111.61811043059,0
3750,576,Germany,Male,33,4,186117.2528967118,2,1,0,138390.78697847648,0
3751,620,Germany,Male,44,3,21387.393966412044,1,1,0,174080.05488356936,0
3752,666,France,Male,31,4,67845.4332538476,1,1,0,19992.353097701714,0
3753,712,Spain,Male,35,8,209715.468962491,1,1,1,183318.88034388903,0
3754,627,France,Female,58,4,216877.74716269146,1,1,0,61521.049969345244,0
3755,615,France,Female,35,9,99508.2209537925,1,1,1,20838.299521406007,0
3756,551,France,Female,32,7,0.0,2,1,0,55145.32749974362,1
3757,655,France,Female,51,6,191655.25050613165,1,1,0,121408.39304060598,0
3758,752,Spain,Female,29,3,80816.8544199686,2,0,1,19090.929760924402,0
3759,663,Spain,Female,33,9,38102.579473599544,1,1,0,10145.305601274642,0
3760,648,France,Male,45,4,71808.50805774002,2,1,0,131478.9078951576,0
3761,666,Germany,Female,49,6,102962.73559258597,1,1,0,96143.59601316322,0
3762,649,Germany,Male,52,5,0.0,2,1,0,170422.74769290115,1
3763,609,France,Male,32,2,124883.26100804195,2,1,1,58933.98450313705,0
3764,691,France,Female,45,9,0.0,1,1,1,63334.44482177824,0
3765,661,Spain,Female,35,2,133298.8346753108,1,1,0,24733.81674274165,0
3766,650,Germany,Male,33,1,27254.88172348167,1,1,1,112317.21918630903,1
3767,601,Spain,Male,52,2,115635.91152303005,1,0,1,79521.83407981701,0
3768,715,France,Female,34,10,180137.10593027985,2,1,0,74544.49121228787,0
3769,683,Germany,Female,42,9,0.0,1,0,0,96950.20810144156,1
3770,622,France,Male,41,0,24363.325534453244,3,1,1,171440.6015898538,1
3771,700,France,Female,29,8,98944.33676343584,1,1,1,29985.833214469574,0
3772,625,Germany,Female,49,1,56791.35138969018,2,0,0,109482.78922883094,0
3773,610,France,Female,45,2,0.0,1,0,0,47322.65070200887,0
3774,612,France,Female,20,4,0.0,1,0,0,50354.327497687416,0
3775,561,France,Female,42,9,78958.09585741509,3,0,0,58779.69028739727,1
3776,673,France,Male,32,3,179146.41498758818,2,1,0,97286.32161814168,0
3777,558,Germany,Female,50,4,0.0,2,1,1,103936.0093684166,0
3778,588,France,Female,25,5,41707.75465096241,2,0,1,175587.13970999527,0
3779,546,France,Male,36,4,66935.73516245928,4,0,1,179501.30672117564,1
3780,645,France,Male,43,9,164259.34827025016,2,1,0,121466.19857837552,1
3781,642,France,Female,40,0,22450.265439278,1,0,0,63466.789574234564,0
3782,633,Germany,Female,47,5,75445.3696115353,1,1,0,165503.02827281822,1
3783,597,France,Male,24,8,0.0,2,0,1,160647.5787719314,0
3784,591,Spain,Female,56,2,58272.426562367684,2,1,0,161611.1522129943,0
3785,673,France,Female,45,1,0.0,2,1,0,13109.840865450195,0
3786,622,France,Female,53,5,208196.06002104748,1,0,0,153234.13302129193,1
3787,665,Spain,Male,48,2,181807.9859354221,2,0,1,172016.69685487376,0
3788,605,Germany,Female,39,3,0.0,2,1,1,124956.2582788937,0
3789,659,France,Female,27,5,229948.42523628735,2,1,0,152736.3976082587,0
3790,715,Spain,Male,34,5,24014.171301831244,1,1,1,157472.3392974947,0
3791,679,France,Female,55,1,0.0,3,0,1,106250.84708636091,0
3792,629,Spain,Female,53,2,109457.64536092771,2,1,0,164587.9360809106,0
3793,662,Germany,Female,33,8,99388.39444092826,2,1,0,160535.28496520442,1
3794,637,Germany,Female,18,1,110332.38471112539,2,1,1,184059.82782303367,0
3795,650,Spain,Male,37,2,59549.17721024944,2,0,0,185060.99010255333,0
3796,633,France,Male,37,8,45880.7957392548,1,1,1,110645.77077227637,0
3797,641,Germany,Female,37,3,0.0,2,1,0,15983.829614352138,0
3798,660,France,Female,45,0,0.0,2,1,0,13630.312225261998,0
3799,600,France,Female,48,10,104072.67096398008,1,1,0,188396.07330518344,1
3800,599,France,Female,49,1,20404.771388686742,1,0,1,74098.60632006507,0
3801,580,France,Male,44,2,0.0,1,0,1,81731.30858108532,0
3802,569,Germany,Male,21,8,79865.17732652198,2,0,0,99282.52558638292,0
3803,589,Germany,Male,36,8,68822.8017531741,2,0,0,60501.80946822877,0
3804,657,Germany,Female,63,10,87821.92016751089,1,0,0,122178.69701422566,1
3805,605,France,Female,43,5,183715.72573789032,2,0,1,159077.87440328763,0
3806,675,France,Female,43,10,206516.65284887297,2,0,1,58894.91103775089,0
3807,651,Spain,Male,43,5,151133.45616135126,2,0,0,151181.63897647057,0
3808,551,France,Male,44,2,87394.90089269239,2,1,1,137683.63721912453,0
3809,682,Germany,Male,18,4,84514.77594814677,2,0,1,109860.85793307594,0
3810,690,Spain,Male,37,10,39834.00397731112,1,0,0,71833.99843874648,0
3811,600,Spain,Male,39,3,0.0,2,1,1,175827.14733253483,0
3812,671,Germany,Female,52,9,163153.4557525167,3,0,0,86531.25362528498,1
3813,607,Spain,Female,40,9,16473.908765407366,1,0,1,81185.98296260301,0
3814,654,France,Female,23,8,168968.10284480336,3,0,0,131860.4617731761,0
3815,586,Spain,Male,44,8,117316.82180644189,1,1,1,184863.01496284202,0
3816,560,France,Female,31,0,243413.91113126065,2,1,1,106523.40455693378,0
3817,630,France,Female,27,7,206576.51795353767,2,0,1,147311.22607534178,0
3818,643,France,Male,31,8,51115.78091987156,2,1,0,96807.7747302416,0
3819,630,Spain,Male,45,4,0.0,2,1,1,51573.45369129913,0
3820,590,France,Male,52,3,126535.84092046322,2,1,1,33550.94198909259,0
3821,630,France,Female,44,9,54890.83928078276,2,1,1,35902.022934882036,0
3822,663,France,Male,46,3,177697.57775918778,2,1,0,14051.886013498,0
3823,647,Spain,Female,44,1,0.0,1,0,1,115051.43264674094,0
3824,659,Spain,Female,41,8,17289.73090517692,2,1,1,34910.136081060846,0
3825,616,Germany,Male,46,4,165181.1081269182,2,1,1,174482.6847788079,0
3826,708,Germany,Female,18,10,0.0,1,1,0,196750.5296869223,0
3827,591,France,Male,41,2,0.0,2,1,0,104215.0580884043,0
3828,674,France,Male,29,5,0.0,1,0,0,95438.04973052522,0
3829,709,Spain,Female,51,8,150615.75298024958,2,0,0,76133.77032736286,0
3830,674,France,Female,38,8,43307.92338561517,1,1,0,131225.1196467771,0
3831,639,France,Female,40,4,0.0,1,1,1,125525.14748279624,0
3832,623,France,Male,24,7,16596.65110904891,1,1,1,75242.60297617827,0
3833,701,France,Female,50,3,0.0,1,1,0,75201.6638299356,1
3834,578,France,Male,46,4,37865.66076517218,1,0,1,132512.7283301539,1
3835,601,Germany,Male,45,6,136745.71023401324,1,1,1,115363.77462377156,0
3836,630,France,Female,31,6,158827.36292047007,1,1,1,146525.53127028997,0
3837,711,Germany,Female,32,6,0.0,1,1,1,188864.5464057905,0
3838,668,France,Female,42,7,79280.03864035988,2,1,1,158122.39658993678,0
3839,601,France,Female,33,10,204236.17015013378,1,1,0,67825.68452640448,0
3840,634,France,Male,44,4,26388.636094340833,2,0,1,154233.26243162868,0
3841,619,Spain,Female,18,0,77270.04667187,2,0,0,95504.66018932038,0
3842,614,France,Male,35,10,19387.738912952984,1,0,1,157754.7142306617,0
3843,698,Germany,Female,57,8,0.0,1,1,1,178448.5414045903,0
3844,581,Germany,Female,44,8,0.0,3,1,0,57488.47633468142,0
3845,730,Germany,Female,41,6,0.0,2,0,1,55342.55219069174,0
3846,691,France,Male,59,5,74407.8051611791,1,1,0,92198.73257208761,0
3847,704,France,Female,18,4,207027.31778919237,1,0,0,19791.435993123185,0
3848,626,France,Male,31,4,49115.223099813134,1,0,0,140280.3284626123,0
3849,642,Germany,Female,35,2,197256.00811643223,2,1,1,152443.20511893858,0
3850,578,France,Female,48,9,172012.14955512725,2,1,0,75631.70100735928,0
3851,623,Spain,Male,48,0,88346.92603379984,1,1,1,98404.19808837792,0
3852,674,Spain,Male,31,5,141173.47484230908,1,1,1,122167.75155379344,0
3853,714,France,Female,49,7,116664.5463458893,1,1,1,23983.59074294509,0
3854,594,France,Female,35,1,0.0,4,1,1,145146.53143443723,0
3855,631,Germany,Male,52,7,227724.47721620215,2,1,1,110073.31744231854,0
3856,642,France,Female,29,7,0.0,2,1,0,128609.83362231725,0
3857,580,France,Male,38,9,221257.61099090916,1,1,0,147527.8103616678,0
3858,679,Spain,Female,35,7,207718.36283518965,2,1,1,138356.16074689955,0
3859,613,France,Male,50,9,0.0,1,1,1,28111.10185027006,0
3860,640,Spain,Male,34,2,59744.95984442859,2,0,0,158692.494462001,0
3861,627,Germany,Male,39,9,0.0,1,0,1,125908.85054840989,0
3862,610,Spain,Male,45,7,209387.0878688605,2,1,0,145827.35998133957,1
3863,649,France,Male,45,10,216987.19034924856,1,1,1,59685.327752296784,0
3864,639,France,Female,48,3,136713.16235400783,2,1,1,52071.17164500894,0
3865,631,Germany,Female,42,2,35002.737401921666,1,1,1,166957.53279354938,1
3866,613,France,Female,35,10,42547.988450323886,1,1,1,84173.94513154344,0
3867,665,France,Female,36,8,205251.71498518417,1,1,1,119315.87725696486,0
3868,732,France,Female,40,7,233005.63276703926,2,1,1,114803.13974958118,0
3869,656,France,Female,42,9,57874.16442655761,1,0,1,121181.69626607359,0
3870,699,France,Female,38,1,0.0,1,1,0,23206.221218633887,1
3871,580,Spain,Female,40,7,89428.6972361867,1,1,0,67469.99266715127,0
3872,657,France,Female,24,10,17319.853515491523,1,1,1,22631.30250241935,0
3873,595,France,Male,46,10,208713.97985872912,1,0,0,101230.5853010443,1
3874,576,Germany,Male,41,2,127962.94173430037,1,0,0,181398.7492773279,0
3875,613,Spain,Female,50,9,0.0,1,1,1,83943.47482971301,0
3876,709,France,Male,40,5,108756.37027277012,1,0,1,158665.4532468217,1
3877,697,France,Female,22,4,0.0,2,1,0,64576.80819765573,0
3878,662,Germany,Male,36,7,63328.09913826036,1,1,0,172690.49668699308,0
3879,573,Spain,Male,38,8,194927.81128915495,2,0,1,89705.59068614819,0
3880,640,Spain,Male,47,10,0.0,1,1,1,77491.30897367046,0
3881,665,Germany,Female,19,6,96574.95627906067,3,1,1,142521.12486218123,1
3882,658,France,Female,40,5,87067.8722318039,1,1,0,107423.88362859868,0
3883,557,Germany,Female,45,5,10298.29087568296,2,1,1,74090.80849968464,1
3884,605,France,Female,33,0,25252.511210913384,1,1,1,21037.523600720553,0
3885,646,Germany,Male,40,4,159581.32597423234,1,1,1,41661.471525153975,0
3886,676,Germany,Female,33,7,133505.75445651083,1,1,0,156741.50625405143,0
3887,540,Spain,Male,32,5,0.0,1,1,0,184939.02443678133,0
3888,641,France,Female,35,0,208600.53779239804,1,0,1,42079.2741073123,0
3889,657,France,Male,32,4,130935.56905668319,1,1,1,118193.8320865591,0
3890,692,Germany,Male,46,10,102278.45953775679,2,1,1,16493.001848458167,1
3891,684,Germany,Male,32,4,48701.52340599639,1,1,1,65260.25687745795,0
3892,679,Spain,Male,30,2,206965.1219715086,1,1,1,95269.7122138858,0
3893,610,France,Female,57,7,148299.58002908505,2,1,0,149816.79478677383,1
3894,554,France,Female,49,8,32190.39182146175,2,0,1,18380.492159265516,0
3895,630,Germany,Male,21,5,165735.6155192982,1,1,1,158433.82369053506,1
3896,700,France,Female,32,5,112016.9789172184,2,0,1,48503.07521801062,0
3897,719,Spain,Female,42,1,204732.693661119,1,1,1,154311.03649853496,0
3898,685,France,Male,43,9,230539.50327903908,1,1,0,128839.45423933615,1
3899,671,Spain,Female,25,1,154111.79516229904,1,1,0,74519.40901561742,0
3900,668,Germany,Female,51,5,185587.07663520795,1,1,0,147512.78135032306,1
3901,622,Spain,Female,48,7,23581.80342451977,1,1,1,54901.29092464529,0
3902,643,France,Male,44,1,144461.30920027773,1,1,1,51748.31221301704,0
3903,733,Spain,Female,53,8,191281.59480531377,1,1,0,21731.504053158013,0
3904,602,France,Male,44,8,129222.9158747449,2,1,0,84684.66302657918,0
3905,730,Germany,Male,44,3,0.0,2,1,1,28564.259909509638,0
3906,633,France,Male,55,3,0.0,2,1,0,89705.17201833265,0
3907,716,France,Female,51,3,0.0,2,1,0,11862.679454641539,0
3908,579,France,Female,31,10,33579.16181245886,2,0,1,39465.83595997776,0
3909,679,France,Female,46,4,175754.46715348022,2,0,0,187150.66873151794,1
3910,613,Spain,Male,33,7,207483.73732538658,2,1,1,161156.74507237825,0
3911,579,France,Female,45,1,214117.64525981524,1,1,0,54871.08223975354,0
3912,660,Spain,Male,44,10,163994.67930189287,1,1,1,146475.48134355625,0
3913,700,Spain,Female,26,4,209971.22036099283,2,1,1,137011.54030433297,0
3914,607,France,Male,38,1,0.0,1,1,0,43615.866668323,0
3915,575,Germany,Female,42,10,30970.45981762978,1,0,1,80501.12013204236,0
3916,645,France,Female,35,10,192890.44189239715,1,1,0,183604.091086711,0
3917,645,France,Female,43,7,0.0,3,1,1,150356.39780907356,1
3918,677,France,Male,48,0,66786.24222183347,1,0,1,154466.34729823354,0
3919,697,Spain,Male,39,6,0.0,1,1,1,117138.3464095795,0
3920,647,France,Female,42,2,0.0,1,1,0,136452.56175967015,0
3921,742,Germany,Male,53,3,87196.4171926989,2,1,0,106660.31049097804,0
3922,661,Germany,Male,44,7,50622.285808970984,1,1,1,150769.82263388438,0
3923,632,Spain,Male,42,2,0.0,1,1,0,149218.2526301222,0
3924,569,France,Female,30,6,14719.021594211627,3,1,1,15905.805638726917,0
3925,636,Germany,Female,46,0,0.0,2,1,0,130037.1346015551,1
3926,633,Germany,Female,43,8,194461.83010475364,2,1,0,129664.5961075943,1
3927,698,Germany,Male,52,5,216939.36861396153,3,0,0,22790.793463930007,0
3928,673,Spain,Female,40,2,206902.85415026522,1,1,1,87972.44038299215,0
3929,591,Spain,Male,21,6,109949.85255882716,2,1,1,180769.93348634266,0
3930,658,France,Male,22,4,0.0,1,1,0,191153.3766936297,0
3931,683,France,Female,47,7,0.0,2,1,0,158620.0800655115,0
3932,726,France,Female,34,7,0.0,1,1,0,38779.525904461494,0
3933,694,France,Female,44,8,172233.16609390397,1,0,0,81196.7917897304,1
3934,688,France,Male,41,5,165711.07953673744,1,1,1,44685.13635124697,0
3935,653,France,Male,38,3,0.0,1,1,1,133905.86587051686,0
3936,669,France,Female,39,1,0.0,1,1,1,156897.44574940825,0
3937,712,Spain,Male,31,2,47653.98999373994,2,1,1,177915.48653867436,0
3938,583,France,Female,39,4,0.0,2,1,1,173523.21033899038,0
3939,632,Spain,Female,34,7,160540.6691244882,1,0,1,28849.886255573063,0
3940,611,France,Female,36,9,203826.32776840095,1,0,1,33878.06132601814,0
3941,668,Germany,Female,36,1,195785.70889024978,2,1,1,182837.64445899308,1
3942,711,Spain,Female,37,4,81487.47693402122,2,0,0,170319.04206440723,0
3943,620,France,Female,49,8,0.0,1,1,1,97471.85135939356,0
3944,530,France,Male,38,1,52361.05818150037,2,1,1,91709.8974376591,0
3945,629,France,Male,50,7,32286.96023518018,2,1,1,115031.93822779282,0
3946,695,France,Female,55,2,68418.98369923275,1,1,1,123360.81147750837,0
3947,676,Spain,Female,48,7,120287.74552623832,1,1,0,58301.1464825179,1
3948,671,Spain,Male,45,3,227634.54519550788,1,0,0,86710.93506067796,0
3949,636,France,Male,43,3,0.0,2,1,1,127741.66318639439,0
3950,586,France,Female,48,6,182463.95562297472,1,1,1,49190.80335313132,0
3951,675,France,Female,40,4,15786.966291478235,1,1,1,199778.3151503101,0
3952,608,France,Male,49,3,91933.40831693284,2,0,0,63758.49593548709,0
3953,759,Germany,Female,46,6,0.0,1,1,0,114958.90282417995,0
3954,678,France,Male,36,2,40966.93524137641,2,1,0,115290.32280916684,0
3955,620,Germany,Female,48,8,0.0,1,0,1,95782.19339392973,0
3956,619,France,Male,40,4,0.0,3,1,1,55893.25676865741,0
3957,645,France,Female,38,2,94985.06719307811,2,1,1,117417.08374374869,0
3958,638,Germany,Female,35,1,179402.33484732002,2,1,1,27292.73891652103,0
3959,705,France,Female,41,6,45568.9918404912,1,1,1,83515.96153375141,1
3960,659,Spain,Male,49,6,175795.94778712647,1,1,0,52607.91705304072,1
3961,613,Spain,Female,48,4,15149.298948890388,2,1,0,33593.77705409981,1
3962,744,France,Male,43,3,46185.16163466423,1,1,1,185841.75686741993,0
3963,652,France,Male,45,10,180371.5471860808,2,1,0,142989.15383922192,0
3964,688,Spain,Male,52,1,0.0,2,0,1,42077.487644815315,0
3965,619,Spain,Male,38,1,0.0,2,0,1,190385.2135139081,0
3966,668,Spain,Female,28,6,0.0,1,0,0,51038.50054807394,0
3967,665,France,Female,53,9,171977.9418812668,2,0,0,54766.520121475325,0
3968,555,Spain,Female,34,6,195712.19158930916,2,1,0,35321.371353561684,0
3969,750,France,Male,33,3,241955.5981688185,1,0,1,148292.09573198174,0
3970,714,Germany,Female,22,3,223273.8475716652,2,1,0,118466.33220063023,0
3971,630,Spain,Male,45,3,200688.2086158699,1,1,0,21067.715158825427,1
3972,594,France,Male,23,10,176741.8040114495,2,1,1,14806.990388842958,0
3973,667,Spain,Male,32,1,0.0,2,1,0,111205.30267738883,0
3974,654,France,Female,45,8,38946.1176044599,1,1,0,133790.9264653105,0
3975,667,Spain,Male,47,0,49733.64210361431,1,1,0,166345.98713801467,0
3976,659,France,Female,33,7,206867.09456101587,1,1,0,100871.85558955248,1
3977,675,Spain,Female,38,5,202795.09892973292,2,1,1,138540.79096422085,0
3978,722,France,Female,31,9,0.0,2,1,1,149394.5755818469,0
3979,678,Germany,Male,34,6,115321.63185187682,1,1,0,126480.01166584012,1
3980,597,Germany,Female,42,4,16247.835957665357,2,1,1,76921.08794981102,0
3981,718,France,Male,34,5,88522.46620685054,2,1,0,35060.14177525219,0
3982,732,France,Male,37,5,110953.51781567628,2,0,1,133032.32346060534,0
3983,807,Germany,Male,25,8,0.0,2,1,1,156052.30304435594,0
3984,593,France,Male,51,9,233037.9036546902,1,1,1,46067.15254425273,0
3985,662,Germany,Female,45,3,0.0,2,1,0,104024.67662548144,0
3986,545,France,Female,47,10,134528.0607471449,1,1,0,85476.62310952133,0
3987,677,Spain,Female,52,4,98301.35126998714,2,1,1,49083.584349810095,0
3988,622,France,Female,31,3,247623.5486118524,2,1,0,56609.498473749,0
3989,746,France,Male,36,0,0.0,1,0,1,55158.088182258456,0
3990,611,France,Male,21,9,115308.60501734102,1,1,0,89596.88135373933,0
3991,565,France,Male,71,5,249926.9462451425,1,0,0,84187.76448303707,0
3992,626,France,Male,38,4,0.0,1,0,1,115293.95912308675,0
3993,551,France,Female,50,3,0.0,1,1,1,27710.031073900805,0
3994,687,Spain,Female,27,5,143409.9260384115,2,0,1,120437.56382180976,0
3995,546,Germany,Male,49,4,0.0,1,1,0,14150.756775064354,0
3996,651,Germany,Male,58,2,0.0,1,1,0,58901.27438466098,0
3997,546,France,Male,39,1,234985.64197214216,1,1,1,105406.22265609683,0
3998,633,Germany,Male,29,5,0.0,1,1,1,140517.89764308487,0
3999,732,France,Female,38,3,75559.28570057325,1,0,1,156540.46848677346,0
4000,668,Spain,Male,18,10,81246.06999184171,1,1,1,16756.65009061231,0
4001,606,France,Female,39,9,26629.168741674886,1,1,0,112122.50871372885,0
4002,648,France,Female,48,2,0.0,1,1,1,77342.95257929861,0
4003,650,France,Male,39,7,32229.951922676133,1,0,1,142032.69485476968,0
4004,673,Spain,Male,37,8,129867.69263815427,2,1,1,63918.15480121048,0
4005,581,France,Female,45,6,180003.29907958183,1,0,0,151307.4896292156,0
4006,679,Germany,Female,46,1,190283.47875979805,1,1,1,124425.01248896524,1
4007,514,France,Male,23,7,24287.01573956298,2,1,1,160037.7529063441,0
4008,618,Germany,Female,40,10,91589.41557716849,2,1,1,197034.8520335525,0
4009,625,Spain,Male,64,10,0.0,1,1,0,182631.3356611917,0
4010,681,France,Male,26,4,35032.0775169603,1,0,0,122725.1370207813,1
4011,651,France,Female,39,10,96993.11462368137,2,1,1,179814.81370751516,0
4012,579,Spain,Female,59,9,81836.82619341667,2,1,1,39087.06444241281,0
4013,600,Germany,Male,51,6,162279.81504142642,1,0,0,18176.67981517023,0
4014,659,France,Male,34,4,221992.6392960911,1,1,0,111295.31748168672,0
4015,646,Germany,Female,42,1,119162.0130095718,2,1,1,195130.2574663835,0
4016,621,Germany,Female,39,3,189199.64146403645,2,1,1,144849.9250139624,0
4017,625,France,Female,32,10,45042.488106561825,1,1,0,67977.05668088993,0
4018,684,Spain,Female,39,4,0.0,1,1,0,137066.5570333509,0
4019,624,France,Male,37,5,46622.737171622146,1,1,1,17582.465489893315,0
4020,645,France,Male,41,4,56104.28334385343,1,0,0,99417.72792549213,0
4021,758,Spain,Male,32,9,35551.31286104236,2,0,0,55078.579848532514,0
4022,578,France,Female,27,10,84323.08036492876,1,1,1,19347.648796823923,0
4023,557,France,Female,39,0,142578.50721172625,4,0,0,57482.97233417523,1
4024,689,Germany,Male,57,0,247118.58673751843,1,1,0,147267.48195227596,0
4025,616,Spain,Female,40,2,200408.32831781055,1,1,0,114725.86863068453,0
4026,634,Spain,Female,36,8,101304.59269407568,1,1,1,14452.63067461646,0
4027,610,Spain,Female,47,10,148203.0538968569,2,1,0,87850.17309925925,0
4028,637,Spain,Female,38,1,0.0,1,1,0,152912.50986138245,1
4029,729,France,Female,58,9,0.0,2,0,0,191374.89177703674,0
4030,690,France,Female,39,4,0.0,2,1,0,176127.93846321653,0
4031,693,Spain,Male,47,8,0.0,1,1,1,10288.752733694775,0
4032,579,France,Male,32,6,170603.92648951762,2,0,1,51553.37943509587,0
4033,592,Germany,Male,45,10,189020.22663109592,1,1,1,49470.00800595827,0
4034,508,Germany,Male,42,7,0.0,2,0,0,88487.97970527108,1
4035,609,France,Female,39,1,58109.31071329119,1,1,0,132693.36726304475,0
4036,697,Spain,Male,34,4,175260.22933780402,1,1,0,39083.12156743991,0
4037,675,Germany,Male,33,8,214102.1348770317,2,1,0,183978.95186103668,0
4038,638,France,Male,42,0,0.0,1,0,0,157652.21381607332,1
4039,648,Spain,Male,46,0,0.0,2,0,0,89673.0680922522,0
4040,615,France,Female,38,9,61857.21584160949,2,1,1,120958.76049209647,0
4041,660,France,Female,42,7,110007.82769042533,1,1,1,112942.38100366354,0
4042,688,Germany,Male,39,1,0.0,1,1,1,120623.71057864462,1
4043,569,Spain,Male,40,8,233271.02577434297,2,1,0,173421.898212418,0
4044,664,Spain,Female,37,9,78490.84421740948,2,1,1,48022.73149562794,0
4045,696,Spain,Female,40,8,122989.78673013175,1,1,0,139905.65404841205,0
4046,629,Germany,Male,66,3,54936.12150767907,2,1,0,30336.232026122372,0
4047,685,France,Female,43,1,135103.8972549865,2,0,0,97241.15520991832,0
4048,790,Spain,Female,46,2,215777.00067126186,1,0,0,130809.38510021594,0
4049,644,Spain,Male,44,9,82969.4708537354,2,0,0,12375.315617889017,0
4050,669,France,Female,37,0,204590.09731907878,1,1,0,30532.590161395186,0
4051,613,France,Male,52,2,228714.77972215024,2,0,0,27340.686190706736,0
4052,659,Spain,Male,37,4,27509.893531495272,1,0,1,81191.5954442175,0
4053,673,Spain,Female,50,2,191541.88871662025,1,1,0,128181.70180690507,0
4054,659,Spain,Female,36,2,71282.42467611781,2,1,0,199233.35578847083,0
4055,599,Spain,Female,30,9,52078.63900879099,1,1,0,58274.98821492618,0
4056,660,Germany,Female,43,5,154269.37408600864,2,1,0,35832.310983402,0
4057,723,Germany,Female,28,2,179344.62789488793,2,1,1,88804.90319364757,1
4058,672,Germany,Female,45,2,104742.6365764513,1,1,0,37735.33220700671,1
4059,698,France,Male,28,8,0.0,1,1,1,14663.463093701463,0
4060,638,Germany,Female,36,1,228089.08580723035,2,1,1,117152.22120778004,0
4061,687,Germany,Male,25,0,185379.2600433988,1,0,1,177118.77751292245,0
4062,663,Germany,Female,68,9,75200.03360392353,2,1,0,173561.51997293124,0
4063,602,Germany,Female,23,7,129247.32537873757,1,1,0,29149.82883552923,0
4064,665,France,Female,40,2,0.0,2,1,1,38020.613906598526,0
4065,600,France,Female,51,6,91427.86763342604,1,1,1,103312.988700091,0
4066,618,France,Female,50,1,135408.4565404284,1,0,1,79866.13882630381,0
4067,659,France,Male,48,10,134133.66762790002,1,1,1,143584.16312595605,0
4068,664,France,Male,36,10,0.0,1,0,1,104038.79004026444,0
4069,590,Spain,Male,53,7,196419.36788413377,1,1,0,13822.453950590256,1
4070,702,France,Female,49,8,81726.91804639442,2,1,1,64067.19387309221,0
4071,678,France,Female,42,7,149298.40556271342,1,1,1,181283.4554314411,0
4072,614,Germany,Female,42,7,75165.33412911394,1,1,1,107186.6771061209,0
4073,573,Germany,Male,36,7,0.0,1,0,1,161610.2628236002,0
4074,642,France,Male,30,6,59803.510060055254,2,1,1,86436.25886261617,0
4075,627,Spain,Female,52,1,161921.8702076892,2,1,1,138623.0930907854,0
4076,655,Spain,Male,53,7,112140.24643392417,1,1,0,42110.61127502227,0
4077,631,France,Female,31,4,13868.153077063425,2,1,0,149941.32077211986,0
4078,549,France,Female,38,5,16759.59856402386,2,0,1,159450.39881919496,0
4079,630,Spain,Male,38,3,123072.23643314133,1,1,1,27126.649232029642,0
4080,634,Spain,Male,39,0,53974.20805728505,2,1,1,44829.04118012577,0
4081,681,Germany,Male,40,4,150410.09155473817,1,1,0,97948.96198200554,0
4082,615,France,Male,49,2,107966.02762528512,2,0,0,131112.97991745,0
4083,733,France,Female,32,8,167060.76052953347,2,1,0,131123.35356922017,0
4084,554,Germany,Female,31,3,238574.84177534838,3,1,0,136958.5663093848,1
4085,715,France,Male,52,9,136896.67235086087,1,0,0,145738.89692994294,0
4086,638,France,Male,35,1,198970.8648616239,1,0,0,106095.66116696602,1
4087,692,Germany,Male,27,3,190729.8391158249,2,0,0,119222.54295775958,0
4088,653,France,Male,35,2,0.0,2,1,1,11597.165423576518,0
4089,706,Spain,Female,36,2,61364.28813712149,2,1,1,41654.13401502489,0
4090,630,Spain,Female,55,4,208558.47298838582,2,0,0,104727.16799803433,1
4091,595,France,Female,49,0,0.0,2,1,0,151662.68103336764,1
4092,721,Spain,Female,51,4,104263.11542741864,2,0,1,163695.73100444578,0
4093,644,France,Female,48,7,85315.88670375236,1,1,1,148499.30149530486,0
4094,661,Spain,Female,49,9,238488.61832278906,1,1,0,102416.51742418982,1
4095,711,France,Female,33,8,160631.8773133283,1,1,0,63442.73409090479,0
4096,598,France,Male,38,0,0.0,2,1,0,94496.07044588703,0
4097,679,Germany,Female,30,1,200038.65302359127,1,0,0,11766.030637110389,1
4098,620,France,Male,37,1,83073.73638777161,1,0,0,123612.29666124682,0
4099,643,Spain,Male,46,5,52337.8206567669,1,1,0,24167.711780892678,0
4100,653,France,Male,41,0,140552.71259144932,2,0,1,37624.11802600531,0
4101,574,France,Female,53,10,145890.89077854482,1,1,0,128935.55788592994,1
4102,611,Germany,Female,28,0,208179.15574416114,1,1,1,12536.247745692372,0
4103,717,France,Female,45,1,0.0,1,1,0,118975.51332594182,0
4104,694,France,Female,27,3,0.0,1,0,1,131292.21659085318,0
4105,646,Germany,Male,40,1,84717.44304360123,1,1,1,159772.25256820698,0
4106,662,Spain,Female,47,3,148088.36852267006,1,1,1,22925.800313069252,0
4107,635,Spain,Male,37,2,60033.46693617179,1,1,0,10557.016045338518,0
4108,717,Spain,Female,45,2,0.0,2,1,0,155702.99984667287,0
4109,639,France,Female,30,8,0.0,2,1,0,65110.23704784017,0
4110,661,Germany,Male,23,7,61837.166424581206,1,1,1,178568.9920894803,0
4111,707,France,Male,45,9,204457.47109582426,2,1,0,45144.03288370519,0
4112,611,Germany,Male,57,8,0.0,2,1,1,121246.09351626138,0
4113,727,France,Female,30,0,18277.532723068885,2,1,0,30787.83622728812,1
4114,573,Spain,Female,52,4,0.0,1,0,0,86511.12819683756,1
4115,731,Germany,Male,40,3,189011.09087698915,1,0,1,177592.23504409677,0
4116,631,Spain,Female,26,10,72897.02236051558,2,0,0,125586.0265979834,1
4117,637,Spain,Male,28,8,166994.94213790534,1,0,0,141027.23679563252,1
4118,555,Spain,Female,40,2,0.0,1,1,1,52934.362776788446,0
4119,627,Spain,Male,35,4,92828.43146432437,1,1,1,185322.6748699259,0
4120,598,France,Male,26,7,123980.55693067366,2,1,0,128461.66366608634,1
4121,619,France,Female,23,9,106904.10170939454,1,1,0,30118.242001766397,1
4122,643,France,Male,31,4,237363.75912508814,1,1,1,12954.927088951643,0
4123,697,France,Female,41,8,86787.72696438097,2,1,1,13025.278137633992,0
4124,660,Germany,Female,39,1,0.0,2,1,0,19730.24052101218,0
4125,665,Germany,Male,34,5,97742.28229013878,1,1,1,183207.01383160666,0
4126,595,Germany,Male,42,4,170683.76982448294,1,1,1,78091.95863726127,0
4127,605,Spain,Female,50,8,177367.04568675166,2,1,0,66664.18023361207,0
4128,739,Spain,Female,43,6,231773.75568640165,1,1,0,89143.68743558186,0
4129,613,France,Male,38,7,221621.0763701942,2,1,1,87818.60023749727,0
4130,732,France,Male,49,6,79196.92490014613,2,1,0,55313.72238101959,0
4131,637,France,Male,30,9,119239.17975222314,1,1,0,27447.321821140664,0
4132,650,France,Female,37,9,0.0,1,1,0,30639.05259882625,0
4133,703,Spain,Female,37,4,229968.94734448602,1,0,0,123845.8526631609,0
4134,713,Germany,Female,27,10,90919.60308565403,2,0,0,85398.65981155542,1
4135,644,Germany,Male,35,4,116665.94420247902,1,0,1,181466.52370408145,0
4136,630,Spain,Male,19,10,225874.78490886613,1,0,1,98109.97499265814,0
4137,647,Spain,Female,59,3,96036.12955802144,1,1,0,105663.3993847762,0
4138,666,France,Female,30,1,0.0,1,0,0,186366.54644628853,1
4139,694,Germany,Male,55,8,0.0,2,1,1,105311.74050313712,0
4140,650,France,Female,40,9,202538.37231756357,1,0,1,105376.57573531904,0
4141,680,France,Male,45,9,68423.42200235267,2,1,1,79000.96625572718,0
4142,731,France,Male,35,9,87950.81569886401,1,0,1,144978.2534728485,0
4143,669,France,Male,42,9,94710.09459024138,1,1,1,84523.25694881527,0
4144,665,France,Female,46,2,229057.23362345435,2,1,0,121781.21237597923,0
4145,574,France,Female,46,10,0.0,2,1,0,95005.1153083349,0
4146,518,Germany,Male,47,10,195761.03251730558,2,1,0,110461.52358351837,0
4147,669,Spain,Male,36,2,126238.31259844158,1,0,0,167135.18684072417,0
4148,645,France,Female,35,2,12441.716336194953,1,1,1,88609.27405511281,0
4149,624,France,Male,24,7,177397.13358350977,2,1,1,53714.783143735105,0
4150,662,Spain,Female,45,5,103446.67947946832,2,1,1,118360.88083512044,1
4151,646,France,Female,50,0,161916.7528548653,2,0,0,188126.67552290982,0
4152,706,Spain,Female,56,2,155606.5512309829,2,0,1,141710.28395751343,0
4153,654,Germany,Male,43,3,125399.69357785296,1,1,0,68589.01633785454,1
4154,612,France,Male,32,1,0.0,2,1,1,192968.8280470723,0
4155,699,France,Male,23,5,15555.122885281999,2,0,0,75116.21122161887,0
4156,639,France,Male,50,9,0.0,1,1,0,196818.26452559992,0
4157,676,France,Female,22,0,108361.56839189104,1,0,1,46478.04844472806,0
4158,626,France,Male,36,0,181309.7081179867,2,0,1,199933.4115247012,0
4159,617,Germany,Female,37,7,172052.71540951167,1,1,1,24422.07348263401,0
4160,654,France,Male,39,3,12457.120618238892,2,1,0,145515.57752787386,0
4161,650,Germany,Male,40,0,78481.2388419211,2,1,1,150683.9013487043,0
4162,673,Germany,Male,41,6,55381.9649209073,2,1,1,139119.19052331074,0
4163,636,France,Male,18,8,50076.724706198154,2,1,1,157745.2858527914,0
4164,558,France,Male,40,9,184834.40418907185,1,1,1,99648.25891303935,0
4165,628,France,Female,18,6,67492.32378234991,1,0,1,20281.64984942243,0
4166,689,France,Male,47,0,0.0,2,1,0,77973.12561955274,0
4167,635,Germany,Male,34,0,69277.35886856308,1,1,0,132039.75446802823,1
4168,637,France,Male,18,0,149256.11762447917,1,0,1,132786.93898716778,0
4169,699,Spain,Male,31,7,182937.70433439233,2,1,1,47086.82813953082,0
4170,614,France,Male,34,6,89457.93728756235,1,1,0,58070.9891988772,1
4171,572,France,Female,51,2,0.0,1,1,0,102472.64619766508,0
4172,641,Germany,Male,41,2,0.0,1,1,1,148435.9993153217,0
4173,625,Germany,Female,43,2,32613.828439478,2,0,0,172031.63957046665,0
4174,601,France,Male,51,1,180560.94376990508,1,0,0,26432.121127775314,0
4175,641,France,Female,39,3,87554.78666449126,1,1,1,185867.78397772033,0
4176,674,Germany,Male,47,6,39435.98956598662,3,0,0,186269.01588373524,1
4177,649,France,Male,46,8,140957.0098274437,1,0,0,11507.410998614792,0
4178,665,France,Female,27,2,64302.956624255625,1,0,0,106217.8193783074,0
4179,740,Germany,Male,54,9,207126.83024059783,2,1,0,121557.41016785245,1
4180,632,France,Female,25,6,0.0,1,0,0,115205.55153345375,0
4181,663,Germany,Male,49,3,33676.69510501539,1,0,1,126996.6149303568,0
4182,624,Germany,Female,24,0,135039.07023659605,2,0,1,105636.74355395853,0
4183,607,Germany,Female,46,4,0.0,1,1,0,65823.31361566842,0
4184,620,Germany,Female,58,7,185172.79948545925,2,1,0,28183.833370535845,1
4185,626,Germany,Male,37,2,72222.57478052651,2,0,1,49592.08801184421,0
4186,667,Germany,Female,37,9,0.0,1,1,0,150648.4716197157,0
4187,767,Spain,Male,46,3,238754.16154570796,2,1,1,55802.06854007543,0
4188,614,France,Female,36,2,129769.43286276727,1,1,0,167644.96376926865,0
4189,629,France,Female,58,9,0.0,1,0,1,86662.78973085982,0
4190,646,Spain,Female,41,7,135963.60509051027,2,1,1,88750.4124306437,0
4191,669,Germany,Male,36,9,26672.08705893055,1,1,1,175014.76082456697,0
4192,663,France,Male,34,7,0.0,2,0,0,50714.87737251502,0
4193,714,Spain,Male,30,3,0.0,1,0,1,46027.654972968005,0
4194,528,France,Female,33,10,247330.98862120323,1,0,0,197227.21705028802,1
4195,530,Germany,Male,36,1,64966.218897610524,2,1,1,112714.84364903311,0
4196,625,Spain,Male,35,2,162616.1006597725,1,1,0,46198.93377095466,1
4197,704,Spain,Female,33,2,0.0,2,0,0,41502.91770851912,0
4198,571,France,Female,60,3,0.0,2,0,1,173716.3441719411,0
4199,499,Germany,Male,29,10,0.0,3,1,0,123970.73375611956,1
4200,678,France,Male,41,1,198464.81581841788,1,1,0,31857.26831353553,0
4201,662,France,Male,45,1,36594.78468079252,2,1,0,178512.53682568943,1
4202,595,France,Female,46,2,224836.09602166727,2,1,0,94341.95107931797,0
4203,600,Germany,Female,39,0,211701.20620979066,2,1,1,197977.8817047744,1
4204,601,France,Female,37,7,172913.76247321253,2,0,0,63534.46226031866,1
4205,655,France,Female,44,5,26179.510514283484,2,1,1,110475.27397515914,0
4206,618,Germany,Female,42,2,0.0,2,1,1,42889.05333919984,0
4207,674,Germany,Male,37,0,0.0,2,1,0,93544.13595109787,1
4208,507,Spain,Male,24,2,0.0,2,1,0,43542.13431177374,0
4209,607,Spain,Male,35,0,0.0,1,1,0,68373.90643859701,0
4210,593,France,Female,28,2,140560.79770132498,1,0,1,61274.49018579405,0
4211,637,Spain,Female,33,3,75802.5855218425,2,0,1,63787.84712886649,0
4212,623,Spain,Male,40,5,63298.16798654308,3,1,0,194266.99916435295,1
4213,689,France,Male,43,6,148195.22364356334,2,1,0,17304.83229975479,0
4214,557,France,Male,57,6,0.0,2,1,1,104403.68982094784,0
4215,652,France,Female,34,8,0.0,2,1,1,129556.70281022236,0
4216,677,France,Female,47,7,138364.90421091148,1,0,1,135544.66114436096,0
4217,742,Germany,Female,43,3,102882.97678686946,1,1,1,153363.68074526716,0
4218,625,Germany,Female,52,5,186284.02582570465,1,1,1,154583.42756301208,0
4219,666,Germany,Female,45,10,34661.306156941406,1,1,1,191545.56666283245,1
4220,559,Germany,Male,29,0,158947.17854703372,2,1,1,153576.91137470482,0
4221,530,France,Male,22,7,0.0,2,0,1,166500.95734290069,0
4222,692,Spain,Female,43,5,107454.85001257698,1,0,1,111139.92889799789,0
4223,649,France,Female,34,1,0.0,1,1,0,134957.93532643153,0
4224,708,Spain,Male,30,7,17302.246768650668,1,1,0,100843.6201971669,0
4225,581,France,Female,27,3,213445.40664751493,1,1,1,62519.23889284238,0
4226,675,Spain,Female,41,8,0.0,1,1,0,69542.78525625265,0
4227,743,France,Male,55,3,173461.8495351633,1,1,1,78501.22123558553,0
4228,670,France,Female,35,0,237420.97594640977,1,1,1,74722.23609825323,0
4229,663,France,Female,45,6,145597.6715397116,2,1,0,111300.6018915127,0
4230,650,Germany,Male,38,9,0.0,1,0,0,57050.02780825441,0
4231,571,Spain,Female,27,4,0.0,2,1,0,108162.0015710333,0
4232,717,France,Female,47,9,234170.5102353984,2,1,0,184085.8491205563,1
4233,619,Spain,Male,29,10,0.0,1,1,1,87133.12748378738,0
4234,675,Germany,Male,40,4,169667.53438157428,2,1,0,52302.75224769057,0
4235,571,Germany,Female,36,3,112277.99803486647,2,0,1,75902.62017094828,0
4236,591,Spain,Male,48,5,212811.69108818335,1,0,0,176608.58595583402,0
4237,721,France,Male,29,0,0.0,1,1,1,188922.60544989593,0
4238,632,France,Female,43,2,77963.98522744386,2,0,0,178470.50970199498,0
4239,722,Spain,Male,31,10,0.0,1,1,1,64596.04615737844,0
4240,646,Spain,Female,34,6,113246.54910430375,1,1,0,83690.64759753569,0
4241,557,Spain,Male,18,10,11581.639079131128,1,1,0,195237.42666141727,0
4242,694,Spain,Male,60,7,203829.62356043138,1,0,1,71531.93902685857,0
4243,620,France,Female,45,8,39479.28374072819,2,1,1,36193.37807300064,0
4244,684,Spain,Female,32,0,132389.0814406274,2,1,0,63597.898819102986,0
4245,651,France,Female,28,3,0.0,2,1,0,193155.72983358792,0
4246,572,Spain,Male,35,1,92101.3698881626,1,0,1,89016.33559195633,0
4247,658,France,Female,47,1,0.0,2,1,1,187437.56858670095,0
4248,759,Germany,Female,21,0,249285.5449647388,2,0,0,29775.620741994306,0
4249,674,Germany,Male,38,4,0.0,2,1,0,155550.55872061584,0
4250,647,France,Male,57,1,53759.01515597737,1,1,0,27735.24548341874,0
4251,703,France,Male,28,3,157265.52113184854,1,1,0,47524.187692294225,0
4252,660,Spain,Female,40,8,66709.0499294851,2,1,0,127059.42585557204,0
4253,660,Spain,Male,62,10,35331.7928111081,1,0,0,92550.8507608743,0
4254,595,France,Male,46,2,22041.80129582299,2,1,0,136668.10804032828,1
4255,661,Spain,Female,41,7,15491.50576472413,2,1,0,194947.1954888672,0
4256,701,Germany,Male,45,9,0.0,1,0,0,20015.6080774636,0
4257,608,France,Male,35,5,112414.18716961448,2,1,0,46409.06767135143,0
4258,721,France,Female,52,9,54530.89601870871,1,0,0,131642.54528240475,1
4259,645,Spain,Male,36,4,198164.57290509023,2,0,0,180340.0255361756,0
4260,605,Germany,Female,20,1,0.0,4,1,0,161553.1029083313,1
4261,699,Germany,Female,36,10,0.0,3,0,0,98460.67225451273,1
4262,635,Germany,Female,30,2,151018.2346343854,2,1,1,151640.18826604314,0
4263,687,France,Female,37,7,0.0,2,1,0,49538.5365962972,0
4264,635,France,Female,37,8,241113.430178252,2,1,1,12608.81239911544,0
4265,647,France,Male,51,10,0.0,2,1,0,118303.16356182881,0
4266,674,France,Female,46,10,0.0,1,0,0,164516.48748861733,0
4267,664,Germany,Female,42,6,0.0,1,1,1,92354.27248226192,0
4268,550,Spain,Female,39,0,184821.11152810662,2,1,0,118157.26638526321,0
4269,593,France,Female,29,5,126563.25297268927,1,1,0,90214.42698168734,1
4270,696,France,Male,18,6,41769.510256600624,2,1,0,107667.20097568652,0
4271,643,Germany,Male,41,5,35008.94856626891,1,1,0,178025.79011913418,0
4272,623,Spain,Male,47,9,184090.09919789794,1,1,0,100846.62076751744,1
4273,582,Germany,Female,38,10,66899.53718350516,1,1,1,11420.361429028246,0
4274,596,Spain,Male,34,1,43070.40991323341,2,1,0,161971.24204405866,0
4275,548,Germany,Male,44,8,129862.62327948227,2,1,1,127366.29486647614,0
4276,644,Spain,Female,39,2,202663.66900871298,1,1,0,148774.73401776317,0
4277,620,France,Female,56,5,76907.8590095513,2,0,0,181206.5692047223,0
4278,601,France,Male,52,5,76343.58680819387,2,0,1,64380.70488378943,0
4279,646,France,Male,49,7,210131.50246249046,2,1,0,105583.28504072347,0
4280,668,Germany,Male,47,3,0.0,2,1,1,124471.87437571694,0
4281,754,Spain,Male,27,5,0.0,1,1,0,75624.32125417961,0
4282,574,Spain,Female,46,0,239203.23591582052,2,1,0,170752.758947226,0
4283,707,France,Female,43,8,211912.75589855382,1,0,0,142537.57418097305,0
4284,698,France,Female,46,8,0.0,1,1,0,149347.44092447974,0
4285,611,France,Female,44,6,86778.6103747901,1,1,1,163521.38099155264,0
4286,660,France,Female,44,10,44169.87174222792,1,1,0,59035.99444920082,0
4287,627,Germany,Male,67,0,237817.75304491352,2,1,0,151671.94003634574,0
4288,659,Spain,Female,39,2,0.0,1,1,0,157023.3033145571,0
4289,725,Spain,Female,49,4,66398.3249296091,2,1,0,170054.5838636964,0
4290,680,Germany,Male,35,3,0.0,2,0,1,102822.18779532131,0
4291,675,Spain,Female,47,4,211991.61569130843,2,1,0,105796.02694381222,0
4292,628,Germany,Male,49,6,0.0,2,0,1,28653.861819222395,0
4293,575,France,Female,43,8,55043.352237034596,3,1,0,171902.9821754637,1
4294,639,Germany,Female,56,0,0.0,1,1,0,111362.75585540637,0
4295,710,Germany,Female,31,4,0.0,2,0,1,122942.59711240149,0
4296,573,Germany,Male,35,2,0.0,1,1,1,33073.72473236329,0
4297,597,France,Female,42,2,0.0,2,1,1,124346.28106220362,0
4298,656,France,Male,48,10,40658.350602163904,1,1,1,17977.786518070126,0
4299,600,France,Female,41,1,0.0,2,0,0,185409.66566172361,0
4300,610,Spain,Female,52,5,107931.35942428806,1,0,0,174072.11968049346,1
4301,628,France,Male,33,5,197349.89083928848,1,1,1,46920.31048993268,0
4302,581,Spain,Male,28,2,156844.35604761486,2,1,0,122822.12655076005,0
4303,601,Spain,Female,43,0,0.0,2,1,1,124512.83289554404,0
4304,685,France,Male,39,6,152063.65221342474,1,1,1,162652.15879337484,0
4305,584,Germany,Female,45,1,0.0,2,0,1,153814.86892293787,1
4306,570,Spain,Female,39,7,124639.27414117768,1,0,1,198716.21095959563,1
4307,618,France,Male,36,2,248095.18948939082,2,1,1,76659.72865556776,0
4308,686,Spain,Male,39,0,31227.075265381074,3,0,0,33680.1658453681,1
4309,640,France,Male,40,9,134619.20263237273,1,1,1,118959.62679082874,0
4310,626,France,Female,36,8,80955.8227977699,1,1,0,155158.41807267588,0
4311,652,Spain,Male,37,4,0.0,1,1,1,64300.73693807168,0
4312,562,Spain,Female,35,0,0.0,1,1,1,54879.20970301789,0
4313,674,Spain,Male,48,9,148593.49554867423,2,1,1,162466.37310313995,0
4314,669,Germany,Male,41,10,214530.1084746128,2,1,1,153207.23542779233,1
4315,629,Spain,Male,62,5,103539.37952167862,3,1,1,48644.473870065456,1
4316,700,Spain,Male,41,9,0.0,1,1,0,175161.41475911307,0
4317,593,Spain,Male,34,2,12622.815752259652,2,0,1,35598.58927924023,0
4318,706,Germany,Female,66,10,199492.144379144,1,1,0,30755.566801640627,0
4319,657,France,Male,44,3,0.0,2,0,1,76710.37492711474,0
4320,633,Spain,Male,49,7,0.0,1,1,0,178441.19266214035,0
4321,649,France,Female,45,4,73753.27993127613,3,0,1,142133.63204524995,0
4322,644,Germany,Female,46,5,12589.239102998135,1,1,0,84996.53068473462,1
4323,711,France,Female,45,9,47159.51636642722,2,1,1,39877.675455855715,0
4324,596,Germany,Female,28,3,246563.8966173203,1,1,0,145560.53741730243,1
4325,611,France,Male,43,5,0.0,2,1,1,123837.9717027794,0
4326,701,France,Male,26,2,36117.736483059314,2,1,0,197659.75310313486,0
4327,620,Spain,Female,38,9,38502.11287018013,2,0,1,155456.29774476355,0
4328,695,France,Male,32,0,84482.25137373371,2,1,0,29403.551717609564,0
4329,734,Germany,Female,43,5,19034.809868023127,1,1,1,148360.86128801992,0
4330,629,France,Female,43,0,132757.2611492689,1,1,0,58914.93864812555,0
4331,684,France,Male,44,9,61297.81971743684,2,0,0,192760.18280532936,0
4332,592,France,Male,42,2,0.0,1,0,1,13661.987320100041,0
4333,687,Germany,Female,33,7,43783.41248781284,2,1,1,55286.61216041325,1
4334,659,France,Male,37,6,113165.73496419816,2,1,1,104809.69153724673,0
4335,673,Spain,Female,49,7,0.0,1,1,1,25022.996086233292,0
4336,617,France,Female,50,9,24879.985201145922,2,0,0,75371.93852539771,0
4337,566,France,Female,28,9,0.0,2,1,0,104474.64491026546,0
4338,675,France,Female,24,1,0.0,2,1,0,94917.31801427317,0
4339,546,France,Male,32,9,67686.35595727217,2,0,0,97511.19276280614,1
4340,634,Spain,Female,50,6,155088.31026027916,1,1,0,177014.37986847723,0
4341,697,Spain,Female,52,3,151250.07658369775,2,0,1,106005.26597741042,0
4342,659,Germany,Female,30,0,161367.95360264645,1,1,0,188798.90165692044,0
4343,747,France,Male,43,10,48131.840903805125,2,1,0,38069.01934517496,0
4344,701,France,Female,58,2,0.0,1,0,1,63248.65662614653,0
4345,617,France,Female,44,4,0.0,1,1,0,134737.9972868474,0
4346,651,Spain,Male,54,9,139720.86519948207,2,1,0,63793.290561433474,0
4347,647,France,Female,49,7,120655.76541030791,1,0,0,75982.4531886698,1
4348,570,Germany,Female,30,1,89270.49702226001,3,1,1,181195.3576214423,1
4349,602,France,Female,38,1,198643.55412842394,1,1,0,112326.2432129563,0
4350,621,France,Female,40,7,32553.698658011872,1,1,1,73585.54363227024,0
4351,548,France,Male,41,8,243975.20530135412,1,1,1,157575.23779927343,0
4352,652,France,Male,49,9,0.0,1,1,0,23426.303269538614,1
4353,637,Spain,Male,44,0,195536.99501640865,2,1,0,117095.89593918038,0
4354,566,France,Female,18,1,98375.24539859964,2,0,1,28937.24720784874,0
4355,670,Germany,Male,26,3,217662.93499163334,1,0,1,43601.65238937954,1
4356,685,France,Male,18,2,0.0,1,1,0,21864.63631500563,0
4357,661,Spain,Female,41,0,0.0,1,1,0,181319.77546873208,0
4358,633,France,Male,42,3,0.0,1,0,0,19158.84716588894,0
4359,679,Spain,Male,42,10,0.0,2,0,0,108119.12510863553,0
4360,684,Spain,Male,30,10,246531.75877351014,2,1,1,52745.706376978786,0
4361,665,Spain,Female,46,1,55552.95007993312,2,1,0,82881.84040247324,0
4362,608,France,Female,47,9,161187.27056760134,3,0,0,103794.6750891678,1
4363,663,Germany,Male,27,4,138524.66077862564,2,0,1,95511.4268439173,0
4364,709,France,Male,25,0,47049.6378977773,1,1,0,152136.56607563666,1
4365,620,France,Female,39,7,0.0,1,1,1,183257.8319886639,0
4366,754,France,Female,57,9,0.0,2,1,1,67051.72067609278,0
4367,623,France,Female,56,1,0.0,2,1,0,14662.694459651188,0
4368,651,Spain,Female,45,10,40192.31008001764,1,1,0,179849.63279056817,0
4369,616,France,Male,32,2,61549.609297421026,2,0,0,195968.97248288488,0
4370,661,Germany,Female,48,2,74403.53613965191,4,1,1,92336.72313084426,0
4371,562,Germany,Male,35,3,132620.14319646865,2,0,1,96599.88669635331,0
4372,622,Germany,Female,32,6,90531.55108151423,1,1,0,37389.660992392244,0
4373,595,Germany,Female,18,8,119202.82861358103,3,1,1,100349.45551823717,0
4374,656,France,Female,41,2,49959.892264327056,3,0,1,67636.35483638503,0
4375,699,Germany,Female,33,0,0.0,1,1,0,198932.21283186588,0
4376,682,France,Male,40,10,26875.98225226097,2,0,0,45121.11319926233,0
4377,531,Spain,Male,18,9,0.0,2,1,1,81931.47908236702,0
4378,752,Spain,Male,41,0,57700.59452045878,1,0,0,127135.37657973472,0
4379,664,Spain,Female,18,10,191656.03250289732,2,0,1,75573.47484625572,0
4380,611,France,Male,50,5,93892.42916880304,1,1,1,100140.47241988518,0
4381,657,France,Female,45,4,123855.3565455504,2,1,0,194961.8903157665,1
4382,658,France,Female,37,9,79902.64947069444,2,1,1,106533.56144965166,0
4383,616,France,Male,45,6,0.0,1,0,0,182960.88331002535,0
4384,659,France,Female,30,6,0.0,1,1,1,18185.745061603095,0
4385,619,Germany,Female,40,2,78704.84433750114,2,1,0,32765.485341348794,1
4386,629,France,Male,47,6,0.0,3,1,1,189457.20300309226,0
4387,615,Germany,Female,18,8,173545.66371133525,1,1,1,34458.91122073801,0
4388,578,Spain,Female,35,7,56836.734536253,2,1,0,149944.72712429718,0
4389,657,Germany,Male,39,2,163561.54374634536,1,1,0,94740.6847889084,0
4390,679,France,Male,38,9,32662.73912647253,1,1,1,87282.1825479915,0
4391,675,France,Female,54,4,158832.9183905649,2,1,1,135251.85021245497,1
4392,690,France,Male,28,7,133217.61616250395,2,1,0,148244.1567991773,1
4393,666,France,Female,33,1,37337.371738314,2,1,1,187074.16325428415,0
4394,623,Germany,Male,20,6,0.0,1,0,1,58808.24288628695,0
4395,691,France,Female,55,10,117173.7176881782,1,1,0,142635.27175566915,0
4396,582,Spain,Male,37,9,62107.61219610057,2,1,1,75034.30535780497,0
4397,604,Spain,Male,35,9,94812.19736852255,1,1,0,146345.8515277657,0
4398,601,Germany,Female,39,6,128104.50535334312,1,1,1,37002.06392487166,0
4399,704,France,Male,46,10,0.0,2,1,0,96933.0844488006,0
4400,697,France,Male,43,7,239826.27595080502,2,1,0,44889.64825850146,0
4401,674,Spain,Female,66,0,169734.91749090908,1,1,0,73924.78365680868,0
4402,703,France,Male,44,7,0.0,1,1,1,145969.58741786968,0
4403,606,France,Male,35,0,0.0,2,1,0,54336.471400433446,0
4404,667,France,Male,34,2,0.0,3,0,0,140127.9417252277,1
4405,643,France,Female,36,8,153231.88881116413,1,1,0,104228.6368690225,0
4406,692,Spain,Male,24,3,76514.28197909758,2,1,0,27486.94584075648,1
4407,644,France,Female,40,9,186017.42677950574,1,0,0,83471.99019106547,0
4408,630,Germany,Female,47,8,183522.15400002454,2,0,1,175149.1785624478,0
4409,677,France,Male,33,0,142490.4296493803,1,1,0,197965.27061170596,1
4410,693,Germany,Female,31,7,67822.14219317873,2,1,1,80095.0084903741,0
4411,616,Spain,Female,55,2,0.0,2,1,0,20426.19893155258,0
4412,646,Spain,Female,25,10,0.0,2,0,1,34735.677118160515,0
4413,597,France,Female,19,6,44802.92017510848,2,0,0,159748.19864944345,0
4414,525,France,Male,28,1,91037.37116582166,1,0,1,134599.54390603892,0
4415,660,France,Male,24,6,0.0,2,1,0,64152.27985214984,0
4416,680,Germany,Male,43,6,0.0,1,1,0,84346.7269144086,0
4417,663,Germany,Female,36,8,0.0,1,1,0,164118.54393665865,0
4418,552,Germany,Female,37,1,66061.66198104735,1,1,0,88490.88992199495,1
4419,632,France,Male,51,7,209834.21880043225,1,1,0,153596.9102488579,0
4420,539,Germany,Female,33,4,223768.9665726211,1,0,1,66089.08326287751,0
4421,718,France,Male,47,9,108405.16559489544,2,0,1,147714.24173304564,0
4422,595,Spain,Female,55,8,16456.996923912124,2,0,0,98615.51419003251,0
4423,712,France,Male,35,7,176790.78901459646,2,1,0,113617.31351547693,0
4424,697,Germany,Male,47,2,198167.97668395107,2,0,1,123759.29134657027,0
4425,604,France,Male,37,2,14325.820759465656,1,1,1,95609.19195494408,0
4426,593,France,Female,49,10,0.0,1,0,0,98565.76774246698,0
4427,667,Germany,Male,24,9,151208.501978602,2,0,0,60484.63793159856,1
4428,607,France,Female,23,7,100889.89809949938,1,1,0,197295.23184100774,1
4429,655,Spain,Female,36,8,0.0,1,1,0,182104.86064926983,0
4430,625,Germany,Male,31,1,112762.96914744655,1,1,0,110202.73724756922,0
4431,560,Germany,Male,34,2,172426.22842992737,1,1,1,16579.58838573301,0
4432,538,France,Female,37,7,0.0,2,0,0,42001.31446244779,0
4433,661,France,Female,47,1,69631.50512868253,1,1,0,172247.69017286092,1
4434,621,Germany,Male,35,7,155560.2071224316,2,1,1,186854.29388515512,0
4435,622,France,Male,31,4,186858.038763002,1,1,0,40645.49986914423,0
4436,684,Germany,Female,36,5,243737.36162488087,2,0,0,149558.54470779127,1
4437,708,France,Male,32,9,0.0,2,1,0,128374.42881944566,0
4438,636,France,Male,30,3,0.0,2,0,0,67643.14429071327,0
4439,632,France,Male,23,2,247113.09309312445,1,0,1,92857.36668907797,0
4440,675,France,Male,40,7,159713.5982621287,1,0,0,138681.19120134934,0
4441,582,France,Female,34,8,237148.10995858462,2,1,1,29246.223622530335,0
4442,661,Germany,Female,49,7,34918.500642668645,1,1,1,45918.10386593958,1
4443,677,Spain,Male,25,8,92088.12156890983,1,1,0,16329.844731127432,0
4444,684,France,Male,34,0,42144.80772945384,2,1,1,181418.3278285289,0
4445,553,Spain,Female,58,4,210522.43709969427,3,1,1,119040.27601173005,1
4446,611,Germany,Female,30,6,221282.25794303586,2,1,1,109451.21280365737,0
4447,606,Spain,Female,37,7,130314.80797000491,4,0,0,144185.72171713624,0
4448,654,Germany,Female,27,10,0.0,2,1,0,197786.54250023878,0
4449,674,Germany,Female,26,1,40508.552569530046,2,1,1,42725.08480306681,0
4450,724,France,Male,55,10,0.0,1,1,0,35290.143330828156,0
4451,625,France,Male,41,3,131530.31790047215,3,1,0,66010.2643328933,1
4452,625,France,Female,41,6,176749.3845682402,2,1,1,181749.3903563075,0
4453,707,Germany,Female,23,4,83249.7430287979,1,0,0,88177.51617376365,0
4454,664,France,Male,43,0,0.0,1,1,0,160764.3840460698,0
4455,713,Spain,Female,51,1,0.0,1,0,1,48556.35037482954,0
4456,664,France,Female,51,4,156434.33081812694,3,0,1,103785.03404842336,1
4457,592,Spain,Male,46,5,0.0,2,1,1,34219.40243782745,0
4458,583,France,Male,28,0,230743.5121152275,1,1,0,88450.69600583853,0
4459,572,France,Male,43,2,164028.71144915317,1,0,1,59833.57370373138,0
4460,683,France,Male,46,5,105686.67794792652,3,1,1,114392.00321077874,0
4461,709,France,Female,22,5,0.0,2,1,0,158277.18048428665,1
4462,742,France,Male,28,6,227268.38622583332,1,0,0,188290.37055612536,0
4463,692,Spain,Female,48,9,13903.617788186384,1,1,1,63930.12844032892,0
4464,708,France,Female,48,2,88458.99214057413,1,0,0,151195.02218477477,1
4465,620,France,Female,24,0,0.0,1,1,0,178262.54408358614,0
4466,592,Spain,Female,47,6,166967.9216755778,2,1,0,33721.85663956269,1
4467,692,France,Male,40,10,137852.5771079918,2,1,0,121327.12333999097,0
4468,670,Spain,Female,47,2,0.0,1,1,0,126250.79863370932,0
4469,655,Spain,Female,33,4,210009.9458210529,2,1,1,61753.169437501245,0
4470,669,France,Female,46,3,59007.775022266265,1,1,0,14277.766325746485,1
4471,666,France,Male,48,0,0.0,2,0,0,58773.55983190474,0
4472,714,France,Male,36,6,56044.27428924525,1,0,0,121099.57537583914,0
4473,714,Spain,Male,40,3,47955.87053668527,1,1,0,47324.1153585589,0
4474,677,Germany,Male,33,0,0.0,1,1,0,64595.584125545356,0
4475,692,Germany,Male,56,10,154487.58307391402,1,1,0,144505.26741734342,0
4476,675,Spain,Female,38,5,163080.91168242253,1,1,0,85679.96239844376,0
4477,626,France,Male,30,3,239038.11176290805,1,1,0,22430.82351428165,1
4478,687,Spain,Female,32,3,65338.01323013503,2,1,0,85841.5180018326,0
4479,580,Germany,Male,41,1,11420.209263446095,1,1,1,199956.10332574853,1
4480,702,Germany,Female,47,0,0.0,1,0,0,59599.79237834759,1
4481,590,Spain,Male,26,2,0.0,2,1,1,60398.74040553479,0
4482,664,Germany,Female,58,9,124636.09057559058,1,1,0,42278.41878528643,0
4483,607,France,Male,43,4,24851.250699087792,2,1,0,61611.10271322827,0
4484,677,France,Female,44,8,0.0,1,1,1,119203.1276487575,0
4485,648,France,Female,39,6,79014.29562176774,1,1,0,193274.40508340593,1
4486,570,France,Female,40,3,75895.52253383514,1,0,0,125462.10173178415,0
4487,671,Spain,Female,38,7,63371.579242982276,1,1,0,87871.042532776,0
4488,621,France,Female,50,3,0.0,2,1,0,84030.38952401766,0
4489,694,Germany,Female,39,5,0.0,1,1,1,14602.918076163653,0
4490,650,Germany,Male,47,0,84106.1863268794,2,0,1,10483.03741798105,0
4491,669,France,Male,35,5,244900.65177268215,2,1,0,161466.77392611085,0
4492,602,Spain,Female,41,9,233855.4605222769,1,0,0,103130.52587780301,0
4493,620,Spain,Female,31,4,147882.42388596694,2,0,1,16309.788476301,0
4494,627,Germany,Female,52,1,0.0,1,0,0,64345.13851016912,0
4495,692,France,Female,31,0,0.0,2,0,1,77769.55793647771,0
4496,733,France,Female,36,5,0.0,2,1,1,158824.8890969374,0
4497,609,France,Female,36,10,0.0,1,0,0,92533.4736078861,0
4498,703,France,Female,36,1,240174.82647631972,1,0,0,159967.03321697703,0
4499,541,Germany,Male,47,8,156070.28783168478,1,1,1,130409.46966507104,1
4500,590,Spain,Female,36,8,0.0,1,1,0,16295.879219058923,0
4501,602,Germany,Female,53,0,175451.36040076008,1,1,0,194050.85377323377,1
4502,582,Spain,Male,31,4,59379.08369106101,3,1,0,44472.276968312246,1
4503,570,Germany,Male,41,7,0.0,1,1,0,62367.71672453744,0
4504,670,France,Female,32,3,64614.43914288437,1,1,1,163765.86541905176,0
4505,639,Spain,Male,44,2,68795.25182412213,1,1,0,46069.57417661738,1
4506,668,France,Male,39,4,11117.33957602774,1,0,0,86206.67890438334,0
4507,684,Spain,Male,38,4,221370.11972786844,1,1,1,174348.33144912665,0
4508,663,France,Female,51,7,0.0,1,0,0,131081.73247831798,1
4509,682,France,Female,33,5,30729.851085470673,1,1,1,67395.31390240547,0
4510,646,Spain,Male,45,1,30876.97736346125,1,1,1,132369.44708989788,0
4511,590,Germany,Female,32,10,143444.3863506285,2,0,1,164398.65035212509,0
4512,702,Spain,Female,41,0,0.0,2,1,0,86738.96369359229,0
4513,620,Spain,Female,28,2,0.0,1,1,1,118618.19005046786,0
4514,603,France,Male,33,1,33909.22742791827,2,1,0,197706.2601218915,0
4515,641,Germany,Male,39,3,115192.93129650176,1,1,0,193266.9401802594,1
4516,604,France,Male,58,2,145199.5009217909,2,0,0,106717.08926808277,0
4517,629,Germany,Male,41,8,80651.2861307057,1,1,1,28266.838737051952,0
4518,667,Spain,Female,56,4,82605.30220332794,2,1,0,143129.5968745657,0
4519,667,France,Female,42,3,111874.36044374788,2,1,1,61037.9495452377,0
4520,605,Germany,Female,36,9,85394.94763614544,2,1,0,137200.2363470166,0
4521,625,Germany,Male,55,8,0.0,2,1,1,76833.56366145737,0
4522,703,France,Male,44,3,20069.09710975095,2,1,0,146564.10331157327,0
4523,674,Spain,Female,33,5,66296.83836886591,1,1,1,79791.28607393413,0
4524,753,Germany,Male,44,9,204052.6710945811,2,1,1,188827.10270211508,0
4525,709,Spain,Male,37,0,210149.94991958962,1,0,1,35967.845766978484,0
4526,707,France,Female,20,1,36773.21895140827,1,1,1,22996.91905322233,0
4527,580,France,Male,49,3,0.0,1,1,1,158427.82847749072,0
4528,688,Germany,Male,50,8,0.0,2,1,0,86251.93242382906,0
4529,647,France,Female,58,5,0.0,1,1,1,98459.36209802945,1
4530,622,Spain,Male,44,5,119449.08755546909,2,0,0,187425.27944162735,1
4531,658,France,Female,37,10,81313.26869631212,2,1,0,122084.9364095281,0
4532,697,Spain,Female,48,8,46005.339965060644,1,1,1,135432.42317187917,0
4533,675,Germany,Male,48,3,79882.73553973965,1,1,0,13698.52601740053,0
4534,606,France,Female,56,2,149222.06499750842,3,0,0,137397.73735269927,1
4535,687,France,Male,39,6,208232.72676051248,2,1,0,83787.05782713596,1
4536,618,Germany,Male,38,6,0.0,1,1,0,97440.74787951722,0
4537,660,Germany,Male,32,8,93496.36973148202,1,0,0,163529.52261015112,0
4538,634,France,Male,45,5,122320.16825951744,1,1,0,109520.78260954747,0
4539,639,Spain,Male,24,1,0.0,1,0,0,197505.45381477688,1
4540,688,France,Male,47,5,190387.90298375423,1,1,1,161394.11447315651,0
4541,597,France,Male,45,7,88431.88115187372,2,1,0,148432.39416761254,0
4542,747,Germany,Male,45,5,150724.59227803335,3,1,1,121850.46486116707,0
4543,558,France,Male,41,8,103446.60190741178,2,1,1,88355.37715426419,0
4544,620,Spain,Female,55,3,181935.96408721263,1,1,0,20045.74339269686,1
4545,668,France,Female,48,2,0.0,1,1,0,13514.22241180251,0
4546,679,France,Male,33,10,71661.96761231107,2,1,0,18884.165639208237,0
4547,644,France,Male,34,4,112254.50076225995,2,1,1,192178.91294312026,0
4548,647,Germany,Male,31,2,223459.54958112823,1,1,1,71410.30182379733,0
4549,670,Germany,Female,45,10,147598.18944416565,2,1,1,143115.80164337665,0
4550,638,Germany,Female,29,1,241695.0685555388,2,1,1,122919.77481916043,1
4551,719,France,Male,50,1,34786.64446746012,2,1,1,118616.86479316994,0
4552,691,France,Male,53,3,120442.09927622435,2,1,1,120055.89713930749,0
4553,693,Spain,Male,31,2,110578.84721089221,2,1,1,67436.20644040834,0
4554,601,France,Female,38,8,154049.48233743242,1,1,1,178441.18364466605,1
4555,646,Spain,Male,40,6,204871.50608981878,2,1,1,184649.18308256974,0
4556,634,France,Female,48,5,211947.52613993446,1,0,0,132459.89919878478,1
4557,599,Spain,Female,56,9,0.0,1,1,1,174150.3519874018,0
4558,668,France,Male,23,7,163968.72741893286,1,1,1,21396.393214723117,0
4559,623,Germany,Female,36,8,237767.0900907538,1,0,0,29074.3376437658,1
4560,682,France,Male,37,2,102084.9763932219,4,1,0,116222.58267280631,0
4561,596,France,Female,25,9,0.0,1,0,1,170836.3377516887,0
4562,735,France,Female,35,6,231160.8945021506,2,1,0,69931.5862243555,0
4563,605,France,Male,44,8,127969.41862364726,1,0,1,114130.62407012099,0
4564,660,France,Male,37,0,184984.61886479208,1,1,0,11892.500981975358,0
4565,689,Germany,Female,24,9,100484.76560101747,2,1,1,197459.70230425656,0
4566,621,Germany,Female,68,8,48130.963406896975,1,1,0,155726.36497932495,0
4567,692,Spain,Female,42,6,0.0,2,0,0,78669.63783832802,0
4568,588,Germany,Male,41,9,57153.19620388765,1,1,1,196772.437824662,0
4569,722,Germany,Male,29,3,0.0,2,1,0,27561.3179665957,1
4570,650,France,Male,42,10,0.0,1,1,1,98193.39542041894,0
4571,620,France,Male,38,5,0.0,2,0,0,21181.744150330003,0
4572,635,France,Female,21,10,17302.848559515915,1,1,1,73643.35408346326,0
4573,690,Spain,Female,29,10,0.0,2,1,0,51679.19416785247,0
4574,620,France,Female,47,5,0.0,2,0,0,70144.66210441408,0
4575,612,France,Female,59,5,0.0,1,0,1,190007.77004868293,0
4576,638,Germany,Female,43,1,107370.54127799957,1,1,0,91165.52937810856,0
4577,591,France,Male,51,4,30788.854962295256,2,1,1,71723.55413946949,0
4578,741,Spain,Male,38,6,10855.943843102694,2,1,1,131746.752209796,0
4579,621,Spain,Female,39,5,225621.57828742344,1,1,0,139840.1463026582,0
4580,691,France,Female,50,2,0.0,2,1,0,196916.0845996229,0
4581,660,France,Female,56,10,0.0,2,1,0,113750.97673567705,0
4582,600,France,Female,53,4,0.0,2,0,0,152987.09232508155,0
4583,649,Germany,Female,29,7,208423.01967607654,3,0,0,82611.35365925747,1
4584,689,France,Female,39,10,35903.405263048524,2,0,1,42496.202786302885,0
4585,640,Germany,Female,42,4,0.0,2,0,1,91668.73159430482,0
4586,709,Germany,Female,37,9,185218.96635880382,2,1,0,89567.40935138684,1
4587,701,France,Male,43,2,177614.26839981097,1,0,0,89916.56342168835,0
4588,695,France,Female,48,8,0.0,2,1,1,142129.94438257624,0
4589,627,Spain,Female,50,10,0.0,2,1,0,87129.03914197563,0
4590,596,France,Male,56,2,52221.5030392677,2,1,1,191290.91858320255,0
4591,619,Spain,Male,36,1,0.0,1,1,0,196722.4396530113,0
4592,659,France,Female,26,5,165492.93980159008,1,0,1,109438.67158899757,0
4593,677,Germany,Male,43,7,156062.1007852403,2,1,1,116104.36175053038,0
4594,541,Spain,Male,58,5,26925.292909265783,2,0,0,87449.01063124104,1
4595,649,Spain,Female,35,0,25588.584179726022,1,1,1,77562.78051858103,0
4596,657,France,Male,46,7,0.0,1,1,1,197212.0418315003,0
4597,636,France,Female,46,0,0.0,2,1,1,17724.8050502851,0
4598,714,Spain,Female,41,8,0.0,2,1,0,87916.38422049869,0
4599,671,France,Female,40,7,194232.2757174797,2,1,0,38754.67356469818,0
4600,715,France,Male,30,5,108322.49819756197,2,1,0,147993.25098255856,0
4601,639,Spain,Male,18,1,53551.56478240785,1,0,0,46944.67856327623,0
4602,696,France,Female,28,8,122135.77175434756,2,0,0,178082.68839551328,0
4603,731,France,Female,36,7,146547.9929832078,2,1,1,81150.81550105698,0
4604,715,France,Male,50,3,118663.98622673815,3,1,0,184258.2592503613,0
4605,595,Germany,Female,38,1,0.0,1,1,0,197446.8807161973,1
4606,637,Germany,Male,34,5,78327.83082388103,1,0,0,156522.5686345737,0
4607,632,France,Male,31,0,0.0,2,1,0,128400.0293395129,0
4608,674,France,Male,46,6,0.0,2,0,0,38481.31629341129,1
4609,684,France,Male,53,0,0.0,2,1,1,187281.46386150032,0
4610,608,Germany,Male,50,5,187838.38038039368,2,0,1,157604.66481134415,0
4611,653,France,Male,46,4,63956.065741471706,1,0,1,64728.69795919684,0
4612,549,Spain,Female,25,9,0.0,2,1,0,99015.36752886715,0
4613,722,France,Female,36,2,46824.887010174476,2,1,1,22856.35112250223,0
4614,624,Spain,Male,59,5,0.0,2,0,0,135210.06125769066,0
4615,652,France,Male,51,3,135575.85974201025,2,1,0,33800.28705343498,0
4616,634,Spain,Female,24,5,172002.63906064688,1,0,0,133790.94412989693,0
4617,707,France,Female,39,3,37208.09589627603,2,1,0,137595.19565665827,0
4618,508,France,Female,43,0,230266.3005694996,1,1,1,71679.51985391657,0
4619,649,Spain,Female,32,4,64185.343047392045,3,1,1,190245.90902633642,0
4620,644,Spain,Female,18,7,38794.07395823201,2,1,1,158002.8761161146,0
4621,627,France,Female,40,5,58647.73800405053,2,0,0,104379.39445611718,0
4622,736,Germany,Female,32,9,50697.389567642065,4,0,0,184528.14558446014,0
4623,605,Germany,Female,32,8,31761.916147107757,1,1,0,172610.22015181714,1
4624,688,Spain,Male,36,3,0.0,1,1,1,141521.46289387933,0
4625,667,France,Female,38,9,128929.06593858663,2,1,0,39063.409728725324,0
4626,713,Germany,Male,39,8,0.0,1,0,0,104444.04584883747,0
4627,616,France,Female,31,7,238150.70247619195,1,1,0,174240.34578674068,0
4628,613,France,Female,37,2,99042.0128955498,2,1,1,125689.39390121569,0
4629,704,Spain,Female,22,5,0.0,2,0,1,113647.17450934772,0
4630,671,France,Female,43,3,75770.2940623831,1,1,0,191492.598056678,1
4631,572,France,Female,18,0,67351.96806126315,1,1,1,13144.13242387971,0
4632,623,Germany,Male,37,8,129697.90709519316,1,1,1,12288.813137383408,0
4633,669,Germany,Female,49,3,0.0,2,1,1,179635.898826349,0
4634,691,France,Male,29,10,133854.68132472684,1,1,1,17322.070854792917,0
4635,616,France,Male,47,4,170630.42198722935,2,0,1,73183.30560398972,0
4636,504,Spain,Female,51,2,0.0,2,1,0,185564.84154065442,0
4637,676,France,Male,18,3,180437.8675041354,1,1,1,141318.99282490116,0
4638,588,Germany,Female,38,8,59341.77194952663,1,1,1,133150.19211414928,0
4639,549,Germany,Female,18,6,37815.93261826091,2,0,0,134829.67987957282,0
4640,508,France,Female,38,7,140188.03818430024,1,1,1,70352.1659813284,0
4641,690,Spain,Male,39,2,57738.82988995484,2,1,0,110801.38229239041,0
4642,656,Germany,Female,18,2,30384.093225163182,2,1,1,129694.88216890431,0
4643,638,France,Male,59,6,136502.64231506013,1,1,0,68085.9118814064,1
4644,719,Germany,Female,42,7,88430.60442587092,1,0,1,161119.14400278396,1
4645,681,Germany,Female,31,4,191475.76286524092,2,1,0,71132.18816544814,0
4646,730,Germany,Male,54,0,85405.99133162033,1,1,0,23574.38916510081,1
4647,580,Spain,Male,22,2,244892.1128933953,1,0,0,48276.369018981604,1
4648,648,France,Male,27,4,0.0,1,0,0,87597.97949819722,0
4649,569,France,Male,18,2,0.0,2,1,1,182530.6187473921,0
4650,638,France,Male,58,0,132129.45768550626,2,1,0,88994.72145577446,1
4651,637,France,Male,43,6,0.0,1,1,0,27062.722299068148,0
4652,681,France,Female,46,0,0.0,2,1,1,47326.78566053286,0
4653,652,Spain,Male,43,9,129471.23128810198,1,0,0,113448.82239938305,0
4654,681,Germany,Female,45,5,126026.46361949756,2,1,0,43754.64089363542,0
4655,685,Germany,Female,40,5,98305.26680262707,1,1,0,22151.376310577674,0
4656,757,Germany,Female,42,6,0.0,1,1,1,145817.4084218751,0
4657,634,Spain,Female,41,10,0.0,2,1,1,159026.00510614392,0
4658,602,France,Female,33,0,86223.20071224927,1,0,1,171620.31468997174,0
4659,662,Spain,Male,39,10,25221.11789927936,1,1,1,170347.4906582351,0
4660,609,France,Female,42,2,50148.33743041894,2,0,1,82059.3202126114,0
4661,724,Spain,Female,41,8,215746.3926499095,2,0,1,149549.29659754876,0
4662,635,Germany,Female,25,1,150792.03018961215,2,1,0,120872.38330190025,0
4663,621,France,Male,26,4,0.0,2,0,0,14439.217348316826,0
4664,626,Germany,Male,50,2,204107.57107352663,1,1,0,86303.64084449466,1
4665,685,Germany,Male,36,4,0.0,1,0,0,20047.002254675095,0
4666,642,France,Male,45,6,0.0,1,1,1,25837.65053365675,0
4667,617,Germany,Female,29,0,52508.94296778517,1,0,0,20640.46495724205,0
4668,733,France,Male,25,2,0.0,1,1,1,192579.84227674486,0
4669,607,France,Female,31,10,147756.26089002698,2,0,0,170398.18825214572,0
4670,651,Spain,Male,37,5,97963.44488456234,1,1,0,93429.85072503422,1
4671,682,Germany,Male,33,6,143931.57789898416,1,1,0,57119.51887526956,0
4672,568,Spain,Male,52,9,129634.68261708754,1,1,0,23765.657609378286,1
4673,674,Germany,Male,41,2,154527.53912741164,1,1,1,91927.2877839191,0
4674,597,France,Female,58,3,17706.82977677568,2,0,1,124067.0474009406,0
4675,691,Germany,Male,44,5,17880.803351229602,1,0,1,161449.6313912355,1
4676,601,Germany,Female,18,4,183182.8410036421,1,0,0,19796.587373752474,0
4677,684,Spain,Female,50,10,56350.53851745276,4,1,0,89395.30332816645,0
4678,705,France,Female,24,8,166527.63092609352,2,1,0,195602.91467036764,0
4679,693,Spain,Female,42,0,141178.21858994907,2,0,1,32936.901728397395,0
4680,662,Spain,Female,32,4,245630.6731371096,2,1,0,86056.88500931964,0
4681,638,Germany,Female,61,10,210497.41093193495,2,1,1,62260.51148698208,0
4682,621,Spain,Female,54,0,0.0,1,0,1,35467.47752719883,0
4683,723,France,Male,32,7,157939.0768223596,1,1,0,169399.68076578755,0
4684,615,Spain,Female,38,6,38149.469734113285,2,1,1,142451.88996535534,0
4685,598,Germany,Male,42,4,102732.65031097144,1,1,1,88195.73200466557,1
4686,683,France,Male,48,5,0.0,1,1,0,80122.78372111311,0
4687,610,Spain,Female,40,3,159441.18019087688,1,0,1,167272.2642990087,0
4688,602,France,Female,29,8,0.0,1,1,1,27248.9306738305,0
4689,577,France,Male,32,2,52366.98497264058,2,1,0,37898.32328575197,1
4690,625,Germany,Male,39,1,202755.02227781073,1,1,0,182244.50153777224,1
4691,645,France,Female,52,6,75559.98505877846,1,1,0,165269.2642696385,0
4692,662,France,Female,44,1,206914.97959885828,2,1,1,157226.77488853436,0
4693,697,Spain,Male,32,5,0.0,2,0,0,128555.4256177249,0
4694,676,France,Male,46,10,99455.54270770898,2,1,0,65565.5097989435,0
4695,640,France,Female,36,7,0.0,1,1,0,187609.45499947944,0
4696,640,France,Male,48,2,65780.52264265045,1,0,0,103455.0761295876,1
4697,675,France,Male,65,2,223377.02211715933,2,1,0,63317.710921236416,0
4698,713,Germany,Female,36,2,0.0,1,0,0,79459.17525646213,1
4699,656,Spain,Male,48,0,147964.7951041835,1,1,0,13199.792887227577,0
4700,626,Spain,Female,32,8,121917.39135091048,3,1,1,58480.22174732869,1
4701,600,Germany,Female,38,4,0.0,1,0,1,45711.66064474709,0
4702,577,France,Female,40,8,121899.55068239236,1,0,0,35755.76199352695,0
4703,683,Spain,Male,38,4,164633.16177259368,1,1,1,16106.598704229287,0
4704,678,Spain,Female,64,6,0.0,1,1,0,53106.33424931736,0
4705,678,Germany,Male,36,0,0.0,1,0,1,29668.556433376893,0
4706,643,Germany,Female,45,8,178460.294431664,1,1,0,18576.67186066282,1
4707,720,Spain,Female,20,0,89194.15082264603,1,1,0,36091.2292286948,0
4708,625,Germany,Male,44,3,0.0,1,0,0,48456.63907007257,0
4709,697,France,Male,51,6,0.0,1,1,0,89032.84177141287,0
4710,648,Germany,Male,34,10,51913.32753699076,2,0,1,120902.18038573864,0
4711,619,France,Female,18,8,28650.9908808464,2,0,0,71230.51386233009,0
4712,679,France,Male,39,0,0.0,1,1,0,36839.28894098045,0
4713,670,France,Female,40,10,217628.99300992256,3,0,1,188661.52754389847,1
4714,667,France,Male,47,5,203786.07726269047,2,1,1,107822.20532198268,0
4715,654,France,Female,60,10,167356.24725331645,2,1,0,150957.26321219077,0
4716,648,France,Female,36,9,43930.01334514433,1,1,0,141942.6768410854,1
4717,769,Germany,Female,31,10,32570.57823439685,2,0,1,64130.38385426351,1
4718,709,Spain,Female,28,4,0.0,2,0,0,116373.76582250942,0
4719,686,Spain,Male,41,2,0.0,1,0,1,124411.18201188817,0
4720,655,France,Male,44,9,240816.7048735994,2,1,1,76840.2945758247,0
4721,700,Germany,Female,34,1,67926.60516329709,2,1,0,137445.64744196506,0
4722,675,Spain,Female,47,0,192902.9609396128,1,0,1,160228.54477342998,0
4723,651,France,Male,44,1,0.0,1,1,0,79200.00463448427,0
4724,634,Germany,Male,40,3,17633.768098706256,1,0,1,12833.920593054476,0
4725,645,Spain,Male,30,5,140299.92398390555,1,0,1,76373.8281498679,0
4726,491,France,Male,35,4,203425.69671744524,1,0,1,32194.96465865563,1
4727,660,Spain,Male,18,3,76269.46800256637,2,1,1,39565.49894484412,0
4728,625,Spain,Male,42,7,0.0,2,0,1,79530.40061958323,0
4729,729,France,Female,40,6,66702.49764991285,2,1,1,49448.00865992155,0
4730,650,France,Male,41,3,28353.551834573034,2,0,0,187628.90114351318,1
4731,590,France,Male,45,9,48385.434265495365,1,1,1,134032.5552441249,0
4732,647,France,Female,43,4,0.0,1,1,1,108489.19029440102,0
4733,597,Germany,Male,38,9,110153.42056948679,2,0,1,11847.625108514752,0
4734,673,Germany,Male,40,4,0.0,1,1,1,29687.37121669839,0
4735,664,France,Male,25,2,0.0,2,1,0,159810.79087571363,0
4736,697,Spain,Female,34,8,0.0,1,0,0,84051.3149775067,0
4737,610,France,Male,40,10,0.0,1,1,1,18643.707262528987,0
4738,651,France,Female,32,4,111637.02681097022,1,1,1,166856.22782058976,0
4739,581,France,Male,48,9,202487.8554559284,1,1,0,67502.74250750279,0
4740,685,Germany,Female,33,1,34158.91959122694,2,1,0,83396.16817510228,0
4741,675,France,Male,42,3,0.0,2,1,0,195130.1234217954,0
4742,674,France,Male,41,3,0.0,1,1,1,12947.420796551638,0
4743,650,France,Male,47,4,225783.37507401823,2,0,1,147051.63469764686,0
4744,670,Spain,Female,49,7,0.0,1,1,0,190287.99349924026,1
4745,730,Spain,Male,46,4,0.0,1,1,0,22133.320647068616,0
4746,635,France,Male,18,0,0.0,2,1,1,174554.63462937795,0
4747,656,France,Female,51,1,101865.19733056697,1,0,1,89085.92177184726,0
4748,595,Germany,Female,55,2,35611.25325086979,2,1,0,176819.33800583862,0
4749,606,Germany,Female,35,2,42215.999342786134,2,1,1,68572.17264918034,0
4750,654,France,Male,42,9,210877.2307474351,1,1,0,196705.91689498632,1
4751,705,Spain,Female,31,5,189940.82375813488,1,1,1,132939.38783756574,0
4752,637,Germany,Male,20,8,101761.87126986412,1,1,1,129147.16848309783,0
4753,638,France,Female,32,9,0.0,1,1,1,163121.6427474486,0
4754,629,Germany,Female,34,0,29383.884357658826,2,1,1,92951.35323198633,0
4755,623,Spain,Male,36,5,0.0,1,0,0,59147.230100590976,0
4756,664,Spain,Male,30,8,218362.2526514292,1,1,1,59956.736616626535,1
4757,575,France,Male,32,3,0.0,2,0,1,72814.71265706865,0
4758,714,France,Male,39,9,99467.86238604636,2,0,0,127297.00056910088,0
4759,616,France,Female,32,2,188856.12473367737,2,0,0,169294.04881624712,0
4760,686,France,Female,45,5,112592.35492477061,2,1,0,104919.79690128025,0
4761,586,Germany,Female,46,5,211633.15945358784,2,1,1,86655.16376665117,1
4762,683,Spain,Male,63,1,137382.86803720554,2,1,1,160831.0703513004,1
4763,683,Germany,Male,51,4,193565.69178520987,1,1,1,65036.90229220364,0
4764,669,Spain,Female,42,0,0.0,2,1,0,140916.7011173782,0
4765,600,France,Female,33,8,151606.2331861271,1,0,0,30102.991938034073,0
4766,662,Spain,Male,42,8,0.0,3,1,0,31515.27058723229,1
4767,590,Spain,Female,43,2,156394.41321643844,1,0,0,132370.5405852904,1
4768,637,France,Female,34,4,176953.98589974164,3,1,1,25722.597712364273,0
4769,701,Germany,Female,47,2,230346.15280819408,2,1,1,39459.721150574835,1
4770,689,France,Male,26,6,198563.69962624746,2,0,0,128630.12086046881,0
4771,650,Spain,Female,37,0,62713.117944377125,1,1,1,93258.70244925193,0
4772,601,Germany,Male,45,4,208215.10463010304,1,0,1,116646.32604706165,0
4773,682,France,Female,37,5,39299.12262762296,2,0,0,195619.15339189017,0
4774,650,Germany,Male,37,10,159327.6605620167,1,1,1,130072.5972070723,1
4775,533,Germany,Female,38,6,221860.91397902637,2,1,0,122261.65280774236,0
4776,689,France,Female,31,2,34269.29301157694,2,0,1,82226.23546475188,0
4777,648,France,Female,51,6,213926.23679446254,2,1,1,129866.74304988851,1
4778,710,France,Male,29,3,201668.97621525894,1,1,0,12469.90988276072,0
4779,595,Germany,Female,43,9,130906.10412137698,1,1,0,115890.84737509878,1
4780,491,Spain,Female,44,10,84135.42455089698,2,0,0,23090.498497011537,0
4781,663,Spain,Male,30,5,107305.17473717053,1,0,0,51832.72691829357,1
4782,664,Germany,Male,40,4,242477.95256805082,2,0,0,116992.99041544535,1
4783,565,Spain,Female,30,3,58407.41347644313,2,1,1,136910.6042167708,0
4784,601,France,Female,53,5,149105.02907917486,1,1,1,83111.34267613555,1
4785,787,Germany,Female,28,2,0.0,2,1,1,89606.18403798476,0
4786,634,France,Female,33,2,62294.335405401325,2,0,1,104624.25710463799,0
4787,686,France,Female,27,4,193195.93313788495,2,0,1,154224.17547146732,0
4788,617,Germany,Male,26,10,0.0,2,1,0,13349.27660213178,0
4789,545,France,Female,55,4,246583.8569350563,1,1,1,94942.91976345549,1
4790,641,Germany,Male,45,8,130196.09034252161,1,1,0,12711.98360229703,1
4791,636,Spain,Male,41,3,133969.43807385827,2,1,0,70636.95352022878,0
4792,630,France,Female,33,4,18715.53744057646,1,1,1,108771.23804951261,0
4793,644,France,Male,49,8,0.0,2,0,1,25184.66389682148,0
4794,663,Spain,Female,31,3,0.0,2,0,0,102190.57031551072,0
4795,642,Spain,Male,47,2,139201.7437145062,2,0,0,185669.04168884677,0
4796,586,France,Male,31,6,0.0,4,1,0,140215.04416377458,1
4797,674,France,Female,33,6,0.0,2,1,1,158628.00765659343,0
4798,552,Germany,Female,47,7,164392.03984866603,1,1,1,120278.7014611535,0
4799,547,Germany,Male,48,3,168901.28250219458,1,1,1,180308.2062089731,0
4800,686,France,Female,45,3,47029.26756594325,1,1,1,37905.16548481845,0
4801,675,France,Female,29,8,0.0,1,1,0,95459.34630888286,1
4802,647,Spain,Male,35,9,0.0,2,0,0,123436.31453267185,0
4803,580,Germany,Male,41,6,116388.75605253509,2,0,1,175960.3148994983,0
4804,614,Spain,Male,31,2,49793.072998379226,1,1,0,68521.94663780188,0
4805,636,Spain,Female,53,8,85172.06635760577,1,1,0,10214.315775495163,0
4806,570,Spain,Female,18,4,60971.095385216846,2,1,1,195138.68109819476,0
4807,613,France,Female,32,3,40196.19229956089,2,0,1,14935.687785244314,0
4808,682,Spain,Male,34,0,100619.47058448491,1,0,0,38949.6781755495,0
4809,721,France,Female,18,8,139824.69836753802,1,1,1,90188.80259517413,0
4810,629,Germany,Male,26,5,27460.36606639162,2,1,1,104310.26446959346,0
4811,687,France,Male,46,10,154917.609334764,1,0,0,168548.53191154514,0
4812,554,France,Male,40,1,248325.8656407058,2,1,1,95085.41048397614,0
4813,682,Spain,Male,55,6,241389.98368482006,2,1,1,114011.53596366353,0
4814,609,Spain,Male,55,2,0.0,1,1,1,47999.97546190276,1
4815,665,France,Male,44,5,73921.86707257672,1,1,1,118140.15283658112,0
4816,637,Germany,Male,43,7,0.0,2,1,1,76192.91116723561,0
4817,716,France,Female,40,2,210050.00869188423,1,0,1,28759.13344241194,0
4818,606,France,Male,18,4,23372.855674891176,1,1,0,189827.94935624223,1
4819,681,Spain,Female,26,5,0.0,2,0,0,25520.01423424368,0
4820,636,France,Female,41,0,140668.77170722827,1,0,0,138796.99677251655,0
4821,642,Spain,Female,46,9,0.0,2,0,0,182556.6990562833,0
4822,640,France,Female,42,6,210109.19951167406,2,1,1,44048.88430237832,0
4823,607,Germany,Female,31,3,196518.32710235898,2,1,1,55052.35656451409,1
4824,649,Germany,Male,49,9,191384.68137693993,1,1,0,91074.28537705817,0
4825,646,France,Female,54,10,205870.62781541838,1,1,1,65956.89395535845,0
4826,662,France,Female,49,6,62728.4272635069,1,1,0,154216.29655006883,0
4827,654,Spain,Female,49,6,0.0,2,0,1,74249.14134624832,0
4828,689,Spain,Male,34,10,95267.56062202353,1,1,1,197308.75267953426,0
4829,696,France,Female,50,4,170042.74229641588,1,1,0,173169.57417689424,0
4830,597,Germany,Female,41,7,39285.21487148195,2,1,1,180115.38541902532,0
4831,693,France,Female,45,7,179340.77921548358,2,0,1,22096.214200819835,0
4832,590,France,Female,43,4,0.0,1,1,0,43498.60729152599,0
4833,679,France,Male,38,4,0.0,1,0,1,42179.99731457819,0
4834,680,France,Female,31,6,32518.93628010034,2,0,0,137673.28315337235,0
4835,554,Spain,Male,39,5,0.0,2,1,0,12263.161093281788,0
4836,654,Germany,Male,49,3,113335.3371859123,2,0,1,163220.9779954404,0
4837,626,Spain,Female,35,1,79787.24438393289,1,1,1,113938.74350081729,0
4838,612,Germany,Female,48,7,203660.8368497665,1,1,0,117599.47600160478,0
4839,717,Spain,Male,47,2,0.0,2,0,1,112093.92022579223,0
4840,617,Germany,Female,37,1,126288.96224525258,2,1,1,111715.71904742172,0
4841,609,Germany,Female,53,9,0.0,1,1,1,47598.35418037455,0
4842,653,Spain,Female,36,6,96872.55580857897,1,0,0,63804.147145615985,0
4843,684,Germany,Male,55,9,94769.73938091124,2,1,1,102647.31698836033,0
4844,642,France,Male,44,5,0.0,2,1,1,138790.45452926477,0
4845,708,Germany,Female,39,7,0.0,1,1,1,61671.2144035026,0
4846,676,Spain,Female,31,5,0.0,2,1,0,163165.63574952632,0
4847,541,Spain,Male,39,6,44509.714201775925,3,0,0,164012.7018783955,0
4848,623,Germany,Male,37,1,61143.56347563515,2,1,0,62037.087359642974,0
4849,621,Germany,Male,27,9,94384.11250189031,1,1,0,116412.28930527957,0
4850,673,Spain,Male,37,1,79947.54002366873,2,1,1,76295.34236147189,0
4851,518,France,Male,31,5,170444.81161318635,1,0,1,46230.28973309964,0
4852,777,Germany,Male,45,8,0.0,1,0,0,163139.9916012112,0
4853,676,France,Male,53,2,0.0,2,0,1,198381.43147824146,0
4854,657,Germany,Female,27,10,145115.2145444676,2,0,1,117486.64385654805,0
4855,709,Germany,Male,57,9,0.0,2,1,1,183649.87392334169,0
4856,767,France,Male,38,7,131386.69001105486,1,0,0,132012.07343351236,0
4857,693,France,Female,30,4,0.0,1,0,0,117487.50329994473,0
4858,697,Germany,Female,47,5,224463.95648368268,2,1,0,101227.52720901338,0
4859,656,France,Female,35,5,56150.240278547375,1,1,0,54785.84367173433,1
4860,642,France,Male,39,10,30881.580893454484,1,1,0,26008.501543662678,1
4861,626,Spain,Male,35,9,160530.8605708846,2,0,1,94043.82442320017,0
4862,608,France,Female,31,10,104591.40370543036,3,1,0,116648.88357428288,1
4863,615,France,Female,47,2,49096.646390317255,2,1,0,106795.43430226059,1
4864,582,Spain,Female,37,10,0.0,1,1,1,142158.4207277124,0
4865,646,France,Male,25,10,144138.34884976715,2,1,1,46498.7688778327,0
4866,565,France,Female,45,4,0.0,3,1,1,77298.56599350135,0
4867,659,Germany,Male,27,0,0.0,2,0,0,88957.78154515062,0
4868,648,Spain,Male,28,1,107416.19663937135,1,0,1,45439.428059879276,1
4869,657,Spain,Male,51,9,60948.78610364384,2,1,0,182228.20059770418,0
4870,623,Spain,Male,28,2,160923.77082814666,2,0,1,139487.17690845428,0
4871,803,Spain,Female,18,3,68621.17352572165,2,1,0,27453.8458050499,1
4872,718,France,Female,46,8,128580.65037547867,2,1,1,145431.62757476594,0
4873,587,France,Female,36,0,125818.28409304177,1,1,1,114079.64514389406,0
4874,661,France,Male,37,2,118853.83113177693,2,1,0,109548.68869069898,0
4875,619,France,Female,36,2,201060.56710469798,2,1,0,198059.29727042138,0
4876,599,Germany,Male,42,5,0.0,1,0,0,127458.15602335996,1
4877,582,Germany,Male,32,4,227033.75321691282,1,0,1,180378.35666929962,1
4878,671,France,Male,54,2,199921.72077124825,1,1,0,183574.29862016355,0
4879,615,Spain,Female,25,3,0.0,2,1,1,29269.54003076154,0
4880,698,France,Male,44,10,53344.601507233245,2,1,0,11588.828712118278,0
4881,699,France,Male,46,6,77088.4058816179,1,0,0,92700.7127857582,1
4882,718,Germany,Female,32,2,0.0,2,0,1,156164.1463977943,0
4883,607,France,Female,29,8,143663.9605136912,2,0,1,166597.23151280105,0
4884,673,France,Female,50,7,0.0,2,0,1,159623.86886044126,0
4885,681,France,Male,30,1,229446.19116449275,1,1,0,94984.71211769787,1
4886,626,France,Male,33,4,33681.96559866663,2,0,0,152493.18252193957,1
4887,611,Spain,Female,48,3,0.0,2,1,0,146567.53965997417,0
4888,730,Spain,Male,40,4,0.0,1,1,1,69625.65768331269,0
4889,661,France,Male,22,2,0.0,1,1,1,42056.90644538698,0
4890,681,France,Female,57,9,0.0,1,1,1,128069.55627217916,1
4891,608,Germany,Female,34,10,157642.19473197815,2,1,1,138646.4145145961,1
4892,589,Spain,Female,35,0,64557.57402147536,1,1,1,117914.43126490251,0
4893,621,France,Female,42,7,0.0,1,1,0,50504.11383329882,0
4894,643,France,Female,46,8,202170.89421243634,1,0,0,62567.9308675366,0
4895,596,Spain,Female,59,7,190875.82775717933,1,1,0,144612.3915772745,0
4896,649,Germany,Female,23,3,0.0,2,1,1,192898.24916707163,1
4897,565,France,Female,48,1,158715.92356439563,1,1,0,189518.76429561805,0
4898,593,Germany,Male,47,3,130344.96645069575,2,1,1,108735.04781928564,1
4899,683,France,Male,38,8,0.0,1,1,0,178446.30020543898,0
4900,680,Germany,Male,47,9,63703.36489784761,1,1,0,15595.728058013312,0
4901,630,Germany,Male,49,8,143778.79783525475,2,1,0,173618.9031035583,1
4902,599,Spain,Male,26,4,0.0,4,1,1,100468.65645259805,0
4903,598,France,Male,57,4,152555.629358158,1,1,0,158490.19363258043,1
4904,631,France,Male,24,9,230705.64681295282,1,1,1,11060.75282161204,0
4905,682,France,Male,28,2,0.0,1,0,1,175026.5490301107,0
4906,696,Spain,Male,37,5,176833.11340659944,1,1,1,123046.12825236616,0
4907,625,France,Male,59,6,0.0,2,1,1,55643.77566792103,0
4908,592,France,Male,36,9,170904.12257505805,1,1,1,76021.78034274509,0
4909,663,France,Female,39,8,0.0,2,1,1,48126.55651693402,0
4910,608,Spain,Male,54,6,63197.12198490802,2,1,0,90637.09399071781,1
4911,624,France,Female,36,2,44461.81558795575,1,0,1,72701.14594329943,0
4912,716,France,Male,28,6,244870.78149569407,2,0,0,111555.60363988216,1
4913,691,France,Female,35,0,0.0,2,1,0,164809.04395965626,0
4914,657,Spain,Male,53,1,122256.75688678487,2,1,1,196632.3003843831,0
4915,586,Germany,Female,40,3,0.0,2,1,0,57776.95173816269,1
4916,660,Germany,Male,59,6,96404.5499716183,2,0,0,30236.56991163622,1
4917,703,Spain,Female,47,8,0.0,2,1,0,85176.77748149686,0
4918,631,Spain,Male,33,4,188884.06919500383,2,0,1,37275.312468699034,0
4919,717,France,Female,40,7,0.0,2,0,0,168505.6383960273,0
4920,714,Spain,Male,31,6,104917.00628486132,2,0,0,105213.72711190913,1
4921,733,France,Female,33,4,145403.08670307032,1,1,1,127792.85265764297,0
4922,665,France,Female,84,2,224153.69136210895,2,0,0,38616.385312514816,0
4923,679,Spain,Female,50,2,248523.53508529227,1,0,1,152425.67500894764,0
4924,720,France,Female,48,5,242630.64696768517,1,1,1,194980.5442676425,0
4925,672,France,Female,33,9,182282.5291044962,2,0,0,101653.19778353015,0
4926,624,France,Female,55,10,44374.6138744431,2,1,1,192866.88791022226,0
4927,627,Germany,Female,50,3,15564.642830326382,2,1,1,16596.057829858397,0
4928,661,France,Female,58,2,208052.40553670604,2,1,1,16787.315624727533,0
4929,585,Germany,Male,58,3,211826.0858780381,1,1,0,192402.45304428437,0
4930,642,Spain,Male,25,2,189126.6179832327,2,1,1,143050.4635118953,0
4931,704,Germany,Male,28,9,0.0,2,1,0,45851.04813456091,0
4932,540,France,Female,29,10,163556.2863036464,2,1,0,79136.21182758817,0
4933,726,Spain,Female,30,10,85899.62603566582,1,1,1,106473.08290635282,0
4934,706,France,Male,43,5,118155.57906422192,2,1,0,143501.16975806147,1
4935,627,France,Male,34,6,101784.42039532252,2,1,1,169985.0464332936,0
4936,677,France,Female,60,3,229273.62082961336,1,1,0,25704.71689550699,0
4937,650,Germany,Female,59,2,66197.75937853014,2,1,1,134749.0834628936,0
4938,711,France,Male,39,2,148626.61709770004,1,0,0,100575.16859120915,0
4939,699,France,Female,59,10,0.0,2,1,0,123548.2323341753,0
4940,579,France,Male,54,2,0.0,2,1,0,106621.00525614743,0
4941,679,France,Female,35,8,145495.153882594,2,0,0,95631.67959679649,0
4942,639,Germany,Male,19,10,231754.6435278257,2,1,0,49047.431274146074,0
4943,654,Spain,Male,37,10,34386.91640829116,1,0,0,99743.82334820603,1
4944,613,Spain,Female,33,2,0.0,2,0,1,46034.47622793622,0
4945,737,France,Male,42,2,0.0,1,1,1,18476.18253526606,0
4946,702,France,Female,40,7,98508.84157476241,1,0,0,81026.65328012421,1
4947,613,Spain,Female,40,3,49788.10869489374,1,1,1,14741.590362405776,0
4948,583,France,Female,45,6,0.0,1,0,1,116883.54297417993,0
4949,630,Spain,Female,27,2,166514.0947867327,2,1,1,23754.566134633686,0
4950,671,France,Female,44,7,0.0,2,1,1,93135.19203450711,0
4951,662,Spain,Male,35,2,0.0,1,1,0,196227.13910129323,0
4952,712,France,Female,41,4,0.0,1,1,0,11877.488917598217,0
4953,689,France,Female,49,0,134858.69598644663,1,0,0,79702.36785469668,0
4954,698,Germany,Male,27,4,18491.011641596797,2,1,1,137919.9426325711,0
4955,666,Germany,Female,37,5,0.0,1,1,0,40194.21187778213,1
4956,580,France,Male,38,6,0.0,1,1,1,116539.3918983225,0
4957,640,Germany,Female,34,1,57846.27269872594,2,1,0,59056.16813696831,0
4958,703,Germany,Male,48,1,208573.93749265943,1,1,0,52326.05140100289,1
4959,647,France,Female,32,8,0.0,1,1,0,180046.87464173083,1
4960,675,France,Female,34,9,123130.97462747035,1,1,0,48623.29100623044,0
4961,634,France,Female,32,0,0.0,1,1,0,81544.82504540749,1
4962,598,France,Female,50,1,0.0,1,0,0,42223.525926165865,1
4963,643,Germany,Female,35,1,66417.61853538046,2,1,1,63938.67055320633,0
4964,665,France,Male,44,9,168736.7182064082,1,0,1,65690.26922325155,0
4965,617,France,Male,59,6,147590.84499283566,1,1,0,72086.87451384263,0
4966,638,France,Female,39,5,90459.49622349403,1,0,1,131802.71799707777,0
4967,603,Germany,Male,51,8,92479.49471775451,2,1,1,151092.62119119157,0
4968,705,France,Female,56,10,105570.47407218443,2,1,1,107027.24671093527,0
4969,635,France,Female,50,6,0.0,2,0,0,125990.43637496798,0
4970,722,France,Female,39,2,0.0,2,1,0,164521.06192683103,0
4971,726,Spain,Male,46,2,166326.01721228927,2,1,0,199916.52565467963,1
4972,645,France,Female,27,0,115786.63661113424,1,1,1,96736.13740530737,0
4973,599,Germany,Male,32,7,105485.12218701692,1,1,1,187922.55416260267,0
4974,545,France,Female,33,0,97612.30464632923,1,0,1,103170.31767541624,0
4975,576,France,Female,62,10,78032.39713414085,1,1,0,158579.95297338773,0
4976,581,Germany,Male,31,1,30567.19915769425,1,1,0,118912.3785781783,1
4977,718,France,Female,31,10,0.0,2,1,0,177967.45279506152,1
4978,655,Spain,Male,29,6,87088.32368633561,1,1,0,95253.60830718427,0
4979,669,Spain,Female,45,0,141444.16150368238,2,0,0,142204.85024646242,0
4980,538,Spain,Female,41,3,195709.24217873195,2,1,0,98599.89165145572,1
4981,590,Germany,Female,50,8,0.0,3,0,1,172835.20625397147,0
4982,694,France,Male,46,7,236741.65740450204,1,1,0,198930.04903705273,0
4983,664,France,Female,26,10,208563.99122587897,2,1,1,56229.848465923256,0
4984,642,Spain,Male,31,7,0.0,2,0,1,100124.40300937851,0
4985,678,Germany,Female,53,2,0.0,2,1,1,25438.769154473546,0
4986,731,Germany,Female,37,4,0.0,2,1,1,36789.13443861993,0
4987,638,France,Male,51,3,153635.02907601252,2,1,0,186538.53462665866,1
4988,653,France,Female,38,10,41086.27042101209,1,1,0,113286.61753327883,0
4989,659,Spain,Female,30,7,0.0,1,0,1,85072.04327295175,0
4990,769,France,Male,36,10,154049.64582224112,1,0,0,137581.6805684351,0
4991,545,France,Male,30,6,131663.70481503633,2,0,1,116430.64478082127,0
4992,684,France,Male,34,6,0.0,1,0,0,64856.36736377289,0
4993,644,Spain,Female,42,9,116571.48228111849,1,1,0,53056.7561894378,1
4994,678,France,Male,45,9,135726.31897798867,2,1,1,122145.55250172997,0
4995,617,Spain,Male,24,6,105604.55315278152,1,0,0,45770.44713016691,0
4996,647,France,Female,39,0,0.0,2,1,0,36442.69914671534,0
4997,685,Spain,Male,34,6,0.0,2,1,1,70493.6368687416,0
4998,805,Germany,Male,33,3,0.0,1,1,0,173654.801997259,0
4999,690,France,Female,41,2,198646.0652918725,1,0,1,16995.69377533748,0
5000,607,Germany,Male,34,4,13309.04909069222,2,1,0,168320.58818831097,0
